2024-12-16 00:00:01,950 INFO 97785 [egg-logrotator] app logger reload: got log-reload message
2024-12-16 04:30:01,371 INFO 97785 [-/127.0.0.1/-/1ms SCHEDULE /__schedule?path=/Users/huangwei/Desktop/zero-element-boot/auto/node_modules/egg-multipart/app/schedule/clean_tmpdir.js&type=worker&cron=0%2030%204%20*%20*%20*&disable=false&immediate=false] [egg-multipart:CleanTmpdir] start clean tmpdir: "/var/folders/9v/3h6h0t4161v4mr_86dmw4byr0000gn/T/egg-multipart-tmp/mynode"
2024-12-16 04:30:01,375 INFO 97785 [-/127.0.0.1/-/4ms SCHEDULE /__schedule?path=/Users/huangwei/Desktop/zero-element-boot/auto/node_modules/egg-multipart/app/schedule/clean_tmpdir.js&type=worker&cron=0%2030%204%20*%20*%20*&disable=false&immediate=false] [egg-multipart:CleanTmpdir] end
2024-12-16 09:13:37,524 WARN 97785 [TCPBase] socket is closed by other side while there were still unhandled data in the socket buffer
2024-12-16 09:13:37,524 WARN 97785 [ClusterClient:Watcher] follower closed, and try to init it again
2024-12-16 09:17:40,952 INFO 34734 [egg:logger] init all loggers with options: {"dir":"/Users/huangwei/Desktop/zero-element-boot/auto/logs/mynode","encoding":"utf8","env":"local","level":"INFO","consoleLevel":"INFO","disableConsoleAfterReady":false,"outputJSON":false,"buffer":true,"appLogName":"mynode-web.log","coreLogName":"egg-web.log","agentLogName":"egg-agent.log","errorLogName":"common-error.log","coreLogger":{"consoleLevel":"WARN"},"allowDebugAtProd":false,"enablePerformanceTimer":false,"enableFastContextLogger":false,"type":"application","localStorage":{"enabled":false}}
2024-12-16 09:17:40,952 INFO 34734 [egg-multipart] stream mode enable
2024-12-16 09:17:41,063 INFO 34734 [egg-static] starting static serve /public/ -> /Users/huangwei/Desktop/zero-element-boot/auto/app/public
2024-12-16 09:17:41,065 INFO 34734 [egg-security] use methodnoallow middleware
2024-12-16 09:17:41,065 INFO 34734 [egg-security] use noopen middleware
2024-12-16 09:17:41,066 INFO 34734 [egg-security] use nosniff middleware
2024-12-16 09:17:41,066 INFO 34734 [egg-security] use xssProtection middleware
2024-12-16 09:17:41,067 INFO 34734 [egg-security] use xframe middleware
2024-12-16 09:17:41,067 INFO 34734 [egg-security] use dta middleware
2024-12-16 09:17:41,067 INFO 34734 [egg-security] compose 6 middlewares into one security middleware
2024-12-16 09:17:41,076 INFO 34734 [egg:core] dump config after load, 4ms
2024-12-16 09:17:41,090 INFO 34734 [egg-watcher:application] watcher start success
2024-12-16 09:17:41,095 INFO 34734 egg start timeline:
▇▇▇▇▇▇▇▇▇▇▇▇▇▇▇▇▇▇▇▇▇▇▇▇▇▇▇ [388ms] - #0 Process Start
                           ▇▇▇▇▇▇▇▇▇▇▇▇▇▇▇▇▇▇▇▇▇ [306ms] - #1 Application Start
                            ▇ [8ms] - #2 Load Plugin
                            ▇ [10ms] - #3 Load Config
                            ▇ [0ms] - #4 Require(0) config/config.default.js
                             ▇ [0ms] - #5 Require(1) node_modules/egg-session/config/config.default.js
                             ▇ [0ms] - #6 Require(2) node_modules/egg-security/config/config.default.js
                             ▇ [0ms] - #7 Require(3) node_modules/egg-jsonp/config/config.default.js
                             ▇ [1ms] - #8 Require(4) node_modules/egg-onerror/config/config.default.js
                             ▇ [0ms] - #9 Require(5) node_modules/egg-i18n/config/config.default.js
                             ▇ [1ms] - #10 Require(6) node_modules/egg-watcher/config/config.default.js
                             ▇ [0ms] - #11 Require(7) node_modules/egg-schedule/config/config.default.js
                             ▇ [0ms] - #12 Require(8) node_modules/egg-multipart/config/config.default.js
                             ▇ [0ms] - #13 Require(9) node_modules/egg-development/config/config.default.js
                             ▇ [0ms] - #14 Require(10) node_modules/egg-logrotator/config/config.default.js
                             ▇ [0ms] - #15 Require(11) node_modules/egg-static/config/config.default.js
                             ▇ [0ms] - #16 Require(12) node_modules/egg-view/config/config.default.js
                             ▇ [1ms] - #17 Require(13) /Users/huangwei/Desktop/zero-element-boot/node_modules/egg-jwt/config/config.default.js
                             ▇ [0ms] - #18 Require(14) node_modules/egg/config/config.default.js
                             ▇ [0ms] - #19 Require(15) config/config.default.js
                             ▇ [0ms] - #20 Require(16) node_modules/egg-security/config/config.local.js
                             ▇ [0ms] - #21 Require(17) node_modules/egg-watcher/config/config.local.js
                             ▇ [1ms] - #22 Require(18) node_modules/egg-view/config/config.local.js
                             ▇ [0ms] - #23 Require(19) node_modules/egg/config/config.local.js
                             ▇▇▇ [55ms] - #24 Load extend/application.js
                             ▇ [1ms] - #25 Require(20) node_modules/egg-session/app/extend/application.js
                             ▇ [1ms] - #26 Require(21) node_modules/egg-security/app/extend/application.js
                             ▇ [2ms] - #27 Require(22) node_modules/egg-jsonp/app/extend/application.js
                              ▇ [2ms] - #28 Require(23) node_modules/egg-schedule/app/extend/application.js
                              ▇ [1ms] - #29 Require(24) node_modules/egg-logrotator/app/extend/application.js
                              ▇ [2ms] - #30 Require(25) node_modules/egg-view/app/extend/application.js
                              ▇▇▇ [42ms] - #31 Require(26) /Users/huangwei/Desktop/zero-element-boot/node_modules/egg-jwt/app/extend/application.js
                                 ▇ [3ms] - #32 Load extend/request.js
                                 ▇ [1ms] - #33 Require(27) node_modules/egg/app/extend/request.js
                                 ▇ [5ms] - #34 Load extend/response.js
                                 ▇ [3ms] - #35 Require(28) node_modules/egg/app/extend/response.js
                                  ▇ [25ms] - #36 Load extend/context.js
                                  ▇ [7ms] - #37 Require(29) node_modules/egg-security/app/extend/context.js
                                  ▇ [1ms] - #38 Require(30) node_modules/egg-jsonp/app/extend/context.js
                                  ▇ [0ms] - #39 Require(31) node_modules/egg-i18n/app/extend/context.js
                                  ▇ [12ms] - #40 Require(32) node_modules/egg-multipart/app/extend/context.js
                                   ▇ [0ms] - #41 Require(33) node_modules/egg-view/app/extend/context.js
                                   ▇ [1ms] - #42 Require(34) node_modules/egg/app/extend/context.js
                                    ▇ [19ms] - #43 Load extend/helper.js
                                    ▇ [17ms] - #44 Require(35) node_modules/egg-security/app/extend/helper.js
                                     ▇ [0ms] - #45 Require(36) node_modules/egg/app/extend/helper.js
                                     ▇▇ [31ms] - #46 Load app.js
                                     ▇ [0ms] - #47 Require(37) node_modules/egg-session/app.js
                                     ▇ [1ms] - #48 Require(38) node_modules/egg-security/app.js
                                     ▇ [9ms] - #49 Require(39) node_modules/egg-onerror/app.js
                                      ▇ [10ms] - #50 Require(40) node_modules/egg-i18n/app.js
                                       ▇ [3ms] - #51 Require(41) node_modules/egg-watcher/app.js
                                       ▇ [1ms] - #52 Require(42) node_modules/egg-schedule/app.js
                                       ▇ [1ms] - #53 Require(43) node_modules/egg-multipart/app.js
                                       ▇ [1ms] - #54 Require(44) node_modules/egg-development/app.js
                                       ▇ [0ms] - #55 Require(45) node_modules/egg-logrotator/app.js
                                       ▇ [1ms] - #56 Require(46) node_modules/egg-static/app.js
                                       ▇ [0ms] - #57 Require(47) /Users/huangwei/Desktop/zero-element-boot/node_modules/egg-jwt/app.js
                                        ▇▇▇▇▇▇▇▇▇ [134ms] - #58 Before Start in node_modules/egg-watcher/lib/init.js:15:14
                                         ▇ [4ms] - #59 Load Service
                                         ▇ [4ms] - #60 Load "service" to Context
                                          ▇▇▇▇▇ [83ms] - #61 Load Middleware
                                          ▇▇▇▇▇ [75ms] - #62 Load "middlewares" to Application
                                                ▇ [1ms] - #63 Load Controller
                                                ▇ [1ms] - #64 Load "controller" to Application
                                                ▇ [2ms] - #65 Load Router
                                                ▇ [1ms] - #66 Require(48) app/router.js
                                                ▇ [7ms] - #67 Before Start in node_modules/egg-core/lib/egg.js:306:10
2024-12-16 09:17:41,095 INFO 34734 [egg:core] dump config after ready, 4ms
2024-12-16 09:20:51,861 INFO 35107 [egg:logger] init all loggers with options: {"dir":"/Users/huangwei/Desktop/zero-element-boot/auto/logs/mynode","encoding":"utf8","env":"local","level":"INFO","consoleLevel":"INFO","disableConsoleAfterReady":false,"outputJSON":false,"buffer":true,"appLogName":"mynode-web.log","coreLogName":"egg-web.log","agentLogName":"egg-agent.log","errorLogName":"common-error.log","coreLogger":{"consoleLevel":"WARN"},"allowDebugAtProd":false,"enablePerformanceTimer":false,"enableFastContextLogger":false,"type":"application","localStorage":{"enabled":false}}
2024-12-16 09:20:51,861 INFO 35107 [egg-multipart] stream mode enable
2024-12-16 09:20:51,990 INFO 35107 [egg-static] starting static serve /public/ -> /Users/huangwei/Desktop/zero-element-boot/auto/app/public
2024-12-16 09:20:51,992 INFO 35107 [egg-security] use methodnoallow middleware
2024-12-16 09:20:51,992 INFO 35107 [egg-security] use noopen middleware
2024-12-16 09:20:51,993 INFO 35107 [egg-security] use nosniff middleware
2024-12-16 09:20:51,994 INFO 35107 [egg-security] use xssProtection middleware
2024-12-16 09:20:51,994 INFO 35107 [egg-security] use xframe middleware
2024-12-16 09:20:51,995 INFO 35107 [egg-security] use dta middleware
2024-12-16 09:20:51,995 INFO 35107 [egg-security] compose 6 middlewares into one security middleware
2024-12-16 09:20:52,005 INFO 35107 [egg:core] dump config after load, 6ms
2024-12-16 09:20:52,015 INFO 35107 [egg-watcher:application] watcher start success
2024-12-16 09:20:52,020 INFO 35107 egg start timeline:
▇▇▇▇▇▇▇▇▇▇▇▇▇▇▇▇▇▇▇▇▇▇▇▇▇▇▇ [395ms] - #0 Process Start
                           ▇▇▇▇▇▇▇▇▇▇▇▇▇▇▇▇▇▇▇▇▇▇ [327ms] - #1 Application Start
                           ▇ [8ms] - #2 Load Plugin
                            ▇ [10ms] - #3 Load Config
                            ▇ [0ms] - #4 Require(0) config/config.default.js
                            ▇ [0ms] - #5 Require(1) node_modules/egg-session/config/config.default.js
                            ▇ [0ms] - #6 Require(2) node_modules/egg-security/config/config.default.js
                            ▇ [1ms] - #7 Require(3) node_modules/egg-jsonp/config/config.default.js
                            ▇ [0ms] - #8 Require(4) node_modules/egg-onerror/config/config.default.js
                            ▇ [0ms] - #9 Require(5) node_modules/egg-i18n/config/config.default.js
                            ▇ [0ms] - #10 Require(6) node_modules/egg-watcher/config/config.default.js
                            ▇ [0ms] - #11 Require(7) node_modules/egg-schedule/config/config.default.js
                            ▇ [1ms] - #12 Require(8) node_modules/egg-multipart/config/config.default.js
                            ▇ [0ms] - #13 Require(9) node_modules/egg-development/config/config.default.js
                            ▇ [0ms] - #14 Require(10) node_modules/egg-logrotator/config/config.default.js
                            ▇ [0ms] - #15 Require(11) node_modules/egg-static/config/config.default.js
                            ▇ [0ms] - #16 Require(12) node_modules/egg-view/config/config.default.js
                            ▇ [0ms] - #17 Require(13) /Users/huangwei/Desktop/zero-element-boot/node_modules/egg-jwt/config/config.default.js
                            ▇ [0ms] - #18 Require(14) node_modules/egg/config/config.default.js
                            ▇ [0ms] - #19 Require(15) config/config.default.js
                            ▇ [0ms] - #20 Require(16) node_modules/egg-security/config/config.local.js
                            ▇ [0ms] - #21 Require(17) node_modules/egg-watcher/config/config.local.js
                             ▇ [0ms] - #22 Require(18) node_modules/egg-view/config/config.local.js
                             ▇ [0ms] - #23 Require(19) node_modules/egg/config/config.local.js
                             ▇▇▇▇ [60ms] - #24 Load extend/application.js
                             ▇ [1ms] - #25 Require(20) node_modules/egg-session/app/extend/application.js
                             ▇ [1ms] - #26 Require(21) node_modules/egg-security/app/extend/application.js
                             ▇ [2ms] - #27 Require(22) node_modules/egg-jsonp/app/extend/application.js
                             ▇ [2ms] - #28 Require(23) node_modules/egg-schedule/app/extend/application.js
                             ▇ [0ms] - #29 Require(24) node_modules/egg-logrotator/app/extend/application.js
                             ▇ [1ms] - #30 Require(25) node_modules/egg-view/app/extend/application.js
                             ▇▇▇ [49ms] - #31 Require(26) /Users/huangwei/Desktop/zero-element-boot/node_modules/egg-jwt/app/extend/application.js
                                 ▇ [4ms] - #32 Load extend/request.js
                                 ▇ [2ms] - #33 Require(27) node_modules/egg/app/extend/request.js
                                 ▇ [5ms] - #34 Load extend/response.js
                                 ▇ [3ms] - #35 Require(28) node_modules/egg/app/extend/response.js
                                 ▇ [22ms] - #36 Load extend/context.js
                                 ▇ [7ms] - #37 Require(29) node_modules/egg-security/app/extend/context.js
                                  ▇ [1ms] - #38 Require(30) node_modules/egg-jsonp/app/extend/context.js
                                  ▇ [0ms] - #39 Require(31) node_modules/egg-i18n/app/extend/context.js
                                  ▇ [10ms] - #40 Require(32) node_modules/egg-multipart/app/extend/context.js
                                   ▇ [1ms] - #41 Require(33) node_modules/egg-view/app/extend/context.js
                                   ▇ [1ms] - #42 Require(34) node_modules/egg/app/extend/context.js
                                   ▇ [17ms] - #43 Load extend/helper.js
                                   ▇ [14ms] - #44 Require(35) node_modules/egg-security/app/extend/helper.js
                                    ▇ [1ms] - #45 Require(36) node_modules/egg/app/extend/helper.js
                                    ▇▇ [33ms] - #46 Load app.js
                                    ▇ [1ms] - #47 Require(37) node_modules/egg-session/app.js
                                    ▇ [1ms] - #48 Require(38) node_modules/egg-security/app.js
                                    ▇ [9ms] - #49 Require(39) node_modules/egg-onerror/app.js
                                     ▇ [9ms] - #50 Require(40) node_modules/egg-i18n/app.js
                                      ▇ [5ms] - #51 Require(41) node_modules/egg-watcher/app.js
                                      ▇ [1ms] - #52 Require(42) node_modules/egg-schedule/app.js
                                      ▇ [1ms] - #53 Require(43) node_modules/egg-multipart/app.js
                                      ▇ [0ms] - #54 Require(44) node_modules/egg-development/app.js
                                      ▇ [1ms] - #55 Require(45) node_modules/egg-logrotator/app.js
                                      ▇ [0ms] - #56 Require(46) node_modules/egg-static/app.js
                                      ▇ [0ms] - #57 Require(47) /Users/huangwei/Desktop/zero-element-boot/node_modules/egg-jwt/app.js
                                       ▇▇▇▇▇▇▇▇▇▇ [148ms] - #58 Before Start in node_modules/egg-watcher/lib/init.js:15:14
                                         ▇ [5ms] - #59 Load Service
                                         ▇ [5ms] - #60 Load "service" to Context
                                         ▇▇▇▇▇▇ [97ms] - #61 Load Middleware
                                         ▇▇▇▇▇▇ [89ms] - #62 Load "middlewares" to Application
                                                ▇ [2ms] - #63 Load Controller
                                                ▇ [2ms] - #64 Load "controller" to Application
                                                ▇ [1ms] - #65 Load Router
                                                ▇ [0ms] - #66 Require(48) app/router.js
                                                ▇ [9ms] - #67 Before Start in node_modules/egg-core/lib/egg.js:306:10
2024-12-16 09:20:52,020 INFO 35107 [egg:core] dump config after ready, 3ms
2024-12-16 09:21:13,150 INFO 35129 [egg:logger] init all loggers with options: {"dir":"/Users/huangwei/Desktop/zero-element-boot/auto/logs/mynode","encoding":"utf8","env":"local","level":"INFO","consoleLevel":"INFO","disableConsoleAfterReady":false,"outputJSON":false,"buffer":true,"appLogName":"mynode-web.log","coreLogName":"egg-web.log","agentLogName":"egg-agent.log","errorLogName":"common-error.log","coreLogger":{"consoleLevel":"WARN"},"allowDebugAtProd":false,"enablePerformanceTimer":false,"enableFastContextLogger":false,"type":"application","localStorage":{"enabled":false}}
2024-12-16 09:21:13,150 INFO 35129 [egg-multipart] stream mode enable
2024-12-16 09:21:13,233 INFO 35129 [egg-redis] server connecting redis://:***@127.0.0.1:6379/0
2024-12-16 09:21:13,323 INFO 35129 [egg-static] starting static serve /public/ -> /Users/huangwei/Desktop/zero-element-boot/auto/app/public
2024-12-16 09:21:13,325 INFO 35129 [egg-security] use methodnoallow middleware
2024-12-16 09:21:13,326 INFO 35129 [egg-security] use noopen middleware
2024-12-16 09:21:13,326 INFO 35129 [egg-security] use nosniff middleware
2024-12-16 09:21:13,327 INFO 35129 [egg-security] use xssProtection middleware
2024-12-16 09:21:13,328 INFO 35129 [egg-security] use xframe middleware
2024-12-16 09:21:13,328 INFO 35129 [egg-security] use dta middleware
2024-12-16 09:21:13,328 INFO 35129 [egg-security] compose 6 middlewares into one security middleware
2024-12-16 09:21:13,338 INFO 35129 [egg:core] dump config after load, 5ms
2024-12-16 09:21:13,352 ERROR 35129 [egg-redis] client error: Error: connect ECONNREFUSED 127.0.0.1:6379
    at TCPConnectWrap.afterConnect [as oncomplete] (node:net:1555:16) {
  errno: -61,
  code: 'ECONNREFUSED',
  syscall: 'connect',
  address: '127.0.0.1',
  port: 6379
}
2024-12-16 09:21:13,354 ERROR 35129 nodejs.ECONNREFUSEDError: connect ECONNREFUSED 127.0.0.1:6379
    at TCPConnectWrap.afterConnect [as oncomplete] (node:net:1555:16)
errno: -61
code: "ECONNREFUSED"
syscall: "connect"
address: "127.0.0.1"
port: 6379
pid: 35129
hostname: huangweideMacBook-Pro.local

2024-12-16 09:21:13,363 INFO 35129 egg start timeline:
▇▇▇▇▇▇▇▇▇▇▇▇▇▇▇▇▇▇▇▇▇▇▇▇▇▇▇ [529ms] - #0 Process Start
                           ▇▇▇▇▇▇▇▇▇▇▇▇▇▇▇▇▇▇▇▇▇ [412ms] - #1 Application Start
                            ▇ [14ms] - #2 Load Plugin
                             ▇ [23ms] - #3 Load Config
                             ▇ [1ms] - #4 Require(0) config/config.default.js
                             ▇ [1ms] - #5 Require(1) node_modules/egg-session/config/config.default.js
                             ▇ [1ms] - #6 Require(2) node_modules/egg-security/config/config.default.js
                             ▇ [1ms] - #7 Require(3) node_modules/egg-jsonp/config/config.default.js
                             ▇ [1ms] - #8 Require(4) node_modules/egg-onerror/config/config.default.js
                             ▇ [0ms] - #9 Require(5) node_modules/egg-i18n/config/config.default.js
                             ▇ [0ms] - #10 Require(6) node_modules/egg-watcher/config/config.default.js
                             ▇ [0ms] - #11 Require(7) node_modules/egg-schedule/config/config.default.js
                             ▇ [1ms] - #12 Require(8) node_modules/egg-multipart/config/config.default.js
                             ▇ [1ms] - #13 Require(9) node_modules/egg-development/config/config.default.js
                             ▇ [1ms] - #14 Require(10) node_modules/egg-logrotator/config/config.default.js
                             ▇ [1ms] - #15 Require(11) node_modules/egg-static/config/config.default.js
                              ▇ [1ms] - #16 Require(12) node_modules/egg-view/config/config.default.js
                              ▇ [1ms] - #17 Require(13) /Users/huangwei/Desktop/zero-element-boot/node_modules/egg-jwt/config/config.default.js
                              ▇ [1ms] - #18 Require(14) node_modules/egg-redis/config/config.default.js
                              ▇ [1ms] - #19 Require(15) node_modules/egg/config/config.default.js
                              ▇ [0ms] - #20 Require(16) config/config.default.js
                              ▇ [1ms] - #21 Require(17) node_modules/egg-security/config/config.local.js
                              ▇ [1ms] - #22 Require(18) node_modules/egg-watcher/config/config.local.js
                              ▇ [1ms] - #23 Require(19) node_modules/egg-view/config/config.local.js
                              ▇ [1ms] - #24 Require(20) node_modules/egg/config/config.local.js
                              ▇▇ [47ms] - #25 Load extend/application.js
                              ▇ [1ms] - #26 Require(21) node_modules/egg-session/app/extend/application.js
                              ▇ [1ms] - #27 Require(22) node_modules/egg-security/app/extend/application.js
                              ▇ [2ms] - #28 Require(23) node_modules/egg-jsonp/app/extend/application.js
                              ▇ [3ms] - #29 Require(24) node_modules/egg-schedule/app/extend/application.js
                               ▇ [1ms] - #30 Require(25) node_modules/egg-logrotator/app/extend/application.js
                               ▇ [2ms] - #31 Require(26) node_modules/egg-view/app/extend/application.js
                               ▇ [34ms] - #32 Require(27) /Users/huangwei/Desktop/zero-element-boot/node_modules/egg-jwt/app/extend/application.js
                                 ▇ [3ms] - #33 Load extend/request.js
                                 ▇ [1ms] - #34 Require(28) node_modules/egg/app/extend/request.js
                                 ▇ [5ms] - #35 Load extend/response.js
                                 ▇ [2ms] - #36 Require(29) node_modules/egg/app/extend/response.js
                                 ▇▇ [46ms] - #37 Load extend/context.js
                                 ▇ [15ms] - #38 Require(30) node_modules/egg-security/app/extend/context.js
                                  ▇ [3ms] - #39 Require(31) node_modules/egg-jsonp/app/extend/context.js
                                  ▇ [1ms] - #40 Require(32) node_modules/egg-i18n/app/extend/context.js
                                  ▇ [18ms] - #41 Require(33) node_modules/egg-multipart/app/extend/context.js
                                   ▇ [1ms] - #42 Require(34) node_modules/egg-view/app/extend/context.js
                                   ▇ [0ms] - #43 Require(35) node_modules/egg/app/extend/context.js
                                    ▇ [18ms] - #44 Load extend/helper.js
                                    ▇ [15ms] - #45 Require(36) node_modules/egg-security/app/extend/helper.js
                                    ▇ [0ms] - #46 Require(37) node_modules/egg/app/extend/helper.js
                                     ▇ [29ms] - #47 Load app.js
                                     ▇ [0ms] - #48 Require(38) node_modules/egg-session/app.js
                                     ▇ [2ms] - #49 Require(39) node_modules/egg-security/app.js
                                     ▇ [7ms] - #50 Require(40) node_modules/egg-onerror/app.js
                                     ▇ [7ms] - #51 Require(41) node_modules/egg-i18n/app.js
                                     ▇ [7ms] - #52 Require(42) node_modules/egg-watcher/app.js
                                      ▇ [1ms] - #53 Require(43) node_modules/egg-schedule/app.js
                                      ▇ [1ms] - #54 Require(44) node_modules/egg-multipart/app.js
                                      ▇ [0ms] - #55 Require(45) node_modules/egg-development/app.js
                                      ▇ [0ms] - #56 Require(46) node_modules/egg-logrotator/app.js
                                      ▇ [1ms] - #57 Require(47) node_modules/egg-static/app.js
                                      ▇ [0ms] - #58 Require(48) /Users/huangwei/Desktop/zero-element-boot/node_modules/egg-jwt/app.js
                                      ▇ [2ms] - #59 Require(49) node_modules/egg-redis/app.js
                                       ▇▇▇▇▇▇▇▇▇▇ [208ms NOT_END] - #60 Before Start in node_modules/egg-watcher/lib/init.js:15:14
                                           ▇▇▇▇▇▇ [120ms] - #61 Before Start in node_modules/egg-redis/lib/redis.js:58:7
                                           ▇ [4ms] - #62 Load Service
                                           ▇ [4ms] - #63 Load "service" to Context
                                           ▇▇▇▇ [90ms] - #64 Load Middleware
                                           ▇▇▇▇ [82ms] - #65 Load "middlewares" to Application
                                                ▇ [2ms] - #66 Load Controller
                                                ▇ [2ms] - #67 Load "controller" to Application
                                                ▇ [2ms] - #68 Load Router
                                                ▇ [0ms] - #69 Require(50) app/router.js
                                                ▇ [10ms] - #70 Before Start in node_modules/egg-core/lib/egg.js:306:10
2024-12-16 09:21:13,363 INFO 35129 [egg:core] dump config after ready, 6ms
2024-12-16 09:21:13,367 INFO 35129 [egg-watcher:application] watcher start success
2024-12-16 09:22:10,147 INFO 35187 [egg:logger] init all loggers with options: {"dir":"/Users/huangwei/Desktop/zero-element-boot/auto/logs/mynode","encoding":"utf8","env":"local","level":"INFO","consoleLevel":"INFO","disableConsoleAfterReady":false,"outputJSON":false,"buffer":true,"appLogName":"mynode-web.log","coreLogName":"egg-web.log","agentLogName":"egg-agent.log","errorLogName":"common-error.log","coreLogger":{"consoleLevel":"WARN"},"allowDebugAtProd":false,"enablePerformanceTimer":false,"enableFastContextLogger":false,"type":"application","localStorage":{"enabled":false}}
2024-12-16 09:22:10,148 INFO 35187 [egg-multipart] stream mode enable
2024-12-16 09:22:10,223 INFO 35187 [egg-redis] server connecting redis://:***@127.0.0.1:6379/0
2024-12-16 09:22:10,295 INFO 35187 [egg-static] starting static serve /public/ -> /Users/huangwei/Desktop/zero-element-boot/auto/app/public
2024-12-16 09:22:10,297 INFO 35187 [egg-security] use methodnoallow middleware
2024-12-16 09:22:10,297 INFO 35187 [egg-security] use noopen middleware
2024-12-16 09:22:10,298 INFO 35187 [egg-security] use nosniff middleware
2024-12-16 09:22:10,298 INFO 35187 [egg-security] use xssProtection middleware
2024-12-16 09:22:10,299 INFO 35187 [egg-security] use xframe middleware
2024-12-16 09:22:10,300 INFO 35187 [egg-security] use dta middleware
2024-12-16 09:22:10,300 INFO 35187 [egg-security] compose 6 middlewares into one security middleware
2024-12-16 09:22:10,309 INFO 35187 [egg:core] dump config after load, 4ms
2024-12-16 09:22:10,320 ERROR 35187 [egg-redis] client error: Error: connect ECONNREFUSED 127.0.0.1:6379
    at TCPConnectWrap.afterConnect [as oncomplete] (node:net:1555:16) {
  errno: -61,
  code: 'ECONNREFUSED',
  syscall: 'connect',
  address: '127.0.0.1',
  port: 6379
}
2024-12-16 09:22:10,320 ERROR 35187 nodejs.ECONNREFUSEDError: connect ECONNREFUSED 127.0.0.1:6379
    at TCPConnectWrap.afterConnect [as oncomplete] (node:net:1555:16)
errno: -61
code: "ECONNREFUSED"
syscall: "connect"
address: "127.0.0.1"
port: 6379
pid: 35187
hostname: huangweideMacBook-Pro.local

2024-12-16 09:22:10,328 INFO 35187 egg start timeline:
▇▇▇▇▇▇▇▇▇▇▇▇▇▇▇▇▇▇▇▇▇▇▇▇▇▇▇▇▇ [491ms] - #0 Process Start
                             ▇▇▇▇▇▇▇▇▇▇▇▇▇▇▇▇▇▇▇▇ [348ms] - #1 Application Start
                             ▇ [8ms] - #2 Load Plugin
                              ▇ [20ms] - #3 Load Config
                              ▇ [1ms] - #4 Require(0) config/config.default.js
                              ▇ [0ms] - #5 Require(1) node_modules/egg-session/config/config.default.js
                              ▇ [1ms] - #6 Require(2) node_modules/egg-security/config/config.default.js
                              ▇ [0ms] - #7 Require(3) node_modules/egg-jsonp/config/config.default.js
                              ▇ [1ms] - #8 Require(4) node_modules/egg-onerror/config/config.default.js
                              ▇ [1ms] - #9 Require(5) node_modules/egg-i18n/config/config.default.js
                              ▇ [1ms] - #10 Require(6) node_modules/egg-watcher/config/config.default.js
                              ▇ [1ms] - #11 Require(7) node_modules/egg-schedule/config/config.default.js
                              ▇ [1ms] - #12 Require(8) node_modules/egg-multipart/config/config.default.js
                              ▇ [0ms] - #13 Require(9) node_modules/egg-development/config/config.default.js
                               ▇ [0ms] - #14 Require(10) node_modules/egg-logrotator/config/config.default.js
                               ▇ [0ms] - #15 Require(11) node_modules/egg-static/config/config.default.js
                               ▇ [0ms] - #16 Require(12) node_modules/egg-view/config/config.default.js
                               ▇ [1ms] - #17 Require(13) /Users/huangwei/Desktop/zero-element-boot/node_modules/egg-jwt/config/config.default.js
                               ▇ [0ms] - #18 Require(14) node_modules/egg-redis/config/config.default.js
                               ▇ [1ms] - #19 Require(15) node_modules/egg/config/config.default.js
                               ▇ [0ms] - #20 Require(16) config/config.default.js
                               ▇ [1ms] - #21 Require(17) node_modules/egg-security/config/config.local.js
                               ▇ [1ms] - #22 Require(18) node_modules/egg-watcher/config/config.local.js
                               ▇ [1ms] - #23 Require(19) node_modules/egg-view/config/config.local.js
                               ▇ [0ms] - #24 Require(20) node_modules/egg/config/config.local.js
                               ▇▇ [42ms] - #25 Load extend/application.js
                               ▇ [0ms] - #26 Require(21) node_modules/egg-session/app/extend/application.js
                               ▇ [1ms] - #27 Require(22) node_modules/egg-security/app/extend/application.js
                               ▇ [2ms] - #28 Require(23) node_modules/egg-jsonp/app/extend/application.js
                               ▇ [2ms] - #29 Require(24) node_modules/egg-schedule/app/extend/application.js
                                ▇ [1ms] - #30 Require(25) node_modules/egg-logrotator/app/extend/application.js
                                ▇ [1ms] - #31 Require(26) node_modules/egg-view/app/extend/application.js
                                ▇ [32ms] - #32 Require(27) /Users/huangwei/Desktop/zero-element-boot/node_modules/egg-jwt/app/extend/application.js
                                  ▇ [4ms] - #33 Load extend/request.js
                                  ▇ [1ms] - #34 Require(28) node_modules/egg/app/extend/request.js
                                  ▇ [4ms] - #35 Load extend/response.js
                                  ▇ [2ms] - #36 Require(29) node_modules/egg/app/extend/response.js
                                  ▇▇ [35ms] - #37 Load extend/context.js
                                  ▇ [12ms] - #38 Require(30) node_modules/egg-security/app/extend/context.js
                                   ▇ [2ms] - #39 Require(31) node_modules/egg-jsonp/app/extend/context.js
                                   ▇ [1ms] - #40 Require(32) node_modules/egg-i18n/app/extend/context.js
                                   ▇ [15ms] - #41 Require(33) node_modules/egg-multipart/app/extend/context.js
                                    ▇ [2ms] - #42 Require(34) node_modules/egg-view/app/extend/context.js
                                    ▇ [1ms] - #43 Require(35) node_modules/egg/app/extend/context.js
                                    ▇ [18ms] - #44 Load extend/helper.js
                                    ▇ [14ms] - #45 Require(36) node_modules/egg-security/app/extend/helper.js
                                     ▇ [1ms] - #46 Require(37) node_modules/egg/app/extend/helper.js
                                     ▇ [25ms] - #47 Load app.js
                                     ▇ [0ms] - #48 Require(38) node_modules/egg-session/app.js
                                     ▇ [0ms] - #49 Require(39) node_modules/egg-security/app.js
                                     ▇ [6ms] - #50 Require(40) node_modules/egg-onerror/app.js
                                      ▇ [7ms] - #51 Require(41) node_modules/egg-i18n/app.js
                                      ▇ [4ms] - #52 Require(42) node_modules/egg-watcher/app.js
                                      ▇ [1ms] - #53 Require(43) node_modules/egg-schedule/app.js
                                      ▇ [2ms] - #54 Require(44) node_modules/egg-multipart/app.js
                                       ▇ [0ms] - #55 Require(45) node_modules/egg-development/app.js
                                       ▇ [1ms] - #56 Require(46) node_modules/egg-logrotator/app.js
                                       ▇ [0ms] - #57 Require(47) node_modules/egg-static/app.js
                                       ▇ [0ms] - #58 Require(48) /Users/huangwei/Desktop/zero-element-boot/node_modules/egg-jwt/app.js
                                       ▇ [1ms] - #59 Require(49) node_modules/egg-redis/app.js
                                       ▇▇▇▇▇▇▇▇▇▇ [175ms NOT_END] - #60 Before Start in node_modules/egg-watcher/lib/init.js:15:14
                                           ▇▇▇▇▇ [96ms] - #61 Before Start in node_modules/egg-redis/lib/redis.js:58:7
                                           ▇ [5ms] - #62 Load Service
                                           ▇ [4ms] - #63 Load "service" to Context
                                            ▇▇▇▇ [72ms] - #64 Load Middleware
                                            ▇▇▇ [64ms] - #65 Load "middlewares" to Application
                                                ▇ [2ms] - #66 Load Controller
                                                ▇ [2ms] - #67 Load "controller" to Application
                                                ▇ [2ms] - #68 Load Router
                                                ▇ [0ms] - #69 Require(50) app/router.js
                                                ▇ [9ms] - #70 Before Start in node_modules/egg-core/lib/egg.js:306:10
2024-12-16 09:22:10,328 INFO 35187 [egg:core] dump config after ready, 5ms
2024-12-16 09:22:10,332 INFO 35187 [egg-watcher:application] watcher start success
2024-12-16 09:22:22,833 INFO 35214 [egg:logger] init all loggers with options: {"dir":"/Users/huangwei/Desktop/zero-element-boot/auto/logs/mynode","encoding":"utf8","env":"local","level":"INFO","consoleLevel":"INFO","disableConsoleAfterReady":false,"outputJSON":false,"buffer":true,"appLogName":"mynode-web.log","coreLogName":"egg-web.log","agentLogName":"egg-agent.log","errorLogName":"common-error.log","coreLogger":{"consoleLevel":"WARN"},"allowDebugAtProd":false,"enablePerformanceTimer":false,"enableFastContextLogger":false,"type":"application","localStorage":{"enabled":false}}
2024-12-16 09:22:22,833 INFO 35214 [egg-multipart] stream mode enable
2024-12-16 09:22:22,887 INFO 35214 [egg-redis] server connecting redis://:***@127.0.0.1:6379/0
2024-12-16 09:22:22,953 INFO 35214 [egg-static] starting static serve /public/ -> /Users/huangwei/Desktop/zero-element-boot/auto/app/public
2024-12-16 09:22:22,955 INFO 35214 [egg-security] use methodnoallow middleware
2024-12-16 09:22:22,955 INFO 35214 [egg-security] use noopen middleware
2024-12-16 09:22:22,956 INFO 35214 [egg-security] use nosniff middleware
2024-12-16 09:22:22,956 INFO 35214 [egg-security] use xssProtection middleware
2024-12-16 09:22:22,957 INFO 35214 [egg-security] use xframe middleware
2024-12-16 09:22:22,957 INFO 35214 [egg-security] use dta middleware
2024-12-16 09:22:22,957 INFO 35214 [egg-security] compose 6 middlewares into one security middleware
2024-12-16 09:22:22,967 INFO 35214 [egg:core] dump config after load, 5ms
2024-12-16 09:22:22,977 ERROR 35214 [egg-redis] client error: Error: connect ECONNREFUSED 127.0.0.1:6379
    at TCPConnectWrap.afterConnect [as oncomplete] (node:net:1555:16) {
  errno: -61,
  code: 'ECONNREFUSED',
  syscall: 'connect',
  address: '127.0.0.1',
  port: 6379
}
2024-12-16 09:22:22,978 ERROR 35214 nodejs.ECONNREFUSEDError: connect ECONNREFUSED 127.0.0.1:6379
    at TCPConnectWrap.afterConnect [as oncomplete] (node:net:1555:16)
errno: -61
code: "ECONNREFUSED"
syscall: "connect"
address: "127.0.0.1"
port: 6379
pid: 35214
hostname: huangweideMacBook-Pro.local

2024-12-16 09:22:22,986 INFO 35214 egg start timeline:
▇▇▇▇▇▇▇▇▇▇▇▇▇▇▇▇▇▇▇▇▇▇▇▇▇▇▇▇▇▇▇ [436ms] - #0 Process Start
                               ▇▇▇▇▇▇▇▇▇▇▇▇▇▇▇▇▇▇ [252ms] - #1 Application Start
                                ▇ [7ms] - #2 Load Plugin
                                ▇ [12ms] - #3 Load Config
                                ▇ [0ms] - #4 Require(0) config/config.default.js
                                ▇ [0ms] - #5 Require(1) node_modules/egg-session/config/config.default.js
                                ▇ [0ms] - #6 Require(2) node_modules/egg-security/config/config.default.js
                                ▇ [0ms] - #7 Require(3) node_modules/egg-jsonp/config/config.default.js
                                ▇ [0ms] - #8 Require(4) node_modules/egg-onerror/config/config.default.js
                                ▇ [0ms] - #9 Require(5) node_modules/egg-i18n/config/config.default.js
                                ▇ [0ms] - #10 Require(6) node_modules/egg-watcher/config/config.default.js
                                ▇ [0ms] - #11 Require(7) node_modules/egg-schedule/config/config.default.js
                                ▇ [0ms] - #12 Require(8) node_modules/egg-multipart/config/config.default.js
                                 ▇ [0ms] - #13 Require(9) node_modules/egg-development/config/config.default.js
                                 ▇ [0ms] - #14 Require(10) node_modules/egg-logrotator/config/config.default.js
                                 ▇ [0ms] - #15 Require(11) node_modules/egg-static/config/config.default.js
                                 ▇ [0ms] - #16 Require(12) node_modules/egg-view/config/config.default.js
                                 ▇ [1ms] - #17 Require(13) /Users/huangwei/Desktop/zero-element-boot/node_modules/egg-jwt/config/config.default.js
                                 ▇ [0ms] - #18 Require(14) node_modules/egg-redis/config/config.default.js
                                 ▇ [0ms] - #19 Require(15) node_modules/egg/config/config.default.js
                                 ▇ [0ms] - #20 Require(16) config/config.default.js
                                 ▇ [0ms] - #21 Require(17) node_modules/egg-security/config/config.local.js
                                 ▇ [0ms] - #22 Require(18) node_modules/egg-watcher/config/config.local.js
                                 ▇ [0ms] - #23 Require(19) node_modules/egg-view/config/config.local.js
                                 ▇ [0ms] - #24 Require(20) node_modules/egg/config/config.local.js
                                 ▇▇ [28ms] - #25 Load extend/application.js
                                 ▇ [0ms] - #26 Require(21) node_modules/egg-session/app/extend/application.js
                                 ▇ [1ms] - #27 Require(22) node_modules/egg-security/app/extend/application.js
                                 ▇ [1ms] - #28 Require(23) node_modules/egg-jsonp/app/extend/application.js
                                 ▇ [2ms] - #29 Require(24) node_modules/egg-schedule/app/extend/application.js
                                 ▇ [1ms] - #30 Require(25) node_modules/egg-logrotator/app/extend/application.js
                                 ▇ [0ms] - #31 Require(26) node_modules/egg-view/app/extend/application.js
                                 ▇ [19ms] - #32 Require(27) /Users/huangwei/Desktop/zero-element-boot/node_modules/egg-jwt/app/extend/application.js
                                   ▇ [2ms] - #33 Load extend/request.js
                                   ▇ [0ms] - #34 Require(28) node_modules/egg/app/extend/request.js
                                   ▇ [3ms] - #35 Load extend/response.js
                                   ▇ [1ms] - #36 Require(29) node_modules/egg/app/extend/response.js
                                   ▇ [17ms] - #37 Load extend/context.js
                                   ▇ [5ms] - #38 Require(30) node_modules/egg-security/app/extend/context.js
                                    ▇ [1ms] - #39 Require(31) node_modules/egg-jsonp/app/extend/context.js
                                    ▇ [1ms] - #40 Require(32) node_modules/egg-i18n/app/extend/context.js
                                    ▇ [7ms] - #41 Require(33) node_modules/egg-multipart/app/extend/context.js
                                    ▇ [1ms] - #42 Require(34) node_modules/egg-view/app/extend/context.js
                                     ▇ [1ms] - #43 Require(35) node_modules/egg/app/extend/context.js
                                     ▇ [9ms] - #44 Load extend/helper.js
                                     ▇ [7ms] - #45 Require(36) node_modules/egg-security/app/extend/helper.js
                                     ▇ [1ms] - #46 Require(37) node_modules/egg/app/extend/helper.js
                                     ▇ [15ms] - #47 Load app.js
                                     ▇ [0ms] - #48 Require(38) node_modules/egg-session/app.js
                                     ▇ [1ms] - #49 Require(39) node_modules/egg-security/app.js
                                     ▇ [4ms] - #50 Require(40) node_modules/egg-onerror/app.js
                                      ▇ [4ms] - #51 Require(41) node_modules/egg-i18n/app.js
                                      ▇ [3ms] - #52 Require(42) node_modules/egg-watcher/app.js
                                      ▇ [0ms] - #53 Require(43) node_modules/egg-schedule/app.js
                                      ▇ [1ms] - #54 Require(44) node_modules/egg-multipart/app.js
                                      ▇ [0ms] - #55 Require(45) node_modules/egg-development/app.js
                                      ▇ [0ms] - #56 Require(46) node_modules/egg-logrotator/app.js
                                      ▇ [0ms] - #57 Require(47) node_modules/egg-static/app.js
                                      ▇ [0ms] - #58 Require(48) /Users/huangwei/Desktop/zero-element-boot/node_modules/egg-jwt/app.js
                                      ▇ [0ms] - #59 Require(49) node_modules/egg-redis/app.js
                                       ▇▇▇▇▇▇▇▇▇▇ [148ms NOT_END] - #60 Before Start in node_modules/egg-watcher/lib/init.js:15:14
                                           ▇▇▇▇▇▇ [89ms] - #61 Before Start in node_modules/egg-redis/lib/redis.js:58:7
                                           ▇ [4ms] - #62 Load Service
                                           ▇ [4ms] - #63 Load "service" to Context
                                           ▇▇▇▇ [65ms] - #64 Load Middleware
                                           ▇▇▇▇ [58ms] - #65 Load "middlewares" to Application
                                                ▇ [2ms] - #66 Load Controller
                                                ▇ [2ms] - #67 Load "controller" to Application
                                                ▇ [2ms] - #68 Load Router
                                                ▇ [0ms] - #69 Require(50) app/router.js
                                                ▇ [9ms] - #70 Before Start in node_modules/egg-core/lib/egg.js:306:10
2024-12-16 09:22:22,986 INFO 35214 [egg:core] dump config after ready, 6ms
2024-12-16 09:22:22,989 INFO 35214 [egg-watcher:application] watcher start success
2024-12-16 09:22:33,855 INFO 35249 [egg:logger] init all loggers with options: {"dir":"/Users/huangwei/Desktop/zero-element-boot/auto/logs/mynode","encoding":"utf8","env":"local","level":"INFO","consoleLevel":"INFO","disableConsoleAfterReady":false,"outputJSON":false,"buffer":true,"appLogName":"mynode-web.log","coreLogName":"egg-web.log","agentLogName":"egg-agent.log","errorLogName":"common-error.log","coreLogger":{"consoleLevel":"WARN"},"allowDebugAtProd":false,"enablePerformanceTimer":false,"enableFastContextLogger":false,"type":"application","localStorage":{"enabled":false}}
2024-12-16 09:22:33,855 INFO 35249 [egg-multipart] stream mode enable
2024-12-16 09:22:33,926 INFO 35249 [egg-redis] server connecting redis://:***@127.0.0.1:6379/0
2024-12-16 09:22:34,017 INFO 35249 [egg-static] starting static serve /public/ -> /Users/huangwei/Desktop/zero-element-boot/auto/app/public
2024-12-16 09:22:34,019 INFO 35249 [egg-security] use methodnoallow middleware
2024-12-16 09:22:34,020 INFO 35249 [egg-security] use noopen middleware
2024-12-16 09:22:34,021 INFO 35249 [egg-security] use nosniff middleware
2024-12-16 09:22:34,021 INFO 35249 [egg-security] use xssProtection middleware
2024-12-16 09:22:34,022 INFO 35249 [egg-security] use xframe middleware
2024-12-16 09:22:34,022 INFO 35249 [egg-security] use dta middleware
2024-12-16 09:22:34,023 INFO 35249 [egg-security] compose 6 middlewares into one security middleware
2024-12-16 09:22:34,034 INFO 35249 [egg:core] dump config after load, 5ms
2024-12-16 09:22:34,044 ERROR 35249 [egg-redis] client error: Error: connect ECONNREFUSED 127.0.0.1:6379
    at TCPConnectWrap.afterConnect [as oncomplete] (node:net:1555:16) {
  errno: -61,
  code: 'ECONNREFUSED',
  syscall: 'connect',
  address: '127.0.0.1',
  port: 6379
}
2024-12-16 09:22:34,044 ERROR 35249 nodejs.ECONNREFUSEDError: connect ECONNREFUSED 127.0.0.1:6379
    at TCPConnectWrap.afterConnect [as oncomplete] (node:net:1555:16)
errno: -61
code: "ECONNREFUSED"
syscall: "connect"
address: "127.0.0.1"
port: 6379
pid: 35249
hostname: huangweideMacBook-Pro.local

2024-12-16 09:22:34,051 INFO 35249 egg start timeline:
▇▇▇▇▇▇▇▇▇▇▇▇▇▇▇▇▇▇▇▇▇▇▇▇▇▇▇▇▇▇▇▇▇ [767ms] - #0 Process Start
                                 ▇▇▇▇▇▇▇▇▇▇▇▇▇▇▇ [363ms] - #1 Application Start
                                  ▇ [14ms] - #2 Load Plugin
                                  ▇ [20ms] - #3 Load Config
                                  ▇ [1ms] - #4 Require(0) config/config.default.js
                                   ▇ [0ms] - #5 Require(1) node_modules/egg-session/config/config.default.js
                                   ▇ [0ms] - #6 Require(2) node_modules/egg-security/config/config.default.js
                                   ▇ [1ms] - #7 Require(3) node_modules/egg-jsonp/config/config.default.js
                                   ▇ [1ms] - #8 Require(4) node_modules/egg-onerror/config/config.default.js
                                   ▇ [0ms] - #9 Require(5) node_modules/egg-i18n/config/config.default.js
                                   ▇ [0ms] - #10 Require(6) node_modules/egg-watcher/config/config.default.js
                                   ▇ [1ms] - #11 Require(7) node_modules/egg-schedule/config/config.default.js
                                   ▇ [1ms] - #12 Require(8) node_modules/egg-multipart/config/config.default.js
                                   ▇ [0ms] - #13 Require(9) node_modules/egg-development/config/config.default.js
                                   ▇ [0ms] - #14 Require(10) node_modules/egg-logrotator/config/config.default.js
                                   ▇ [1ms] - #15 Require(11) node_modules/egg-static/config/config.default.js
                                   ▇ [1ms] - #16 Require(12) node_modules/egg-view/config/config.default.js
                                   ▇ [1ms] - #17 Require(13) /Users/huangwei/Desktop/zero-element-boot/node_modules/egg-jwt/config/config.default.js
                                   ▇ [0ms] - #18 Require(14) node_modules/egg-redis/config/config.default.js
                                   ▇ [0ms] - #19 Require(15) node_modules/egg/config/config.default.js
                                   ▇ [0ms] - #20 Require(16) config/config.default.js
                                   ▇ [1ms] - #21 Require(17) node_modules/egg-security/config/config.local.js
                                   ▇ [1ms] - #22 Require(18) node_modules/egg-watcher/config/config.local.js
                                   ▇ [1ms] - #23 Require(19) node_modules/egg-view/config/config.local.js
                                   ▇ [1ms] - #24 Require(20) node_modules/egg/config/config.local.js
                                   ▇▇ [47ms] - #25 Load extend/application.js
                                   ▇ [1ms] - #26 Require(21) node_modules/egg-session/app/extend/application.js
                                   ▇ [1ms] - #27 Require(22) node_modules/egg-security/app/extend/application.js
                                   ▇ [2ms] - #28 Require(23) node_modules/egg-jsonp/app/extend/application.js
                                    ▇ [3ms] - #29 Require(24) node_modules/egg-schedule/app/extend/application.js
                                    ▇ [1ms] - #30 Require(25) node_modules/egg-logrotator/app/extend/application.js
                                    ▇ [1ms] - #31 Require(26) node_modules/egg-view/app/extend/application.js
                                    ▇ [36ms] - #32 Require(27) /Users/huangwei/Desktop/zero-element-boot/node_modules/egg-jwt/app/extend/application.js
                                     ▇ [3ms] - #33 Load extend/request.js
                                      ▇ [1ms] - #34 Require(28) node_modules/egg/app/extend/request.js
                                      ▇ [3ms] - #35 Load extend/response.js
                                      ▇ [1ms] - #36 Require(29) node_modules/egg/app/extend/response.js
                                      ▇ [31ms] - #37 Load extend/context.js
                                      ▇ [9ms] - #38 Require(30) node_modules/egg-security/app/extend/context.js
                                      ▇ [2ms] - #39 Require(31) node_modules/egg-jsonp/app/extend/context.js
                                      ▇ [0ms] - #40 Require(32) node_modules/egg-i18n/app/extend/context.js
                                      ▇ [15ms] - #41 Require(33) node_modules/egg-multipart/app/extend/context.js
                                       ▇ [1ms] - #42 Require(34) node_modules/egg-view/app/extend/context.js
                                       ▇ [1ms] - #43 Require(35) node_modules/egg/app/extend/context.js
                                       ▇ [13ms] - #44 Load extend/helper.js
                                       ▇ [11ms] - #45 Require(36) node_modules/egg-security/app/extend/helper.js
                                        ▇ [1ms] - #46 Require(37) node_modules/egg/app/extend/helper.js
                                        ▇ [24ms] - #47 Load app.js
                                        ▇ [0ms] - #48 Require(38) node_modules/egg-session/app.js
                                        ▇ [1ms] - #49 Require(39) node_modules/egg-security/app.js
                                        ▇ [6ms] - #50 Require(40) node_modules/egg-onerror/app.js
                                        ▇ [6ms] - #51 Require(41) node_modules/egg-i18n/app.js
                                        ▇ [5ms] - #52 Require(42) node_modules/egg-watcher/app.js
                                         ▇ [1ms] - #53 Require(43) node_modules/egg-schedule/app.js
                                         ▇ [1ms] - #54 Require(44) node_modules/egg-multipart/app.js
                                         ▇ [1ms] - #55 Require(45) node_modules/egg-development/app.js
                                         ▇ [0ms] - #56 Require(46) node_modules/egg-logrotator/app.js
                                         ▇ [0ms] - #57 Require(47) node_modules/egg-static/app.js
                                         ▇ [0ms] - #58 Require(48) /Users/huangwei/Desktop/zero-element-boot/node_modules/egg-jwt/app.js
                                         ▇ [1ms] - #59 Require(49) node_modules/egg-redis/app.js
                                         ▇▇▇▇▇▇▇▇ [192ms NOT_END] - #60 Before Start in node_modules/egg-watcher/lib/init.js:15:14
                                            ▇▇▇▇▇ [117ms] - #61 Before Start in node_modules/egg-redis/lib/redis.js:58:7
                                            ▇ [4ms] - #62 Load Service
                                            ▇ [4ms] - #63 Load "service" to Context
                                            ▇▇▇▇ [92ms] - #64 Load Middleware
                                            ▇▇▇ [84ms] - #65 Load "middlewares" to Application
                                                ▇ [3ms] - #66 Load Controller
                                                ▇ [3ms] - #67 Load "controller" to Application
                                                ▇ [2ms] - #68 Load Router
                                                ▇ [0ms] - #69 Require(50) app/router.js
                                                ▇ [10ms] - #70 Before Start in node_modules/egg-core/lib/egg.js:306:10
2024-12-16 09:22:34,052 INFO 35249 [egg:core] dump config after ready, 4ms
2024-12-16 09:22:34,057 INFO 35249 [egg-watcher:application] watcher start success
2024-12-16 09:24:15,844 INFO 35324 [egg:logger] init all loggers with options: {"dir":"/Users/huangwei/Desktop/zero-element-boot/auto/logs/mynode","encoding":"utf8","env":"local","level":"INFO","consoleLevel":"INFO","disableConsoleAfterReady":false,"outputJSON":false,"buffer":true,"appLogName":"mynode-web.log","coreLogName":"egg-web.log","agentLogName":"egg-agent.log","errorLogName":"common-error.log","coreLogger":{"consoleLevel":"WARN"},"allowDebugAtProd":false,"enablePerformanceTimer":false,"enableFastContextLogger":false,"type":"application","localStorage":{"enabled":false}}
2024-12-16 09:24:15,844 INFO 35324 [egg-multipart] stream mode enable
2024-12-16 09:24:15,944 INFO 35324 [egg-redis] server connecting redis://:***@202.63.172.43:6379/0
2024-12-16 09:24:16,019 INFO 35324 [egg-static] starting static serve /public/ -> /Users/huangwei/Desktop/zero-element-boot/auto/app/public
2024-12-16 09:24:16,021 INFO 35324 [egg-security] use methodnoallow middleware
2024-12-16 09:24:16,021 INFO 35324 [egg-security] use noopen middleware
2024-12-16 09:24:16,022 INFO 35324 [egg-security] use nosniff middleware
2024-12-16 09:24:16,022 INFO 35324 [egg-security] use xssProtection middleware
2024-12-16 09:24:16,023 INFO 35324 [egg-security] use xframe middleware
2024-12-16 09:24:16,023 INFO 35324 [egg-security] use dta middleware
2024-12-16 09:24:16,023 INFO 35324 [egg-security] compose 6 middlewares into one security middleware
2024-12-16 09:24:16,033 INFO 35324 [egg:core] dump config after load, 4ms
2024-12-16 09:24:16,043 INFO 35324 [egg-watcher:application] watcher start success
2024-12-16 09:24:16,089 INFO 35324 [egg-redis] client connect success
2024-12-16 09:24:16,141 INFO 35324 [egg-redis] instance[0] status OK, client ready
2024-12-16 09:24:16,149 INFO 35324 egg start timeline:
▇▇▇▇▇▇▇▇▇▇▇▇▇▇▇▇▇▇▇▇▇▇▇▇▇▇▇▇▇ [714ms] - #0 Process Start
                             ▇▇▇▇▇▇▇▇▇▇▇▇▇▇▇▇▇▇▇▇ [496ms] - #1 Application Start
                             ▇ [13ms] - #2 Load Plugin
                              ▇ [22ms] - #3 Load Config
                              ▇ [0ms] - #4 Require(0) config/config.default.js
                              ▇ [0ms] - #5 Require(1) node_modules/egg-session/config/config.default.js
                              ▇ [1ms] - #6 Require(2) node_modules/egg-security/config/config.default.js
                              ▇ [1ms] - #7 Require(3) node_modules/egg-jsonp/config/config.default.js
                              ▇ [0ms] - #8 Require(4) node_modules/egg-onerror/config/config.default.js
                              ▇ [0ms] - #9 Require(5) node_modules/egg-i18n/config/config.default.js
                              ▇ [0ms] - #10 Require(6) node_modules/egg-watcher/config/config.default.js
                              ▇ [1ms] - #11 Require(7) node_modules/egg-schedule/config/config.default.js
                              ▇ [1ms] - #12 Require(8) node_modules/egg-multipart/config/config.default.js
                              ▇ [0ms] - #13 Require(9) node_modules/egg-development/config/config.default.js
                              ▇ [0ms] - #14 Require(10) node_modules/egg-logrotator/config/config.default.js
                              ▇ [0ms] - #15 Require(11) node_modules/egg-static/config/config.default.js
                              ▇ [0ms] - #16 Require(12) node_modules/egg-view/config/config.default.js
                              ▇ [1ms] - #17 Require(13) /Users/huangwei/Desktop/zero-element-boot/node_modules/egg-jwt/config/config.default.js
                               ▇ [0ms] - #18 Require(14) node_modules/egg-redis/config/config.default.js
                               ▇ [1ms] - #19 Require(15) node_modules/egg/config/config.default.js
                               ▇ [0ms] - #20 Require(16) config/config.default.js
                               ▇ [0ms] - #21 Require(17) node_modules/egg-security/config/config.local.js
                               ▇ [0ms] - #22 Require(18) node_modules/egg-watcher/config/config.local.js
                               ▇ [1ms] - #23 Require(19) node_modules/egg-view/config/config.local.js
                               ▇ [1ms] - #24 Require(20) node_modules/egg/config/config.local.js
                               ▇▇ [50ms] - #25 Load extend/application.js
                               ▇ [1ms] - #26 Require(21) node_modules/egg-session/app/extend/application.js
                               ▇ [2ms] - #27 Require(22) node_modules/egg-security/app/extend/application.js
                               ▇ [2ms] - #28 Require(23) node_modules/egg-jsonp/app/extend/application.js
                               ▇ [3ms] - #29 Require(24) node_modules/egg-schedule/app/extend/application.js
                               ▇ [2ms] - #30 Require(25) node_modules/egg-logrotator/app/extend/application.js
                               ▇ [1ms] - #31 Require(26) node_modules/egg-view/app/extend/application.js
                               ▇ [38ms] - #32 Require(27) /Users/huangwei/Desktop/zero-element-boot/node_modules/egg-jwt/app/extend/application.js
                                 ▇ [3ms] - #33 Load extend/request.js
                                 ▇ [1ms] - #34 Require(28) node_modules/egg/app/extend/request.js
                                 ▇ [5ms] - #35 Load extend/response.js
                                 ▇ [2ms] - #36 Require(29) node_modules/egg/app/extend/response.js
                                 ▇ [40ms] - #37 Load extend/context.js
                                 ▇ [14ms] - #38 Require(30) node_modules/egg-security/app/extend/context.js
                                  ▇ [5ms] - #39 Require(31) node_modules/egg-jsonp/app/extend/context.js
                                  ▇ [1ms] - #40 Require(32) node_modules/egg-i18n/app/extend/context.js
                                  ▇ [16ms] - #41 Require(33) node_modules/egg-multipart/app/extend/context.js
                                   ▇ [1ms] - #42 Require(34) node_modules/egg-view/app/extend/context.js
                                   ▇ [1ms] - #43 Require(35) node_modules/egg/app/extend/context.js
                                   ▇ [16ms] - #44 Load extend/helper.js
                                   ▇ [14ms] - #45 Require(36) node_modules/egg-security/app/extend/helper.js
                                    ▇ [1ms] - #46 Require(37) node_modules/egg/app/extend/helper.js
                                    ▇ [31ms] - #47 Load app.js
                                    ▇ [0ms] - #48 Require(38) node_modules/egg-session/app.js
                                    ▇ [1ms] - #49 Require(39) node_modules/egg-security/app.js
                                    ▇ [8ms] - #50 Require(40) node_modules/egg-onerror/app.js
                                    ▇ [8ms] - #51 Require(41) node_modules/egg-i18n/app.js
                                    ▇ [6ms] - #52 Require(42) node_modules/egg-watcher/app.js
                                     ▇ [0ms] - #53 Require(43) node_modules/egg-schedule/app.js
                                     ▇ [1ms] - #54 Require(44) node_modules/egg-multipart/app.js
                                     ▇ [0ms] - #55 Require(45) node_modules/egg-development/app.js
                                     ▇ [1ms] - #56 Require(46) node_modules/egg-logrotator/app.js
                                     ▇ [0ms] - #57 Require(47) node_modules/egg-static/app.js
                                     ▇ [0ms] - #58 Require(48) /Users/huangwei/Desktop/zero-element-boot/node_modules/egg-jwt/app.js
                                     ▇ [1ms] - #59 Require(49) node_modules/egg-redis/app.js
                                     ▇▇▇▇▇▇▇ [194ms] - #60 Before Start in node_modules/egg-watcher/lib/init.js:15:14
                                         ▇▇▇▇▇▇▇▇ [196ms] - #61 Before Start in node_modules/egg-redis/lib/redis.js:58:7
                                         ▇ [4ms] - #62 Load Service
                                         ▇ [4ms] - #63 Load "service" to Context
                                         ▇▇▇ [74ms] - #64 Load Middleware
                                         ▇▇ [68ms] - #65 Load "middlewares" to Application
                                            ▇ [2ms] - #66 Load Controller
                                            ▇ [2ms] - #67 Load "controller" to Application
                                            ▇ [2ms] - #68 Load Router
                                            ▇ [1ms] - #69 Require(50) app/router.js
                                             ▇ [8ms] - #70 Before Start in node_modules/egg-core/lib/egg.js:306:10
2024-12-16 09:24:16,149 INFO 35324 [egg:core] dump config after ready, 5ms
2024-12-16 09:24:32,961 INFO 35388 [egg:logger] init all loggers with options: {"dir":"/Users/huangwei/Desktop/zero-element-boot/auto/logs/mynode","encoding":"utf8","env":"local","level":"INFO","consoleLevel":"INFO","disableConsoleAfterReady":false,"outputJSON":false,"buffer":true,"appLogName":"mynode-web.log","coreLogName":"egg-web.log","agentLogName":"egg-agent.log","errorLogName":"common-error.log","coreLogger":{"consoleLevel":"WARN"},"allowDebugAtProd":false,"enablePerformanceTimer":false,"enableFastContextLogger":false,"type":"application","localStorage":{"enabled":false}}
2024-12-16 09:24:32,961 INFO 35388 [egg-multipart] stream mode enable
2024-12-16 09:24:33,041 INFO 35388 [egg-redis] server connecting redis://:***@202.63.172.43:6379/0
2024-12-16 09:24:33,118 INFO 35388 [egg-static] starting static serve /public/ -> /Users/huangwei/Desktop/zero-element-boot/auto/app/public
2024-12-16 09:24:33,120 INFO 35388 [egg-security] use methodnoallow middleware
2024-12-16 09:24:33,120 INFO 35388 [egg-security] use noopen middleware
2024-12-16 09:24:33,121 INFO 35388 [egg-security] use nosniff middleware
2024-12-16 09:24:33,121 INFO 35388 [egg-security] use xssProtection middleware
2024-12-16 09:24:33,122 INFO 35388 [egg-security] use xframe middleware
2024-12-16 09:24:33,122 INFO 35388 [egg-security] use dta middleware
2024-12-16 09:24:33,122 INFO 35388 [egg-security] compose 6 middlewares into one security middleware
2024-12-16 09:24:33,132 INFO 35388 [egg:core] dump config after load, 5ms
2024-12-16 09:24:33,145 INFO 35388 [egg-watcher:application] watcher start success
2024-12-16 09:24:33,186 INFO 35388 [egg-redis] client connect success
2024-12-16 09:24:33,238 INFO 35388 [egg-redis] instance[0] status OK, client ready
2024-12-16 09:24:33,249 INFO 35388 egg start timeline:
▇▇▇▇▇▇▇▇▇▇▇▇▇▇▇▇▇▇▇▇▇▇▇ [413ms] - #0 Process Start
                       ▇▇▇▇▇▇▇▇▇▇▇▇▇▇▇▇▇▇▇▇▇▇▇▇▇ [457ms] - #1 Application Start
                       ▇ [8ms] - #2 Load Plugin
                        ▇ [11ms] - #3 Load Config
                        ▇ [0ms] - #4 Require(0) config/config.default.js
                        ▇ [0ms] - #5 Require(1) node_modules/egg-session/config/config.default.js
                        ▇ [0ms] - #6 Require(2) node_modules/egg-security/config/config.default.js
                        ▇ [0ms] - #7 Require(3) node_modules/egg-jsonp/config/config.default.js
                        ▇ [0ms] - #8 Require(4) node_modules/egg-onerror/config/config.default.js
                        ▇ [1ms] - #9 Require(5) node_modules/egg-i18n/config/config.default.js
                        ▇ [0ms] - #10 Require(6) node_modules/egg-watcher/config/config.default.js
                        ▇ [0ms] - #11 Require(7) node_modules/egg-schedule/config/config.default.js
                        ▇ [0ms] - #12 Require(8) node_modules/egg-multipart/config/config.default.js
                        ▇ [0ms] - #13 Require(9) node_modules/egg-development/config/config.default.js
                        ▇ [0ms] - #14 Require(10) node_modules/egg-logrotator/config/config.default.js
                        ▇ [0ms] - #15 Require(11) node_modules/egg-static/config/config.default.js
                        ▇ [0ms] - #16 Require(12) node_modules/egg-view/config/config.default.js
                        ▇ [0ms] - #17 Require(13) /Users/huangwei/Desktop/zero-element-boot/node_modules/egg-jwt/config/config.default.js
                        ▇ [0ms] - #18 Require(14) node_modules/egg-redis/config/config.default.js
                        ▇ [1ms] - #19 Require(15) node_modules/egg/config/config.default.js
                        ▇ [0ms] - #20 Require(16) config/config.default.js
                        ▇ [0ms] - #21 Require(17) node_modules/egg-security/config/config.local.js
                        ▇ [0ms] - #22 Require(18) node_modules/egg-watcher/config/config.local.js
                         ▇ [0ms] - #23 Require(19) node_modules/egg-view/config/config.local.js
                         ▇ [0ms] - #24 Require(20) node_modules/egg/config/config.local.js
                         ▇▇▇ [69ms] - #25 Load extend/application.js
                         ▇ [1ms] - #26 Require(21) node_modules/egg-session/app/extend/application.js
                         ▇ [2ms] - #27 Require(22) node_modules/egg-security/app/extend/application.js
                         ▇ [4ms] - #28 Require(23) node_modules/egg-jsonp/app/extend/application.js
                         ▇ [3ms] - #29 Require(24) node_modules/egg-schedule/app/extend/application.js
                         ▇ [1ms] - #30 Require(25) node_modules/egg-logrotator/app/extend/application.js
                         ▇ [3ms] - #31 Require(26) node_modules/egg-view/app/extend/application.js
                          ▇▇ [51ms] - #32 Require(27) /Users/huangwei/Desktop/zero-element-boot/node_modules/egg-jwt/app/extend/application.js
                             ▇ [4ms] - #33 Load extend/request.js
                             ▇ [1ms] - #34 Require(28) node_modules/egg/app/extend/request.js
                             ▇ [5ms] - #35 Load extend/response.js
                             ▇ [3ms] - #36 Require(29) node_modules/egg/app/extend/response.js
                             ▇ [27ms] - #37 Load extend/context.js
                             ▇ [8ms] - #38 Require(30) node_modules/egg-security/app/extend/context.js
                              ▇ [0ms] - #39 Require(31) node_modules/egg-jsonp/app/extend/context.js
                              ▇ [0ms] - #40 Require(32) node_modules/egg-i18n/app/extend/context.js
                              ▇ [11ms] - #41 Require(33) node_modules/egg-multipart/app/extend/context.js
                              ▇ [0ms] - #42 Require(34) node_modules/egg-view/app/extend/context.js
                              ▇ [0ms] - #43 Require(35) node_modules/egg/app/extend/context.js
                               ▇ [16ms] - #44 Load extend/helper.js
                               ▇ [13ms] - #45 Require(36) node_modules/egg-security/app/extend/helper.js
                               ▇ [1ms] - #46 Require(37) node_modules/egg/app/extend/helper.js
                               ▇ [27ms] - #47 Load app.js
                               ▇ [1ms] - #48 Require(38) node_modules/egg-session/app.js
                                ▇ [1ms] - #49 Require(39) node_modules/egg-security/app.js
                                ▇ [8ms] - #50 Require(40) node_modules/egg-onerror/app.js
                                ▇ [8ms] - #51 Require(41) node_modules/egg-i18n/app.js
                                 ▇ [3ms] - #52 Require(42) node_modules/egg-watcher/app.js
                                 ▇ [1ms] - #53 Require(43) node_modules/egg-schedule/app.js
                                 ▇ [2ms] - #54 Require(44) node_modules/egg-multipart/app.js
                                 ▇ [1ms] - #55 Require(45) node_modules/egg-development/app.js
                                 ▇ [0ms] - #56 Require(46) node_modules/egg-logrotator/app.js
                                 ▇ [0ms] - #57 Require(47) node_modules/egg-static/app.js
                                 ▇ [0ms] - #58 Require(48) /Users/huangwei/Desktop/zero-element-boot/node_modules/egg-jwt/app.js
                                 ▇ [1ms] - #59 Require(49) node_modules/egg-redis/app.js
                                 ▇▇▇▇▇▇▇▇▇▇ [179ms] - #60 Before Start in node_modules/egg-watcher/lib/init.js:15:14
                                      ▇▇▇▇▇▇▇▇▇▇▇ [197ms] - #61 Before Start in node_modules/egg-redis/lib/redis.js:58:7
                                      ▇ [4ms] - #62 Load Service
                                      ▇ [4ms] - #63 Load "service" to Context
                                      ▇▇▇▇ [76ms] - #64 Load Middleware
                                      ▇▇▇ [69ms] - #65 Load "middlewares" to Application
                                          ▇ [2ms] - #66 Load Controller
                                          ▇ [2ms] - #67 Load "controller" to Application
                                           ▇ [2ms] - #68 Load Router
                                           ▇ [1ms] - #69 Require(50) app/router.js
                                           ▇ [9ms] - #70 Before Start in node_modules/egg-core/lib/egg.js:306:10
2024-12-16 09:24:33,249 INFO 35388 [egg:core] dump config after ready, 7ms
2024-12-16 09:24:49,954 INFO 35445 [egg:logger] init all loggers with options: {"dir":"/Users/huangwei/Desktop/zero-element-boot/auto/logs/mynode","encoding":"utf8","env":"local","level":"INFO","consoleLevel":"INFO","disableConsoleAfterReady":false,"outputJSON":false,"buffer":true,"appLogName":"mynode-web.log","coreLogName":"egg-web.log","agentLogName":"egg-agent.log","errorLogName":"common-error.log","coreLogger":{"consoleLevel":"WARN"},"allowDebugAtProd":false,"enablePerformanceTimer":false,"enableFastContextLogger":false,"type":"application","localStorage":{"enabled":false}}
2024-12-16 09:24:49,954 INFO 35445 [egg-multipart] stream mode enable
2024-12-16 09:24:50,007 INFO 35445 [egg-redis] server connecting redis://:***@202.63.172.43:6379/0
2024-12-16 09:24:50,058 INFO 35445 [egg-static] starting static serve /public/ -> /Users/huangwei/Desktop/zero-element-boot/auto/app/public
2024-12-16 09:24:50,060 INFO 35445 [egg-security] use methodnoallow middleware
2024-12-16 09:24:50,061 INFO 35445 [egg-security] use noopen middleware
2024-12-16 09:24:50,061 INFO 35445 [egg-security] use nosniff middleware
2024-12-16 09:24:50,062 INFO 35445 [egg-security] use xssProtection middleware
2024-12-16 09:24:50,062 INFO 35445 [egg-security] use xframe middleware
2024-12-16 09:24:50,063 INFO 35445 [egg-security] use dta middleware
2024-12-16 09:24:50,063 INFO 35445 [egg-security] compose 6 middlewares into one security middleware
2024-12-16 09:24:50,071 INFO 35445 [egg:core] dump config after load, 5ms
2024-12-16 09:24:50,084 INFO 35445 [egg-watcher:application] watcher start success
2024-12-16 09:24:50,126 INFO 35445 [egg-redis] client connect success
2024-12-16 09:24:50,174 INFO 35445 [egg-redis] instance[0] status OK, client ready
2024-12-16 09:24:50,185 INFO 35445 egg start timeline:
▇▇▇▇▇▇▇▇▇▇▇▇▇▇▇▇▇▇▇▇▇▇▇▇▇▇ [368ms] - #0 Process Start
                          ▇▇▇▇▇▇▇▇▇▇▇▇▇▇▇▇▇▇▇▇▇▇▇ [325ms] - #1 Application Start
                          ▇ [8ms] - #2 Load Plugin
                           ▇ [10ms] - #3 Load Config
                           ▇ [1ms] - #4 Require(0) config/config.default.js
                           ▇ [1ms] - #5 Require(1) node_modules/egg-session/config/config.default.js
                           ▇ [0ms] - #6 Require(2) node_modules/egg-security/config/config.default.js
                           ▇ [0ms] - #7 Require(3) node_modules/egg-jsonp/config/config.default.js
                           ▇ [0ms] - #8 Require(4) node_modules/egg-onerror/config/config.default.js
                           ▇ [0ms] - #9 Require(5) node_modules/egg-i18n/config/config.default.js
                           ▇ [0ms] - #10 Require(6) node_modules/egg-watcher/config/config.default.js
                           ▇ [0ms] - #11 Require(7) node_modules/egg-schedule/config/config.default.js
                           ▇ [1ms] - #12 Require(8) node_modules/egg-multipart/config/config.default.js
                           ▇ [0ms] - #13 Require(9) node_modules/egg-development/config/config.default.js
                           ▇ [1ms] - #14 Require(10) node_modules/egg-logrotator/config/config.default.js
                           ▇ [0ms] - #15 Require(11) node_modules/egg-static/config/config.default.js
                           ▇ [0ms] - #16 Require(12) node_modules/egg-view/config/config.default.js
                           ▇ [1ms] - #17 Require(13) /Users/huangwei/Desktop/zero-element-boot/node_modules/egg-jwt/config/config.default.js
                           ▇ [0ms] - #18 Require(14) node_modules/egg-redis/config/config.default.js
                           ▇ [0ms] - #19 Require(15) node_modules/egg/config/config.default.js
                           ▇ [0ms] - #20 Require(16) config/config.default.js
                            ▇ [0ms] - #21 Require(17) node_modules/egg-security/config/config.local.js
                            ▇ [0ms] - #22 Require(18) node_modules/egg-watcher/config/config.local.js
                            ▇ [0ms] - #23 Require(19) node_modules/egg-view/config/config.local.js
                            ▇ [0ms] - #24 Require(20) node_modules/egg/config/config.local.js
                            ▇ [27ms] - #25 Load extend/application.js
                            ▇ [0ms] - #26 Require(21) node_modules/egg-session/app/extend/application.js
                            ▇ [0ms] - #27 Require(22) node_modules/egg-security/app/extend/application.js
                            ▇ [1ms] - #28 Require(23) node_modules/egg-jsonp/app/extend/application.js
                            ▇ [2ms] - #29 Require(24) node_modules/egg-schedule/app/extend/application.js
                            ▇ [1ms] - #30 Require(25) node_modules/egg-logrotator/app/extend/application.js
                            ▇ [0ms] - #31 Require(26) node_modules/egg-view/app/extend/application.js
                            ▇ [20ms] - #32 Require(27) /Users/huangwei/Desktop/zero-element-boot/node_modules/egg-jwt/app/extend/application.js
                              ▇ [3ms] - #33 Load extend/request.js
                              ▇ [1ms] - #34 Require(28) node_modules/egg/app/extend/request.js
                              ▇ [2ms] - #35 Load extend/response.js
                              ▇ [0ms] - #36 Require(29) node_modules/egg/app/extend/response.js
                              ▇ [17ms] - #37 Load extend/context.js
                              ▇ [5ms] - #38 Require(30) node_modules/egg-security/app/extend/context.js
                              ▇ [1ms] - #39 Require(31) node_modules/egg-jsonp/app/extend/context.js
                              ▇ [0ms] - #40 Require(32) node_modules/egg-i18n/app/extend/context.js
                              ▇ [7ms] - #41 Require(33) node_modules/egg-multipart/app/extend/context.js
                               ▇ [1ms] - #42 Require(34) node_modules/egg-view/app/extend/context.js
                               ▇ [0ms] - #43 Require(35) node_modules/egg/app/extend/context.js
                               ▇ [10ms] - #44 Load extend/helper.js
                               ▇ [7ms] - #45 Require(36) node_modules/egg-security/app/extend/helper.js
                                ▇ [0ms] - #46 Require(37) node_modules/egg/app/extend/helper.js
                                ▇ [15ms] - #47 Load app.js
                                ▇ [0ms] - #48 Require(38) node_modules/egg-session/app.js
                                ▇ [0ms] - #49 Require(39) node_modules/egg-security/app.js
                                ▇ [4ms] - #50 Require(40) node_modules/egg-onerror/app.js
                                ▇ [4ms] - #51 Require(41) node_modules/egg-i18n/app.js
                                 ▇ [3ms] - #52 Require(42) node_modules/egg-watcher/app.js
                                 ▇ [1ms] - #53 Require(43) node_modules/egg-schedule/app.js
                                 ▇ [0ms] - #54 Require(44) node_modules/egg-multipart/app.js
                                 ▇ [1ms] - #55 Require(45) node_modules/egg-development/app.js
                                 ▇ [0ms] - #56 Require(46) node_modules/egg-logrotator/app.js
                                 ▇ [0ms] - #57 Require(47) node_modules/egg-static/app.js
                                 ▇ [0ms] - #58 Require(48) /Users/huangwei/Desktop/zero-element-boot/node_modules/egg-jwt/app.js
                                 ▇ [1ms] - #59 Require(49) node_modules/egg-redis/app.js
                                 ▇▇▇▇▇▇▇▇ [126ms] - #60 Before Start in node_modules/egg-watcher/lib/init.js:15:14
                                     ▇▇▇▇▇▇▇▇▇▇▇ [167ms] - #61 Before Start in node_modules/egg-redis/lib/redis.js:58:7
                                     ▇ [3ms] - #62 Load Service
                                     ▇ [3ms] - #63 Load "service" to Context
                                     ▇▇▇ [51ms] - #64 Load Middleware
                                     ▇▇▇ [45ms] - #65 Load "middlewares" to Application
                                         ▇ [2ms] - #66 Load Controller
                                         ▇ [2ms] - #67 Load "controller" to Application
                                         ▇ [1ms] - #68 Load Router
                                         ▇ [0ms] - #69 Require(50) app/router.js
                                         ▇ [9ms] - #70 Before Start in node_modules/egg-core/lib/egg.js:306:10
2024-12-16 09:24:50,185 INFO 35445 [egg:core] dump config after ready, 7ms
2024-12-16 09:25:08,668 INFO 35471 [egg:logger] init all loggers with options: {"dir":"/Users/huangwei/Desktop/zero-element-boot/auto/logs/mynode","encoding":"utf8","env":"local","level":"INFO","consoleLevel":"INFO","disableConsoleAfterReady":false,"outputJSON":false,"buffer":true,"appLogName":"mynode-web.log","coreLogName":"egg-web.log","agentLogName":"egg-agent.log","errorLogName":"common-error.log","coreLogger":{"consoleLevel":"WARN"},"allowDebugAtProd":false,"enablePerformanceTimer":false,"enableFastContextLogger":false,"type":"application","localStorage":{"enabled":false}}
2024-12-16 09:25:08,668 INFO 35471 [egg-multipart] stream mode enable
2024-12-16 09:25:08,722 INFO 35471 [egg-redis] server connecting redis://:***@202.63.172.43:6379/0
2024-12-16 09:25:08,771 INFO 35471 [egg-static] starting static serve /public/ -> /Users/huangwei/Desktop/zero-element-boot/auto/app/public
2024-12-16 09:25:08,773 INFO 35471 [egg-security] use methodnoallow middleware
2024-12-16 09:25:08,773 INFO 35471 [egg-security] use noopen middleware
2024-12-16 09:25:08,773 INFO 35471 [egg-security] use nosniff middleware
2024-12-16 09:25:08,774 INFO 35471 [egg-security] use xssProtection middleware
2024-12-16 09:25:08,774 INFO 35471 [egg-security] use xframe middleware
2024-12-16 09:25:08,774 INFO 35471 [egg-security] use dta middleware
2024-12-16 09:25:08,774 INFO 35471 [egg-security] compose 6 middlewares into one security middleware
2024-12-16 09:25:08,783 INFO 35471 [egg:core] dump config after load, 5ms
2024-12-16 09:25:08,794 INFO 35471 [egg-watcher:application] watcher start success
2024-12-16 09:25:08,834 INFO 35471 [egg-redis] client connect success
2024-12-16 09:25:08,884 INFO 35471 [egg-redis] instance[0] status OK, client ready
2024-12-16 09:25:08,897 INFO 35471 egg start timeline:
▇▇▇▇▇▇▇▇▇▇▇▇▇▇▇▇▇▇▇▇▇▇▇▇▇▇▇ [414ms] - #0 Process Start
                           ▇▇▇▇▇▇▇▇▇▇▇▇▇▇▇▇▇▇▇▇▇ [327ms] - #1 Application Start
                            ▇ [8ms] - #2 Load Plugin
                            ▇ [13ms] - #3 Load Config
                            ▇ [0ms] - #4 Require(0) config/config.default.js
                            ▇ [0ms] - #5 Require(1) node_modules/egg-session/config/config.default.js
                            ▇ [0ms] - #6 Require(2) node_modules/egg-security/config/config.default.js
                            ▇ [0ms] - #7 Require(3) node_modules/egg-jsonp/config/config.default.js
                            ▇ [0ms] - #8 Require(4) node_modules/egg-onerror/config/config.default.js
                            ▇ [0ms] - #9 Require(5) node_modules/egg-i18n/config/config.default.js
                             ▇ [0ms] - #10 Require(6) node_modules/egg-watcher/config/config.default.js
                             ▇ [0ms] - #11 Require(7) node_modules/egg-schedule/config/config.default.js
                             ▇ [0ms] - #12 Require(8) node_modules/egg-multipart/config/config.default.js
                             ▇ [0ms] - #13 Require(9) node_modules/egg-development/config/config.default.js
                             ▇ [0ms] - #14 Require(10) node_modules/egg-logrotator/config/config.default.js
                             ▇ [0ms] - #15 Require(11) node_modules/egg-static/config/config.default.js
                             ▇ [0ms] - #16 Require(12) node_modules/egg-view/config/config.default.js
                             ▇ [0ms] - #17 Require(13) /Users/huangwei/Desktop/zero-element-boot/node_modules/egg-jwt/config/config.default.js
                             ▇ [0ms] - #18 Require(14) node_modules/egg-redis/config/config.default.js
                             ▇ [1ms] - #19 Require(15) node_modules/egg/config/config.default.js
                             ▇ [0ms] - #20 Require(16) config/config.default.js
                             ▇ [0ms] - #21 Require(17) node_modules/egg-security/config/config.local.js
                             ▇ [1ms] - #22 Require(18) node_modules/egg-watcher/config/config.local.js
                             ▇ [1ms] - #23 Require(19) node_modules/egg-view/config/config.local.js
                             ▇ [0ms] - #24 Require(20) node_modules/egg/config/config.local.js
                             ▇ [29ms] - #25 Load extend/application.js
                             ▇ [1ms] - #26 Require(21) node_modules/egg-session/app/extend/application.js
                             ▇ [0ms] - #27 Require(22) node_modules/egg-security/app/extend/application.js
                             ▇ [2ms] - #28 Require(23) node_modules/egg-jsonp/app/extend/application.js
                             ▇ [2ms] - #29 Require(24) node_modules/egg-schedule/app/extend/application.js
                             ▇ [1ms] - #30 Require(25) node_modules/egg-logrotator/app/extend/application.js
                              ▇ [1ms] - #31 Require(26) node_modules/egg-view/app/extend/application.js
                              ▇ [21ms] - #32 Require(27) /Users/huangwei/Desktop/zero-element-boot/node_modules/egg-jwt/app/extend/application.js
                               ▇ [2ms] - #33 Load extend/request.js
                               ▇ [0ms] - #34 Require(28) node_modules/egg/app/extend/request.js
                               ▇ [3ms] - #35 Load extend/response.js
                               ▇ [1ms] - #36 Require(29) node_modules/egg/app/extend/response.js
                               ▇ [17ms] - #37 Load extend/context.js
                               ▇ [5ms] - #38 Require(30) node_modules/egg-security/app/extend/context.js
                                ▇ [1ms] - #39 Require(31) node_modules/egg-jsonp/app/extend/context.js
                                ▇ [0ms] - #40 Require(32) node_modules/egg-i18n/app/extend/context.js
                                ▇ [9ms] - #41 Require(33) node_modules/egg-multipart/app/extend/context.js
                                ▇ [1ms] - #42 Require(34) node_modules/egg-view/app/extend/context.js
                                ▇ [0ms] - #43 Require(35) node_modules/egg/app/extend/context.js
                                 ▇ [9ms] - #44 Load extend/helper.js
                                 ▇ [7ms] - #45 Require(36) node_modules/egg-security/app/extend/helper.js
                                 ▇ [0ms] - #46 Require(37) node_modules/egg/app/extend/helper.js
                                 ▇ [15ms] - #47 Load app.js
                                 ▇ [1ms] - #48 Require(38) node_modules/egg-session/app.js
                                 ▇ [0ms] - #49 Require(39) node_modules/egg-security/app.js
                                 ▇ [4ms] - #50 Require(40) node_modules/egg-onerror/app.js
                                 ▇ [4ms] - #51 Require(41) node_modules/egg-i18n/app.js
                                  ▇ [3ms] - #52 Require(42) node_modules/egg-watcher/app.js
                                  ▇ [1ms] - #53 Require(43) node_modules/egg-schedule/app.js
                                  ▇ [0ms] - #54 Require(44) node_modules/egg-multipart/app.js
                                  ▇ [1ms] - #55 Require(45) node_modules/egg-development/app.js
                                  ▇ [0ms] - #56 Require(46) node_modules/egg-logrotator/app.js
                                  ▇ [0ms] - #57 Require(47) node_modules/egg-static/app.js
                                  ▇ [0ms] - #58 Require(48) /Users/huangwei/Desktop/zero-element-boot/node_modules/egg-jwt/app.js
                                  ▇ [1ms] - #59 Require(49) node_modules/egg-redis/app.js
                                  ▇▇▇▇▇▇▇▇ [123ms] - #60 Before Start in node_modules/egg-watcher/lib/init.js:15:14
                                      ▇▇▇▇▇▇▇▇▇▇ [160ms] - #61 Before Start in node_modules/egg-redis/lib/redis.js:58:7
                                      ▇ [3ms] - #62 Load Service
                                      ▇ [3ms] - #63 Load "service" to Context
                                      ▇▇▇ [48ms] - #64 Load Middleware
                                      ▇▇ [41ms] - #65 Load "middlewares" to Application
                                         ▇ [2ms] - #66 Load Controller
                                         ▇ [2ms] - #67 Load "controller" to Application
                                          ▇ [1ms] - #68 Load Router
                                          ▇ [0ms] - #69 Require(50) app/router.js
                                          ▇ [9ms] - #70 Before Start in node_modules/egg-core/lib/egg.js:306:10
2024-12-16 09:25:08,897 INFO 35471 [egg:core] dump config after ready, 10ms
2024-12-16 09:25:33,044 INFO 35497 [egg:logger] init all loggers with options: {"dir":"/Users/huangwei/Desktop/zero-element-boot/auto/logs/mynode","encoding":"utf8","env":"local","level":"INFO","consoleLevel":"INFO","disableConsoleAfterReady":false,"outputJSON":false,"buffer":true,"appLogName":"mynode-web.log","coreLogName":"egg-web.log","agentLogName":"egg-agent.log","errorLogName":"common-error.log","coreLogger":{"consoleLevel":"WARN"},"allowDebugAtProd":false,"enablePerformanceTimer":false,"enableFastContextLogger":false,"type":"application","localStorage":{"enabled":false}}
2024-12-16 09:25:33,044 INFO 35497 [egg-multipart] stream mode enable
2024-12-16 09:25:33,099 INFO 35497 [egg-redis] server connecting redis://:***@202.63.172.43:6379/0
2024-12-16 09:25:33,148 INFO 35497 [egg-static] starting static serve /public/ -> /Users/huangwei/Desktop/zero-element-boot/auto/app/public
2024-12-16 09:25:33,150 INFO 35497 [egg-security] use methodnoallow middleware
2024-12-16 09:25:33,150 INFO 35497 [egg-security] use noopen middleware
2024-12-16 09:25:33,150 INFO 35497 [egg-security] use nosniff middleware
2024-12-16 09:25:33,151 INFO 35497 [egg-security] use xssProtection middleware
2024-12-16 09:25:33,151 INFO 35497 [egg-security] use xframe middleware
2024-12-16 09:25:33,151 INFO 35497 [egg-security] use dta middleware
2024-12-16 09:25:33,151 INFO 35497 [egg-security] compose 6 middlewares into one security middleware
2024-12-16 09:25:33,160 INFO 35497 [egg:core] dump config after load, 5ms
2024-12-16 09:25:33,171 INFO 35497 [egg-watcher:application] watcher start success
2024-12-16 09:25:33,214 INFO 35497 [egg-redis] client connect success
2024-12-16 09:25:33,263 INFO 35497 [egg-redis] instance[0] status OK, client ready
2024-12-16 09:25:33,271 INFO 35497 egg start timeline:
▇▇▇▇▇▇▇▇▇▇▇▇▇▇▇▇▇▇▇▇▇▇▇▇▇▇▇▇▇▇ [529ms] - #0 Process Start
                              ▇▇▇▇▇▇▇▇▇▇▇▇▇▇▇▇▇▇▇ [331ms] - #1 Application Start
                               ▇ [8ms] - #2 Load Plugin
                               ▇ [13ms] - #3 Load Config
                               ▇ [0ms] - #4 Require(0) config/config.default.js
                               ▇ [0ms] - #5 Require(1) node_modules/egg-session/config/config.default.js
                               ▇ [0ms] - #6 Require(2) node_modules/egg-security/config/config.default.js
                               ▇ [0ms] - #7 Require(3) node_modules/egg-jsonp/config/config.default.js
                               ▇ [1ms] - #8 Require(4) node_modules/egg-onerror/config/config.default.js
                               ▇ [0ms] - #9 Require(5) node_modules/egg-i18n/config/config.default.js
                               ▇ [0ms] - #10 Require(6) node_modules/egg-watcher/config/config.default.js
                               ▇ [0ms] - #11 Require(7) node_modules/egg-schedule/config/config.default.js
                               ▇ [1ms] - #12 Require(8) node_modules/egg-multipart/config/config.default.js
                               ▇ [0ms] - #13 Require(9) node_modules/egg-development/config/config.default.js
                               ▇ [1ms] - #14 Require(10) node_modules/egg-logrotator/config/config.default.js
                               ▇ [0ms] - #15 Require(11) node_modules/egg-static/config/config.default.js
                               ▇ [0ms] - #16 Require(12) node_modules/egg-view/config/config.default.js
                               ▇ [1ms] - #17 Require(13) /Users/huangwei/Desktop/zero-element-boot/node_modules/egg-jwt/config/config.default.js
                                ▇ [0ms] - #18 Require(14) node_modules/egg-redis/config/config.default.js
                                ▇ [0ms] - #19 Require(15) node_modules/egg/config/config.default.js
                                ▇ [0ms] - #20 Require(16) config/config.default.js
                                ▇ [0ms] - #21 Require(17) node_modules/egg-security/config/config.local.js
                                ▇ [0ms] - #22 Require(18) node_modules/egg-watcher/config/config.local.js
                                ▇ [0ms] - #23 Require(19) node_modules/egg-view/config/config.local.js
                                ▇ [1ms] - #24 Require(20) node_modules/egg/config/config.local.js
                                ▇ [30ms] - #25 Load extend/application.js
                                ▇ [1ms] - #26 Require(21) node_modules/egg-session/app/extend/application.js
                                ▇ [0ms] - #27 Require(22) node_modules/egg-security/app/extend/application.js
                                ▇ [2ms] - #28 Require(23) node_modules/egg-jsonp/app/extend/application.js
                                ▇ [2ms] - #29 Require(24) node_modules/egg-schedule/app/extend/application.js
                                ▇ [0ms] - #30 Require(25) node_modules/egg-logrotator/app/extend/application.js
                                ▇ [0ms] - #31 Require(26) node_modules/egg-view/app/extend/application.js
                                ▇ [22ms] - #32 Require(27) /Users/huangwei/Desktop/zero-element-boot/node_modules/egg-jwt/app/extend/application.js
                                  ▇ [2ms] - #33 Load extend/request.js
                                  ▇ [0ms] - #34 Require(28) node_modules/egg/app/extend/request.js
                                  ▇ [3ms] - #35 Load extend/response.js
                                  ▇ [1ms] - #36 Require(29) node_modules/egg/app/extend/response.js
                                  ▇ [18ms] - #37 Load extend/context.js
                                  ▇ [7ms] - #38 Require(30) node_modules/egg-security/app/extend/context.js
                                  ▇ [1ms] - #39 Require(31) node_modules/egg-jsonp/app/extend/context.js
                                  ▇ [0ms] - #40 Require(32) node_modules/egg-i18n/app/extend/context.js
                                  ▇ [7ms] - #41 Require(33) node_modules/egg-multipart/app/extend/context.js
                                   ▇ [0ms] - #42 Require(34) node_modules/egg-view/app/extend/context.js
                                   ▇ [1ms] - #43 Require(35) node_modules/egg/app/extend/context.js
                                   ▇ [9ms] - #44 Load extend/helper.js
                                   ▇ [7ms] - #45 Require(36) node_modules/egg-security/app/extend/helper.js
                                   ▇ [0ms] - #46 Require(37) node_modules/egg/app/extend/helper.js
                                   ▇ [15ms] - #47 Load app.js
                                   ▇ [0ms] - #48 Require(38) node_modules/egg-session/app.js
                                   ▇ [1ms] - #49 Require(39) node_modules/egg-security/app.js
                                   ▇ [4ms] - #50 Require(40) node_modules/egg-onerror/app.js
                                    ▇ [4ms] - #51 Require(41) node_modules/egg-i18n/app.js
                                    ▇ [3ms] - #52 Require(42) node_modules/egg-watcher/app.js
                                    ▇ [1ms] - #53 Require(43) node_modules/egg-schedule/app.js
                                    ▇ [0ms] - #54 Require(44) node_modules/egg-multipart/app.js
                                    ▇ [1ms] - #55 Require(45) node_modules/egg-development/app.js
                                    ▇ [0ms] - #56 Require(46) node_modules/egg-logrotator/app.js
                                    ▇ [0ms] - #57 Require(47) node_modules/egg-static/app.js
                                    ▇ [0ms] - #58 Require(48) /Users/huangwei/Desktop/zero-element-boot/node_modules/egg-jwt/app.js
                                    ▇ [1ms] - #59 Require(49) node_modules/egg-redis/app.js
                                     ▇▇▇▇▇▇▇ [123ms] - #60 Before Start in node_modules/egg-watcher/lib/init.js:15:14
                                        ▇▇▇▇▇▇▇▇▇ [164ms] - #61 Before Start in node_modules/egg-redis/lib/redis.js:58:7
                                        ▇ [4ms] - #62 Load Service
                                        ▇ [4ms] - #63 Load "service" to Context
                                        ▇▇ [48ms] - #64 Load Middleware
                                        ▇▇ [43ms] - #65 Load "middlewares" to Application
                                           ▇ [2ms] - #66 Load Controller
                                           ▇ [2ms] - #67 Load "controller" to Application
                                           ▇ [1ms] - #68 Load Router
                                           ▇ [0ms] - #69 Require(50) app/router.js
                                           ▇ [9ms] - #70 Before Start in node_modules/egg-core/lib/egg.js:306:10
2024-12-16 09:25:33,271 INFO 35497 [egg:core] dump config after ready, 5ms
2024-12-16 09:29:00,153 INFO 35886 [egg:logger] init all loggers with options: {"dir":"/Users/huangwei/Desktop/zero-element-boot/auto/logs/mynode","encoding":"utf8","env":"local","level":"INFO","consoleLevel":"INFO","disableConsoleAfterReady":false,"outputJSON":false,"buffer":true,"appLogName":"mynode-web.log","coreLogName":"egg-web.log","agentLogName":"egg-agent.log","errorLogName":"common-error.log","coreLogger":{"consoleLevel":"WARN"},"allowDebugAtProd":false,"enablePerformanceTimer":false,"enableFastContextLogger":false,"type":"application","localStorage":{"enabled":false}}
2024-12-16 09:29:00,154 INFO 35886 [egg-multipart] stream mode enable
2024-12-16 09:29:00,236 INFO 35886 [egg-redis] server connecting redis://:***@202.63.172.43:6379/0
2024-12-16 09:29:00,342 INFO 35886 [egg-static] starting static serve /public/ -> /Users/huangwei/Desktop/zero-element-boot/auto/app/public
2024-12-16 09:29:00,346 INFO 35886 [egg-security] use methodnoallow middleware
2024-12-16 09:29:00,347 INFO 35886 [egg-security] use noopen middleware
2024-12-16 09:29:00,347 INFO 35886 [egg-security] use nosniff middleware
2024-12-16 09:29:00,348 INFO 35886 [egg-security] use xssProtection middleware
2024-12-16 09:29:00,349 INFO 35886 [egg-security] use xframe middleware
2024-12-16 09:29:00,349 INFO 35886 [egg-security] use dta middleware
2024-12-16 09:29:00,349 INFO 35886 [egg-security] compose 6 middlewares into one security middleware
2024-12-16 09:29:00,376 INFO 35886 [egg:core] dump config after load, 5ms
2024-12-16 09:29:00,390 INFO 35886 [egg-watcher:application] watcher start success
2024-12-16 09:29:00,432 INFO 35886 [egg-redis] client connect success
2024-12-16 09:29:00,478 INFO 35886 [egg-redis] instance[0] status OK, client ready
2024-12-16 09:29:00,484 INFO 35886 egg start timeline:
▇▇▇▇▇▇▇▇▇▇▇▇▇▇▇▇▇▇▇▇▇▇▇▇▇▇▇ [773ms] - #0 Process Start
                           ▇▇▇▇▇▇▇▇▇▇▇▇▇▇▇▇▇▇▇▇▇▇ [617ms] - #1 Application Start
                            ▇ [14ms] - #2 Load Plugin
                            ▇ [26ms] - #3 Load Config
                            ▇ [0ms] - #4 Require(0) config/config.default.js
                            ▇ [1ms] - #5 Require(1) node_modules/egg-session/config/config.default.js
                            ▇ [1ms] - #6 Require(2) node_modules/egg-security/config/config.default.js
                            ▇ [0ms] - #7 Require(3) node_modules/egg-jsonp/config/config.default.js
                            ▇ [0ms] - #8 Require(4) node_modules/egg-onerror/config/config.default.js
                            ▇ [1ms] - #9 Require(5) node_modules/egg-i18n/config/config.default.js
                            ▇ [1ms] - #10 Require(6) node_modules/egg-watcher/config/config.default.js
                            ▇ [1ms] - #11 Require(7) node_modules/egg-schedule/config/config.default.js
                            ▇ [1ms] - #12 Require(8) node_modules/egg-multipart/config/config.default.js
                             ▇ [1ms] - #13 Require(9) node_modules/egg-development/config/config.default.js
                             ▇ [1ms] - #14 Require(10) node_modules/egg-logrotator/config/config.default.js
                             ▇ [0ms] - #15 Require(11) node_modules/egg-static/config/config.default.js
                             ▇ [0ms] - #16 Require(12) node_modules/egg-view/config/config.default.js
                             ▇ [0ms] - #17 Require(13) /Users/huangwei/Desktop/zero-element-boot/node_modules/egg-jwt/config/config.default.js
                             ▇ [0ms] - #18 Require(14) node_modules/egg-redis/config/config.default.js
                             ▇ [1ms] - #19 Require(15) node_modules/egg/config/config.default.js
                             ▇ [0ms] - #20 Require(16) config/config.default.js
                             ▇ [1ms] - #21 Require(17) node_modules/egg-security/config/config.local.js
                             ▇ [4ms] - #22 Require(18) node_modules/egg-watcher/config/config.local.js
                             ▇ [1ms] - #23 Require(19) node_modules/egg-view/config/config.local.js
                             ▇ [1ms] - #24 Require(20) node_modules/egg/config/config.local.js
                             ▇▇ [61ms] - #25 Load extend/application.js
                             ▇ [1ms] - #26 Require(21) node_modules/egg-session/app/extend/application.js
                             ▇ [1ms] - #27 Require(22) node_modules/egg-security/app/extend/application.js
                             ▇ [2ms] - #28 Require(23) node_modules/egg-jsonp/app/extend/application.js
                             ▇ [2ms] - #29 Require(24) node_modules/egg-schedule/app/extend/application.js
                             ▇ [8ms] - #30 Require(25) node_modules/egg-logrotator/app/extend/application.js
                              ▇ [1ms] - #31 Require(26) node_modules/egg-view/app/extend/application.js
                              ▇ [43ms] - #32 Require(27) /Users/huangwei/Desktop/zero-element-boot/node_modules/egg-jwt/app/extend/application.js
                               ▇ [5ms] - #33 Load extend/request.js
                               ▇ [2ms] - #34 Require(28) node_modules/egg/app/extend/request.js
                                ▇ [28ms] - #35 Load extend/response.js
                                ▇ [26ms] - #36 Require(29) node_modules/egg/app/extend/response.js
                                 ▇▇▇ [86ms] - #37 Load extend/context.js
                                 ▇ [50ms] - #38 Require(30) node_modules/egg-security/app/extend/context.js
                                  ▇ [3ms] - #39 Require(31) node_modules/egg-jsonp/app/extend/context.js
                                  ▇ [7ms] - #40 Require(32) node_modules/egg-i18n/app/extend/context.js
                                   ▇ [21ms] - #41 Require(33) node_modules/egg-multipart/app/extend/context.js
                                   ▇ [2ms] - #42 Require(34) node_modules/egg-view/app/extend/context.js
                                    ▇ [1ms] - #43 Require(35) node_modules/egg/app/extend/context.js
                                    ▇ [22ms] - #44 Load extend/helper.js
                                    ▇ [19ms] - #45 Require(36) node_modules/egg-security/app/extend/helper.js
                                    ▇ [1ms] - #46 Require(37) node_modules/egg/app/extend/helper.js
                                    ▇ [33ms] - #47 Load app.js
                                    ▇ [1ms] - #48 Require(38) node_modules/egg-session/app.js
                                    ▇ [1ms] - #49 Require(39) node_modules/egg-security/app.js
                                    ▇ [8ms] - #50 Require(40) node_modules/egg-onerror/app.js
                                     ▇ [8ms] - #51 Require(41) node_modules/egg-i18n/app.js
                                     ▇ [6ms] - #52 Require(42) node_modules/egg-watcher/app.js
                                     ▇ [1ms] - #53 Require(43) node_modules/egg-schedule/app.js
                                     ▇ [1ms] - #54 Require(44) node_modules/egg-multipart/app.js
                                     ▇ [0ms] - #55 Require(45) node_modules/egg-development/app.js
                                     ▇ [1ms] - #56 Require(46) node_modules/egg-logrotator/app.js
                                     ▇ [0ms] - #57 Require(47) node_modules/egg-static/app.js
                                      ▇ [0ms] - #58 Require(48) /Users/huangwei/Desktop/zero-element-boot/node_modules/egg-jwt/app.js
                                      ▇ [1ms] - #59 Require(49) node_modules/egg-redis/app.js
                                      ▇▇▇▇▇▇▇▇ [232ms] - #60 Before Start in node_modules/egg-watcher/lib/init.js:15:14
                                         ▇▇▇▇▇▇▇▇ [240ms] - #61 Before Start in node_modules/egg-redis/lib/redis.js:58:7
                                         ▇ [5ms] - #62 Load Service
                                         ▇ [5ms] - #63 Load "service" to Context
                                         ▇▇▇ [107ms] - #64 Load Middleware
                                         ▇▇▇ [97ms] - #65 Load "middlewares" to Application
                                             ▇ [19ms] - #66 Load Controller
                                             ▇ [19ms] - #67 Load "controller" to Application
                                             ▇ [2ms] - #68 Load Router
                                             ▇ [1ms] - #69 Require(50) app/router.js
                                             ▇ [10ms] - #70 Before Start in node_modules/egg-core/lib/egg.js:306:10
2024-12-16 09:29:00,484 INFO 35886 [egg:core] dump config after ready, 4ms
2024-12-16 09:29:01,024 INFO 35897 [egg:logger] init all loggers with options: {"dir":"/Users/huangwei/Desktop/zero-element-boot/auto/logs/mynode","encoding":"utf8","env":"local","level":"INFO","consoleLevel":"INFO","disableConsoleAfterReady":false,"outputJSON":false,"buffer":true,"appLogName":"mynode-web.log","coreLogName":"egg-web.log","agentLogName":"egg-agent.log","errorLogName":"common-error.log","coreLogger":{"consoleLevel":"WARN"},"allowDebugAtProd":false,"enablePerformanceTimer":false,"enableFastContextLogger":false,"type":"application","localStorage":{"enabled":false}}
2024-12-16 09:29:01,024 INFO 35897 [egg-multipart] stream mode enable
2024-12-16 09:29:01,085 INFO 35897 [egg-redis] server connecting redis://:***@202.63.172.43:6379/0
2024-12-16 09:29:01,135 INFO 35897 [egg-static] starting static serve /public/ -> /Users/huangwei/Desktop/zero-element-boot/auto/app/public
2024-12-16 09:29:01,137 INFO 35897 [egg-security] use methodnoallow middleware
2024-12-16 09:29:01,137 INFO 35897 [egg-security] use noopen middleware
2024-12-16 09:29:01,138 INFO 35897 [egg-security] use nosniff middleware
2024-12-16 09:29:01,138 INFO 35897 [egg-security] use xssProtection middleware
2024-12-16 09:29:01,139 INFO 35897 [egg-security] use xframe middleware
2024-12-16 09:29:01,139 INFO 35897 [egg-security] use dta middleware
2024-12-16 09:29:01,139 INFO 35897 [egg-security] compose 6 middlewares into one security middleware
2024-12-16 09:29:01,153 INFO 35897 [egg:core] dump config after load, 4ms
2024-12-16 09:29:01,163 INFO 35897 [egg-watcher:application] watcher start success
2024-12-16 09:29:01,204 INFO 35897 [egg-redis] client connect success
2024-12-16 09:29:01,253 INFO 35897 [egg-redis] instance[0] status OK, client ready
2024-12-16 09:29:01,264 INFO 35897 egg start timeline:
▇▇▇▇▇▇▇▇▇▇▇▇▇▇▇▇▇▇▇▇▇▇▇▇▇▇ [398ms] - #0 Process Start
                          ▇▇▇▇▇▇▇▇▇▇▇▇▇▇▇▇▇▇▇▇▇▇▇ [355ms] - #1 Application Start
                          ▇ [8ms] - #2 Load Plugin
                           ▇ [14ms] - #3 Load Config
                           ▇ [0ms] - #4 Require(0) config/config.default.js
                           ▇ [1ms] - #5 Require(1) node_modules/egg-session/config/config.default.js
                           ▇ [0ms] - #6 Require(2) node_modules/egg-security/config/config.default.js
                           ▇ [0ms] - #7 Require(3) node_modules/egg-jsonp/config/config.default.js
                           ▇ [1ms] - #8 Require(4) node_modules/egg-onerror/config/config.default.js
                           ▇ [0ms] - #9 Require(5) node_modules/egg-i18n/config/config.default.js
                           ▇ [1ms] - #10 Require(6) node_modules/egg-watcher/config/config.default.js
                           ▇ [0ms] - #11 Require(7) node_modules/egg-schedule/config/config.default.js
                           ▇ [0ms] - #12 Require(8) node_modules/egg-multipart/config/config.default.js
                           ▇ [0ms] - #13 Require(9) node_modules/egg-development/config/config.default.js
                           ▇ [0ms] - #14 Require(10) node_modules/egg-logrotator/config/config.default.js
                           ▇ [0ms] - #15 Require(11) node_modules/egg-static/config/config.default.js
                           ▇ [1ms] - #16 Require(12) node_modules/egg-view/config/config.default.js
                           ▇ [0ms] - #17 Require(13) /Users/huangwei/Desktop/zero-element-boot/node_modules/egg-jwt/config/config.default.js
                           ▇ [0ms] - #18 Require(14) node_modules/egg-redis/config/config.default.js
                           ▇ [1ms] - #19 Require(15) node_modules/egg/config/config.default.js
                            ▇ [0ms] - #20 Require(16) config/config.default.js
                            ▇ [1ms] - #21 Require(17) node_modules/egg-security/config/config.local.js
                            ▇ [0ms] - #22 Require(18) node_modules/egg-watcher/config/config.local.js
                            ▇ [0ms] - #23 Require(19) node_modules/egg-view/config/config.local.js
                            ▇ [1ms] - #24 Require(20) node_modules/egg/config/config.local.js
                            ▇▇ [31ms] - #25 Load extend/application.js
                            ▇ [0ms] - #26 Require(21) node_modules/egg-session/app/extend/application.js
                            ▇ [1ms] - #27 Require(22) node_modules/egg-security/app/extend/application.js
                            ▇ [1ms] - #28 Require(23) node_modules/egg-jsonp/app/extend/application.js
                            ▇ [2ms] - #29 Require(24) node_modules/egg-schedule/app/extend/application.js
                            ▇ [1ms] - #30 Require(25) node_modules/egg-logrotator/app/extend/application.js
                            ▇ [1ms] - #31 Require(26) node_modules/egg-view/app/extend/application.js
                            ▇ [23ms] - #32 Require(27) /Users/huangwei/Desktop/zero-element-boot/node_modules/egg-jwt/app/extend/application.js
                              ▇ [3ms] - #33 Load extend/request.js
                              ▇ [1ms] - #34 Require(28) node_modules/egg/app/extend/request.js
                              ▇ [3ms] - #35 Load extend/response.js
                              ▇ [0ms] - #36 Require(29) node_modules/egg/app/extend/response.js
                              ▇ [19ms] - #37 Load extend/context.js
                              ▇ [6ms] - #38 Require(30) node_modules/egg-security/app/extend/context.js
                               ▇ [0ms] - #39 Require(31) node_modules/egg-jsonp/app/extend/context.js
                               ▇ [0ms] - #40 Require(32) node_modules/egg-i18n/app/extend/context.js
                               ▇ [9ms] - #41 Require(33) node_modules/egg-multipart/app/extend/context.js
                               ▇ [1ms] - #42 Require(34) node_modules/egg-view/app/extend/context.js
                               ▇ [1ms] - #43 Require(35) node_modules/egg/app/extend/context.js
                                ▇ [11ms] - #44 Load extend/helper.js
                                ▇ [9ms] - #45 Require(36) node_modules/egg-security/app/extend/helper.js
                                ▇ [1ms] - #46 Require(37) node_modules/egg/app/extend/helper.js
                                ▇ [19ms] - #47 Load app.js
                                ▇ [0ms] - #48 Require(38) node_modules/egg-session/app.js
                                ▇ [0ms] - #49 Require(39) node_modules/egg-security/app.js
                                ▇ [5ms] - #50 Require(40) node_modules/egg-onerror/app.js
                                 ▇ [5ms] - #51 Require(41) node_modules/egg-i18n/app.js
                                 ▇ [4ms] - #52 Require(42) node_modules/egg-watcher/app.js
                                 ▇ [0ms] - #53 Require(43) node_modules/egg-schedule/app.js
                                 ▇ [0ms] - #54 Require(44) node_modules/egg-multipart/app.js
                                 ▇ [0ms] - #55 Require(45) node_modules/egg-development/app.js
                                 ▇ [0ms] - #56 Require(46) node_modules/egg-logrotator/app.js
                                 ▇ [0ms] - #57 Require(47) node_modules/egg-static/app.js
                                 ▇ [0ms] - #58 Require(48) /Users/huangwei/Desktop/zero-element-boot/node_modules/egg-jwt/app.js
                                 ▇ [0ms] - #59 Require(49) node_modules/egg-redis/app.js
                                  ▇▇▇▇▇▇▇▇ [134ms] - #60 Before Start in node_modules/egg-watcher/lib/init.js:15:14
                                      ▇▇▇▇▇▇▇▇▇▇▇ [168ms] - #61 Before Start in node_modules/egg-redis/lib/redis.js:58:7
                                      ▇ [4ms] - #62 Load Service
                                      ▇ [4ms] - #63 Load "service" to Context
                                      ▇▇▇ [49ms] - #64 Load Middleware
                                      ▇▇ [43ms] - #65 Load "middlewares" to Application
                                         ▇ [7ms] - #66 Load Controller
                                         ▇ [7ms] - #67 Load "controller" to Application
                                          ▇ [1ms] - #68 Load Router
                                          ▇ [0ms] - #69 Require(50) app/router.js
                                          ▇ [9ms] - #70 Before Start in node_modules/egg-core/lib/egg.js:306:10
2024-12-16 09:29:01,264 INFO 35897 [egg:core] dump config after ready, 6ms
2024-12-16 09:30:41,655 INFO 35954 [egg:logger] init all loggers with options: {"dir":"/Users/huangwei/Desktop/zero-element-boot/auto/logs/mynode","encoding":"utf8","env":"local","level":"INFO","consoleLevel":"INFO","disableConsoleAfterReady":false,"outputJSON":false,"buffer":true,"appLogName":"mynode-web.log","coreLogName":"egg-web.log","agentLogName":"egg-agent.log","errorLogName":"common-error.log","coreLogger":{"consoleLevel":"WARN"},"allowDebugAtProd":false,"enablePerformanceTimer":false,"enableFastContextLogger":false,"type":"application","localStorage":{"enabled":false}}
2024-12-16 09:30:41,656 INFO 35954 [egg-multipart] stream mode enable
2024-12-16 09:30:41,739 INFO 35954 [egg-redis] server connecting redis://:***@202.63.172.43:6379/0
2024-12-16 09:30:41,822 INFO 35954 [egg-static] starting static serve /public/ -> /Users/huangwei/Desktop/zero-element-boot/auto/app/public
2024-12-16 09:30:41,824 INFO 35954 [egg-security] use methodnoallow middleware
2024-12-16 09:30:41,825 INFO 35954 [egg-security] use noopen middleware
2024-12-16 09:30:41,826 INFO 35954 [egg-security] use nosniff middleware
2024-12-16 09:30:41,826 INFO 35954 [egg-security] use xssProtection middleware
2024-12-16 09:30:41,827 INFO 35954 [egg-security] use xframe middleware
2024-12-16 09:30:41,827 INFO 35954 [egg-security] use dta middleware
2024-12-16 09:30:41,827 INFO 35954 [egg-security] compose 6 middlewares into one security middleware
2024-12-16 09:30:41,848 INFO 35954 [egg:core] dump config after load, 5ms
2024-12-16 09:30:41,860 INFO 35954 [egg-watcher:application] watcher start success
2024-12-16 09:30:41,897 INFO 35954 [egg-redis] client connect success
2024-12-16 09:30:41,948 INFO 35954 [egg-redis] instance[0] status OK, client ready
2024-12-16 09:30:41,959 INFO 35954 egg start timeline:
▇▇▇▇▇▇▇▇▇▇▇▇▇▇▇▇▇▇▇▇▇▇▇▇▇▇▇▇ [638ms] - #0 Process Start
                            ▇▇▇▇▇▇▇▇▇▇▇▇▇▇▇▇▇▇▇▇▇ [481ms] - #1 Application Start
                            ▇ [14ms] - #2 Load Plugin
                             ▇ [21ms] - #3 Load Config
                             ▇ [0ms] - #4 Require(0) config/config.default.js
                             ▇ [1ms] - #5 Require(1) node_modules/egg-session/config/config.default.js
                             ▇ [1ms] - #6 Require(2) node_modules/egg-security/config/config.default.js
                             ▇ [1ms] - #7 Require(3) node_modules/egg-jsonp/config/config.default.js
                             ▇ [1ms] - #8 Require(4) node_modules/egg-onerror/config/config.default.js
                             ▇ [0ms] - #9 Require(5) node_modules/egg-i18n/config/config.default.js
                             ▇ [0ms] - #10 Require(6) node_modules/egg-watcher/config/config.default.js
                             ▇ [0ms] - #11 Require(7) node_modules/egg-schedule/config/config.default.js
                             ▇ [1ms] - #12 Require(8) node_modules/egg-multipart/config/config.default.js
                             ▇ [0ms] - #13 Require(9) node_modules/egg-development/config/config.default.js
                             ▇ [1ms] - #14 Require(10) node_modules/egg-logrotator/config/config.default.js
                              ▇ [1ms] - #15 Require(11) node_modules/egg-static/config/config.default.js
                              ▇ [1ms] - #16 Require(12) node_modules/egg-view/config/config.default.js
                              ▇ [1ms] - #17 Require(13) /Users/huangwei/Desktop/zero-element-boot/node_modules/egg-jwt/config/config.default.js
                              ▇ [0ms] - #18 Require(14) node_modules/egg-redis/config/config.default.js
                              ▇ [0ms] - #19 Require(15) node_modules/egg/config/config.default.js
                              ▇ [0ms] - #20 Require(16) config/config.default.js
                              ▇ [1ms] - #21 Require(17) node_modules/egg-security/config/config.local.js
                              ▇ [1ms] - #22 Require(18) node_modules/egg-watcher/config/config.local.js
                              ▇ [1ms] - #23 Require(19) node_modules/egg-view/config/config.local.js
                              ▇ [1ms] - #24 Require(20) node_modules/egg/config/config.local.js
                              ▇▇ [49ms] - #25 Load extend/application.js
                              ▇ [1ms] - #26 Require(21) node_modules/egg-session/app/extend/application.js
                              ▇ [1ms] - #27 Require(22) node_modules/egg-security/app/extend/application.js
                              ▇ [3ms] - #28 Require(23) node_modules/egg-jsonp/app/extend/application.js
                              ▇ [3ms] - #29 Require(24) node_modules/egg-schedule/app/extend/application.js
                              ▇ [2ms] - #30 Require(25) node_modules/egg-logrotator/app/extend/application.js
                              ▇ [1ms] - #31 Require(26) node_modules/egg-view/app/extend/application.js
                               ▇ [35ms] - #32 Require(27) /Users/huangwei/Desktop/zero-element-boot/node_modules/egg-jwt/app/extend/application.js
                                ▇ [3ms] - #33 Load extend/request.js
                                ▇ [1ms] - #34 Require(28) node_modules/egg/app/extend/request.js
                                ▇ [3ms] - #35 Load extend/response.js
                                ▇ [1ms] - #36 Require(29) node_modules/egg/app/extend/response.js
                                ▇ [36ms] - #37 Load extend/context.js
                                ▇ [12ms] - #38 Require(30) node_modules/egg-security/app/extend/context.js
                                 ▇ [1ms] - #39 Require(31) node_modules/egg-jsonp/app/extend/context.js
                                 ▇ [0ms] - #40 Require(32) node_modules/egg-i18n/app/extend/context.js
                                 ▇ [18ms] - #41 Require(33) node_modules/egg-multipart/app/extend/context.js
                                  ▇ [2ms] - #42 Require(34) node_modules/egg-view/app/extend/context.js
                                  ▇ [1ms] - #43 Require(35) node_modules/egg/app/extend/context.js
                                  ▇ [16ms] - #44 Load extend/helper.js
                                  ▇ [13ms] - #45 Require(36) node_modules/egg-security/app/extend/helper.js
                                   ▇ [0ms] - #46 Require(37) node_modules/egg/app/extend/helper.js
                                   ▇ [27ms] - #47 Load app.js
                                   ▇ [1ms] - #48 Require(38) node_modules/egg-session/app.js
                                   ▇ [1ms] - #49 Require(39) node_modules/egg-security/app.js
                                   ▇ [7ms] - #50 Require(40) node_modules/egg-onerror/app.js
                                   ▇ [7ms] - #51 Require(41) node_modules/egg-i18n/app.js
                                   ▇ [5ms] - #52 Require(42) node_modules/egg-watcher/app.js
                                    ▇ [1ms] - #53 Require(43) node_modules/egg-schedule/app.js
                                    ▇ [1ms] - #54 Require(44) node_modules/egg-multipart/app.js
                                    ▇ [1ms] - #55 Require(45) node_modules/egg-development/app.js
                                    ▇ [0ms] - #56 Require(46) node_modules/egg-logrotator/app.js
                                    ▇ [1ms] - #57 Require(47) node_modules/egg-static/app.js
                                    ▇ [0ms] - #58 Require(48) /Users/huangwei/Desktop/zero-element-boot/node_modules/egg-jwt/app.js
                                    ▇ [1ms] - #59 Require(49) node_modules/egg-redis/app.js
                                    ▇▇▇▇▇▇▇▇ [199ms] - #60 Before Start in node_modules/egg-watcher/lib/init.js:15:14
                                        ▇▇▇▇▇▇▇▇▇ [208ms] - #61 Before Start in node_modules/egg-redis/lib/redis.js:58:7
                                        ▇ [4ms] - #62 Load Service
                                        ▇ [4ms] - #63 Load "service" to Context
                                        ▇▇▇ [84ms] - #64 Load Middleware
                                        ▇▇▇ [75ms] - #65 Load "middlewares" to Application
                                            ▇ [13ms] - #66 Load Controller
                                            ▇ [13ms] - #67 Load "controller" to Application
                                            ▇ [2ms] - #68 Load Router
                                            ▇ [1ms] - #69 Require(50) app/router.js
                                            ▇ [9ms] - #70 Before Start in node_modules/egg-core/lib/egg.js:306:10
2024-12-16 09:30:41,960 INFO 35954 [egg:core] dump config after ready, 8ms
2024-12-16 09:30:50,609 INFO 35978 [egg:logger] init all loggers with options: {"dir":"/Users/huangwei/Desktop/zero-element-boot/auto/logs/mynode","encoding":"utf8","env":"local","level":"INFO","consoleLevel":"INFO","disableConsoleAfterReady":false,"outputJSON":false,"buffer":true,"appLogName":"mynode-web.log","coreLogName":"egg-web.log","agentLogName":"egg-agent.log","errorLogName":"common-error.log","coreLogger":{"consoleLevel":"WARN"},"allowDebugAtProd":false,"enablePerformanceTimer":false,"enableFastContextLogger":false,"type":"application","localStorage":{"enabled":false}}
2024-12-16 09:30:50,609 INFO 35978 [egg-multipart] stream mode enable
2024-12-16 09:30:50,677 INFO 35978 [egg-redis] server connecting redis://:***@202.63.172.43:6379/0
2024-12-16 09:30:50,731 INFO 35978 [egg-static] starting static serve /public/ -> /Users/huangwei/Desktop/zero-element-boot/auto/app/public
2024-12-16 09:30:50,733 INFO 35978 [egg-security] use methodnoallow middleware
2024-12-16 09:30:50,734 INFO 35978 [egg-security] use noopen middleware
2024-12-16 09:30:50,734 INFO 35978 [egg-security] use nosniff middleware
2024-12-16 09:30:50,735 INFO 35978 [egg-security] use xssProtection middleware
2024-12-16 09:30:50,735 INFO 35978 [egg-security] use xframe middleware
2024-12-16 09:30:50,736 INFO 35978 [egg-security] use dta middleware
2024-12-16 09:30:50,736 INFO 35978 [egg-security] compose 6 middlewares into one security middleware
2024-12-16 09:30:50,751 INFO 35978 [egg:core] dump config after load, 6ms
2024-12-16 09:30:50,763 INFO 35978 [egg-watcher:application] watcher start success
2024-12-16 09:30:50,800 INFO 35978 [egg-redis] client connect success
2024-12-16 09:30:50,848 INFO 35978 [egg-redis] instance[0] status OK, client ready
2024-12-16 09:30:50,857 INFO 35978 egg start timeline:
▇▇▇▇▇▇▇▇▇▇▇▇▇▇▇▇▇▇▇▇▇▇▇▇▇ [401ms] - #0 Process Start
                         ▇▇▇▇▇▇▇▇▇▇▇▇▇▇▇▇▇▇▇▇▇▇▇ [379ms] - #1 Application Start
                          ▇ [8ms] - #2 Load Plugin
                           ▇ [12ms] - #3 Load Config
                           ▇ [1ms] - #4 Require(0) config/config.default.js
                           ▇ [1ms] - #5 Require(1) node_modules/egg-session/config/config.default.js
                           ▇ [0ms] - #6 Require(2) node_modules/egg-security/config/config.default.js
                           ▇ [0ms] - #7 Require(3) node_modules/egg-jsonp/config/config.default.js
                           ▇ [0ms] - #8 Require(4) node_modules/egg-onerror/config/config.default.js
                           ▇ [1ms] - #9 Require(5) node_modules/egg-i18n/config/config.default.js
                           ▇ [0ms] - #10 Require(6) node_modules/egg-watcher/config/config.default.js
                           ▇ [0ms] - #11 Require(7) node_modules/egg-schedule/config/config.default.js
                           ▇ [0ms] - #12 Require(8) node_modules/egg-multipart/config/config.default.js
                           ▇ [0ms] - #13 Require(9) node_modules/egg-development/config/config.default.js
                           ▇ [0ms] - #14 Require(10) node_modules/egg-logrotator/config/config.default.js
                           ▇ [0ms] - #15 Require(11) node_modules/egg-static/config/config.default.js
                           ▇ [0ms] - #16 Require(12) node_modules/egg-view/config/config.default.js
                           ▇ [0ms] - #17 Require(13) /Users/huangwei/Desktop/zero-element-boot/node_modules/egg-jwt/config/config.default.js
                           ▇ [0ms] - #18 Require(14) node_modules/egg-redis/config/config.default.js
                           ▇ [1ms] - #19 Require(15) node_modules/egg/config/config.default.js
                           ▇ [0ms] - #20 Require(16) config/config.default.js
                           ▇ [0ms] - #21 Require(17) node_modules/egg-security/config/config.local.js
                           ▇ [1ms] - #22 Require(18) node_modules/egg-watcher/config/config.local.js
                           ▇ [0ms] - #23 Require(19) node_modules/egg-view/config/config.local.js
                           ▇ [1ms] - #24 Require(20) node_modules/egg/config/config.local.js
                           ▇ [30ms] - #25 Load extend/application.js
                           ▇ [0ms] - #26 Require(21) node_modules/egg-session/app/extend/application.js
                           ▇ [1ms] - #27 Require(22) node_modules/egg-security/app/extend/application.js
                           ▇ [2ms] - #28 Require(23) node_modules/egg-jsonp/app/extend/application.js
                            ▇ [1ms] - #29 Require(24) node_modules/egg-schedule/app/extend/application.js
                            ▇ [1ms] - #30 Require(25) node_modules/egg-logrotator/app/extend/application.js
                            ▇ [1ms] - #31 Require(26) node_modules/egg-view/app/extend/application.js
                            ▇ [22ms] - #32 Require(27) /Users/huangwei/Desktop/zero-element-boot/node_modules/egg-jwt/app/extend/application.js
                             ▇ [3ms] - #33 Load extend/request.js
                             ▇ [1ms] - #34 Require(28) node_modules/egg/app/extend/request.js
                             ▇ [3ms] - #35 Load extend/response.js
                              ▇ [1ms] - #36 Require(29) node_modules/egg/app/extend/response.js
                              ▇ [20ms] - #37 Load extend/context.js
                              ▇ [5ms] - #38 Require(30) node_modules/egg-security/app/extend/context.js
                              ▇ [1ms] - #39 Require(31) node_modules/egg-jsonp/app/extend/context.js
                              ▇ [0ms] - #40 Require(32) node_modules/egg-i18n/app/extend/context.js
                              ▇ [9ms] - #41 Require(33) node_modules/egg-multipart/app/extend/context.js
                               ▇ [0ms] - #42 Require(34) node_modules/egg-view/app/extend/context.js
                               ▇ [0ms] - #43 Require(35) node_modules/egg/app/extend/context.js
                               ▇ [11ms] - #44 Load extend/helper.js
                               ▇ [9ms] - #45 Require(36) node_modules/egg-security/app/extend/helper.js
                                ▇ [0ms] - #46 Require(37) node_modules/egg/app/extend/helper.js
                                ▇▇ [32ms] - #47 Load app.js
                                ▇ [0ms] - #48 Require(38) node_modules/egg-session/app.js
                                ▇ [0ms] - #49 Require(39) node_modules/egg-security/app.js
                                ▇ [4ms] - #50 Require(40) node_modules/egg-onerror/app.js
                                ▇ [15ms] - #51 Require(41) node_modules/egg-i18n/app.js
                                 ▇ [5ms] - #52 Require(42) node_modules/egg-watcher/app.js
                                 ▇ [1ms] - #53 Require(43) node_modules/egg-schedule/app.js
                                 ▇ [1ms] - #54 Require(44) node_modules/egg-multipart/app.js
                                 ▇ [1ms] - #55 Require(45) node_modules/egg-development/app.js
                                 ▇ [0ms] - #56 Require(46) node_modules/egg-logrotator/app.js
                                 ▇ [0ms] - #57 Require(47) node_modules/egg-static/app.js
                                 ▇ [0ms] - #58 Require(48) /Users/huangwei/Desktop/zero-element-boot/node_modules/egg-jwt/app.js
                                 ▇ [1ms] - #59 Require(49) node_modules/egg-redis/app.js
                                  ▇▇▇▇▇▇▇▇▇ [148ms] - #60 Before Start in node_modules/egg-watcher/lib/init.js:15:14
                                      ▇▇▇▇▇▇▇▇▇▇ [170ms] - #61 Before Start in node_modules/egg-redis/lib/redis.js:58:7
                                      ▇ [4ms] - #62 Load Service
                                      ▇ [4ms] - #63 Load "service" to Context
                                      ▇▇▇ [53ms] - #64 Load Middleware
                                      ▇▇ [46ms] - #65 Load "middlewares" to Application
                                          ▇ [8ms] - #66 Load Controller
                                          ▇ [8ms] - #67 Load "controller" to Application
                                          ▇ [1ms] - #68 Load Router
                                          ▇ [0ms] - #69 Require(50) app/router.js
                                          ▇ [10ms] - #70 Before Start in node_modules/egg-core/lib/egg.js:306:10
2024-12-16 09:30:50,858 INFO 35978 [egg:core] dump config after ready, 6ms
2024-12-16 09:30:56,232 INFO 35994 [egg:logger] init all loggers with options: {"dir":"/Users/huangwei/Desktop/zero-element-boot/auto/logs/mynode","encoding":"utf8","env":"local","level":"INFO","consoleLevel":"INFO","disableConsoleAfterReady":false,"outputJSON":false,"buffer":true,"appLogName":"mynode-web.log","coreLogName":"egg-web.log","agentLogName":"egg-agent.log","errorLogName":"common-error.log","coreLogger":{"consoleLevel":"WARN"},"allowDebugAtProd":false,"enablePerformanceTimer":false,"enableFastContextLogger":false,"type":"application","localStorage":{"enabled":false}}
2024-12-16 09:30:56,233 INFO 35994 [egg-multipart] stream mode enable
2024-12-16 09:30:56,285 INFO 35994 [egg-redis] server connecting redis://:***@202.63.172.43:6379/0
2024-12-16 09:30:56,333 INFO 35994 [egg-static] starting static serve /public/ -> /Users/huangwei/Desktop/zero-element-boot/auto/app/public
2024-12-16 09:30:56,335 INFO 35994 [egg-security] use methodnoallow middleware
2024-12-16 09:30:56,335 INFO 35994 [egg-security] use noopen middleware
2024-12-16 09:30:56,335 INFO 35994 [egg-security] use nosniff middleware
2024-12-16 09:30:56,336 INFO 35994 [egg-security] use xssProtection middleware
2024-12-16 09:30:56,336 INFO 35994 [egg-security] use xframe middleware
2024-12-16 09:30:56,337 INFO 35994 [egg-security] use dta middleware
2024-12-16 09:30:56,337 INFO 35994 [egg-security] compose 6 middlewares into one security middleware
2024-12-16 09:30:56,350 INFO 35994 [egg:core] dump config after load, 4ms
2024-12-16 09:30:56,361 INFO 35994 [egg-watcher:application] watcher start success
2024-12-16 09:30:56,408 INFO 35994 [egg-redis] client connect success
2024-12-16 09:30:56,461 INFO 35994 [egg-redis] instance[0] status OK, client ready
2024-12-16 09:30:56,468 INFO 35994 egg start timeline:
▇▇▇▇▇▇▇▇▇▇▇▇▇▇▇▇▇▇▇▇▇▇▇▇▇▇ [382ms] - #0 Process Start
                          ▇▇▇▇▇▇▇▇▇▇▇▇▇▇▇▇▇▇▇▇▇▇ [331ms] - #1 Application Start
                           ▇ [8ms] - #2 Load Plugin
                           ▇ [11ms] - #3 Load Config
                           ▇ [0ms] - #4 Require(0) config/config.default.js
                           ▇ [0ms] - #5 Require(1) node_modules/egg-session/config/config.default.js
                           ▇ [0ms] - #6 Require(2) node_modules/egg-security/config/config.default.js
                           ▇ [0ms] - #7 Require(3) node_modules/egg-jsonp/config/config.default.js
                           ▇ [0ms] - #8 Require(4) node_modules/egg-onerror/config/config.default.js
                           ▇ [1ms] - #9 Require(5) node_modules/egg-i18n/config/config.default.js
                           ▇ [0ms] - #10 Require(6) node_modules/egg-watcher/config/config.default.js
                           ▇ [0ms] - #11 Require(7) node_modules/egg-schedule/config/config.default.js
                            ▇ [0ms] - #12 Require(8) node_modules/egg-multipart/config/config.default.js
                            ▇ [0ms] - #13 Require(9) node_modules/egg-development/config/config.default.js
                            ▇ [0ms] - #14 Require(10) node_modules/egg-logrotator/config/config.default.js
                            ▇ [0ms] - #15 Require(11) node_modules/egg-static/config/config.default.js
                            ▇ [1ms] - #16 Require(12) node_modules/egg-view/config/config.default.js
                            ▇ [0ms] - #17 Require(13) /Users/huangwei/Desktop/zero-element-boot/node_modules/egg-jwt/config/config.default.js
                            ▇ [0ms] - #18 Require(14) node_modules/egg-redis/config/config.default.js
                            ▇ [1ms] - #19 Require(15) node_modules/egg/config/config.default.js
                            ▇ [0ms] - #20 Require(16) config/config.default.js
                            ▇ [0ms] - #21 Require(17) node_modules/egg-security/config/config.local.js
                            ▇ [1ms] - #22 Require(18) node_modules/egg-watcher/config/config.local.js
                            ▇ [0ms] - #23 Require(19) node_modules/egg-view/config/config.local.js
                            ▇ [0ms] - #24 Require(20) node_modules/egg/config/config.local.js
                            ▇ [26ms] - #25 Load extend/application.js
                            ▇ [0ms] - #26 Require(21) node_modules/egg-session/app/extend/application.js
                            ▇ [1ms] - #27 Require(22) node_modules/egg-security/app/extend/application.js
                            ▇ [2ms] - #28 Require(23) node_modules/egg-jsonp/app/extend/application.js
                            ▇ [1ms] - #29 Require(24) node_modules/egg-schedule/app/extend/application.js
                            ▇ [0ms] - #30 Require(25) node_modules/egg-logrotator/app/extend/application.js
                            ▇ [1ms] - #31 Require(26) node_modules/egg-view/app/extend/application.js
                            ▇ [19ms] - #32 Require(27) /Users/huangwei/Desktop/zero-element-boot/node_modules/egg-jwt/app/extend/application.js
                              ▇ [3ms] - #33 Load extend/request.js
                              ▇ [1ms] - #34 Require(28) node_modules/egg/app/extend/request.js
                              ▇ [2ms] - #35 Load extend/response.js
                              ▇ [1ms] - #36 Require(29) node_modules/egg/app/extend/response.js
                              ▇ [17ms] - #37 Load extend/context.js
                              ▇ [5ms] - #38 Require(30) node_modules/egg-security/app/extend/context.js
                               ▇ [0ms] - #39 Require(31) node_modules/egg-jsonp/app/extend/context.js
                               ▇ [0ms] - #40 Require(32) node_modules/egg-i18n/app/extend/context.js
                               ▇ [7ms] - #41 Require(33) node_modules/egg-multipart/app/extend/context.js
                               ▇ [1ms] - #42 Require(34) node_modules/egg-view/app/extend/context.js
                               ▇ [1ms] - #43 Require(35) node_modules/egg/app/extend/context.js
                               ▇ [9ms] - #44 Load extend/helper.js
                               ▇ [7ms] - #45 Require(36) node_modules/egg-security/app/extend/helper.js
                                ▇ [0ms] - #46 Require(37) node_modules/egg/app/extend/helper.js
                                ▇ [14ms] - #47 Load app.js
                                ▇ [0ms] - #48 Require(38) node_modules/egg-session/app.js
                                ▇ [1ms] - #49 Require(39) node_modules/egg-security/app.js
                                ▇ [3ms] - #50 Require(40) node_modules/egg-onerror/app.js
                                ▇ [4ms] - #51 Require(41) node_modules/egg-i18n/app.js
                                 ▇ [3ms] - #52 Require(42) node_modules/egg-watcher/app.js
                                 ▇ [0ms] - #53 Require(43) node_modules/egg-schedule/app.js
                                 ▇ [1ms] - #54 Require(44) node_modules/egg-multipart/app.js
                                 ▇ [0ms] - #55 Require(45) node_modules/egg-development/app.js
                                 ▇ [1ms] - #56 Require(46) node_modules/egg-logrotator/app.js
                                 ▇ [0ms] - #57 Require(47) node_modules/egg-static/app.js
                                 ▇ [0ms] - #58 Require(48) /Users/huangwei/Desktop/zero-element-boot/node_modules/egg-jwt/app.js
                                 ▇ [1ms] - #59 Require(49) node_modules/egg-redis/app.js
                                 ▇▇▇▇▇▇▇▇ [125ms] - #60 Before Start in node_modules/egg-watcher/lib/init.js:15:14
                                     ▇▇▇▇▇▇▇▇▇▇▇▇ [174ms] - #61 Before Start in node_modules/egg-redis/lib/redis.js:58:7
                                     ▇ [4ms] - #62 Load Service
                                     ▇ [4ms] - #63 Load "service" to Context
                                     ▇▇▇ [47ms] - #64 Load Middleware
                                     ▇▇ [41ms] - #65 Load "middlewares" to Application
                                        ▇ [6ms] - #66 Load Controller
                                        ▇ [6ms] - #67 Load "controller" to Application
                                         ▇ [2ms] - #68 Load Router
                                         ▇ [0ms] - #69 Require(50) app/router.js
                                         ▇ [8ms] - #70 Before Start in node_modules/egg-core/lib/egg.js:306:10
2024-12-16 09:30:56,468 INFO 35994 [egg:core] dump config after ready, 5ms
2024-12-16 09:32:16,221 INFO 36047 [egg:logger] init all loggers with options: {"dir":"/Users/huangwei/Desktop/zero-element-boot/auto/logs/mynode","encoding":"utf8","env":"local","level":"INFO","consoleLevel":"INFO","disableConsoleAfterReady":false,"outputJSON":false,"buffer":true,"appLogName":"mynode-web.log","coreLogName":"egg-web.log","agentLogName":"egg-agent.log","errorLogName":"common-error.log","coreLogger":{"consoleLevel":"WARN"},"allowDebugAtProd":false,"enablePerformanceTimer":false,"enableFastContextLogger":false,"type":"application","localStorage":{"enabled":false}}
2024-12-16 09:32:16,221 INFO 36047 [egg-multipart] stream mode enable
2024-12-16 09:32:16,308 INFO 36047 [egg-redis] server connecting redis://:***@202.63.172.43:6379/0
2024-12-16 09:32:16,392 INFO 36047 [egg-static] starting static serve /public/ -> /Users/huangwei/Desktop/zero-element-boot/auto/app/public
2024-12-16 09:32:16,394 INFO 36047 [egg-security] use methodnoallow middleware
2024-12-16 09:32:16,395 INFO 36047 [egg-security] use noopen middleware
2024-12-16 09:32:16,395 INFO 36047 [egg-security] use nosniff middleware
2024-12-16 09:32:16,396 INFO 36047 [egg-security] use xssProtection middleware
2024-12-16 09:32:16,397 INFO 36047 [egg-security] use xframe middleware
2024-12-16 09:32:16,397 INFO 36047 [egg-security] use dta middleware
2024-12-16 09:32:16,397 INFO 36047 [egg-security] compose 6 middlewares into one security middleware
2024-12-16 09:32:16,417 INFO 36047 [egg:core] dump config after load, 5ms
2024-12-16 09:32:16,428 INFO 36047 [egg-watcher:application] watcher start success
2024-12-16 09:32:16,467 INFO 36047 [egg-redis] client connect success
2024-12-16 09:32:16,516 INFO 36047 [egg-redis] instance[0] status OK, client ready
2024-12-16 09:32:16,523 INFO 36047 egg start timeline:
▇▇▇▇▇▇▇▇▇▇▇▇▇▇▇▇▇▇▇▇▇▇▇▇▇▇▇▇ [713ms] - #0 Process Start
                            ▇▇▇▇▇▇▇▇▇▇▇▇▇▇▇▇▇▇▇▇▇ [524ms] - #1 Application Start
                             ▇ [16ms] - #2 Load Plugin
                              ▇ [24ms] - #3 Load Config
                              ▇ [1ms] - #4 Require(0) config/config.default.js
                              ▇ [1ms] - #5 Require(1) node_modules/egg-session/config/config.default.js
                              ▇ [1ms] - #6 Require(2) node_modules/egg-security/config/config.default.js
                              ▇ [0ms] - #7 Require(3) node_modules/egg-jsonp/config/config.default.js
                              ▇ [0ms] - #8 Require(4) node_modules/egg-onerror/config/config.default.js
                              ▇ [2ms] - #9 Require(5) node_modules/egg-i18n/config/config.default.js
                              ▇ [1ms] - #10 Require(6) node_modules/egg-watcher/config/config.default.js
                              ▇ [1ms] - #11 Require(7) node_modules/egg-schedule/config/config.default.js
                              ▇ [1ms] - #12 Require(8) node_modules/egg-multipart/config/config.default.js
                              ▇ [1ms] - #13 Require(9) node_modules/egg-development/config/config.default.js
                              ▇ [1ms] - #14 Require(10) node_modules/egg-logrotator/config/config.default.js
                              ▇ [1ms] - #15 Require(11) node_modules/egg-static/config/config.default.js
                              ▇ [1ms] - #16 Require(12) node_modules/egg-view/config/config.default.js
                              ▇ [1ms] - #17 Require(13) /Users/huangwei/Desktop/zero-element-boot/node_modules/egg-jwt/config/config.default.js
                              ▇ [1ms] - #18 Require(14) node_modules/egg-redis/config/config.default.js
                              ▇ [1ms] - #19 Require(15) node_modules/egg/config/config.default.js
                              ▇ [0ms] - #20 Require(16) config/config.default.js
                              ▇ [1ms] - #21 Require(17) node_modules/egg-security/config/config.local.js
                              ▇ [0ms] - #22 Require(18) node_modules/egg-watcher/config/config.local.js
                              ▇ [1ms] - #23 Require(19) node_modules/egg-view/config/config.local.js
                              ▇ [1ms] - #24 Require(20) node_modules/egg/config/config.local.js
                               ▇▇ [57ms] - #25 Load extend/application.js
                               ▇ [1ms] - #26 Require(21) node_modules/egg-session/app/extend/application.js
                               ▇ [1ms] - #27 Require(22) node_modules/egg-security/app/extend/application.js
                               ▇ [3ms] - #28 Require(23) node_modules/egg-jsonp/app/extend/application.js
                               ▇ [3ms] - #29 Require(24) node_modules/egg-schedule/app/extend/application.js
                               ▇ [2ms] - #30 Require(25) node_modules/egg-logrotator/app/extend/application.js
                               ▇ [1ms] - #31 Require(26) node_modules/egg-view/app/extend/application.js
                               ▇ [44ms] - #32 Require(27) /Users/huangwei/Desktop/zero-element-boot/node_modules/egg-jwt/app/extend/application.js
                                 ▇ [4ms] - #33 Load extend/request.js
                                 ▇ [1ms] - #34 Require(28) node_modules/egg/app/extend/request.js
                                 ▇ [7ms] - #35 Load extend/response.js
                                 ▇ [4ms] - #36 Require(29) node_modules/egg/app/extend/response.js
                                 ▇ [48ms] - #37 Load extend/context.js
                                 ▇ [19ms] - #38 Require(30) node_modules/egg-security/app/extend/context.js
                                  ▇ [1ms] - #39 Require(31) node_modules/egg-jsonp/app/extend/context.js
                                  ▇ [0ms] - #40 Require(32) node_modules/egg-i18n/app/extend/context.js
                                  ▇ [17ms] - #41 Require(33) node_modules/egg-multipart/app/extend/context.js
                                   ▇ [2ms] - #42 Require(34) node_modules/egg-view/app/extend/context.js
                                   ▇ [2ms] - #43 Require(35) node_modules/egg/app/extend/context.js
                                   ▇ [19ms] - #44 Load extend/helper.js
                                   ▇ [16ms] - #45 Require(36) node_modules/egg-security/app/extend/helper.js
                                    ▇ [1ms] - #46 Require(37) node_modules/egg/app/extend/helper.js
                                    ▇ [31ms] - #47 Load app.js
                                    ▇ [1ms] - #48 Require(38) node_modules/egg-session/app.js
                                    ▇ [1ms] - #49 Require(39) node_modules/egg-security/app.js
                                    ▇ [7ms] - #50 Require(40) node_modules/egg-onerror/app.js
                                    ▇ [8ms] - #51 Require(41) node_modules/egg-i18n/app.js
                                     ▇ [6ms] - #52 Require(42) node_modules/egg-watcher/app.js
                                     ▇ [0ms] - #53 Require(43) node_modules/egg-schedule/app.js
                                     ▇ [1ms] - #54 Require(44) node_modules/egg-multipart/app.js
                                     ▇ [0ms] - #55 Require(45) node_modules/egg-development/app.js
                                     ▇ [1ms] - #56 Require(46) node_modules/egg-logrotator/app.js
                                     ▇ [0ms] - #57 Require(47) node_modules/egg-static/app.js
                                     ▇ [0ms] - #58 Require(48) /Users/huangwei/Desktop/zero-element-boot/node_modules/egg-jwt/app.js
                                     ▇ [1ms] - #59 Require(49) node_modules/egg-redis/app.js
                                      ▇▇▇▇▇▇▇▇ [203ms] - #60 Before Start in node_modules/egg-watcher/lib/init.js:15:14
                                         ▇▇▇▇▇▇▇▇ [208ms] - #61 Before Start in node_modules/egg-redis/lib/redis.js:58:7
                                         ▇ [3ms] - #62 Load Service
                                         ▇ [3ms] - #63 Load "service" to Context
                                         ▇▇▇ [85ms] - #64 Load Middleware
                                         ▇▇▇ [77ms] - #65 Load "middlewares" to Application
                                            ▇ [12ms] - #66 Load Controller
                                            ▇ [12ms] - #67 Load "controller" to Application
                                             ▇ [2ms] - #68 Load Router
                                             ▇ [0ms] - #69 Require(50) app/router.js
                                             ▇ [8ms] - #70 Before Start in node_modules/egg-core/lib/egg.js:306:10
2024-12-16 09:32:16,523 INFO 36047 [egg:core] dump config after ready, 4ms
2024-12-16 09:33:26,861 INFO 36100 [egg:logger] init all loggers with options: {"dir":"/Users/huangwei/Desktop/zero-element-boot/auto/logs/mynode","encoding":"utf8","env":"local","level":"INFO","consoleLevel":"INFO","disableConsoleAfterReady":false,"outputJSON":false,"buffer":true,"appLogName":"mynode-web.log","coreLogName":"egg-web.log","agentLogName":"egg-agent.log","errorLogName":"common-error.log","coreLogger":{"consoleLevel":"WARN"},"allowDebugAtProd":false,"enablePerformanceTimer":false,"enableFastContextLogger":false,"type":"application","localStorage":{"enabled":false}}
2024-12-16 09:33:26,861 INFO 36100 [egg-multipart] stream mode enable
2024-12-16 09:33:26,949 INFO 36100 [egg-redis] server connecting redis://:***@202.63.172.43:6379/0
2024-12-16 09:33:27,009 INFO 36100 [egg-static] starting static serve /public/ -> /Users/huangwei/Desktop/zero-element-boot/auto/app/public
2024-12-16 09:33:27,011 INFO 36100 [egg-security] use methodnoallow middleware
2024-12-16 09:33:27,011 INFO 36100 [egg-security] use noopen middleware
2024-12-16 09:33:27,012 INFO 36100 [egg-security] use nosniff middleware
2024-12-16 09:33:27,012 INFO 36100 [egg-security] use xssProtection middleware
2024-12-16 09:33:27,012 INFO 36100 [egg-security] use xframe middleware
2024-12-16 09:33:27,013 INFO 36100 [egg-security] use dta middleware
2024-12-16 09:33:27,013 INFO 36100 [egg-security] compose 6 middlewares into one security middleware
2024-12-16 09:33:27,028 INFO 36100 [egg:core] dump config after load, 5ms
2024-12-16 09:33:27,040 INFO 36100 [egg-watcher:application] watcher start success
2024-12-16 09:33:27,088 INFO 36100 [egg-redis] client connect success
2024-12-16 09:33:27,149 INFO 36100 [egg-redis] instance[0] status OK, client ready
2024-12-16 09:33:27,173 INFO 36100 egg start timeline:
▇▇▇▇▇▇▇▇▇▇▇▇▇▇▇▇▇▇▇▇▇▇▇▇▇ [466ms] - #0 Process Start
                         ▇▇▇▇▇▇▇▇▇▇▇▇▇▇▇▇▇▇▇▇▇▇▇ [426ms] - #1 Application Start
                         ▇ [8ms] - #2 Load Plugin
                          ▇ [12ms] - #3 Load Config
                          ▇ [0ms] - #4 Require(0) config/config.default.js
                          ▇ [0ms] - #5 Require(1) node_modules/egg-session/config/config.default.js
                          ▇ [0ms] - #6 Require(2) node_modules/egg-security/config/config.default.js
                          ▇ [0ms] - #7 Require(3) node_modules/egg-jsonp/config/config.default.js
                          ▇ [1ms] - #8 Require(4) node_modules/egg-onerror/config/config.default.js
                          ▇ [0ms] - #9 Require(5) node_modules/egg-i18n/config/config.default.js
                          ▇ [0ms] - #10 Require(6) node_modules/egg-watcher/config/config.default.js
                          ▇ [0ms] - #11 Require(7) node_modules/egg-schedule/config/config.default.js
                          ▇ [0ms] - #12 Require(8) node_modules/egg-multipart/config/config.default.js
                          ▇ [0ms] - #13 Require(9) node_modules/egg-development/config/config.default.js
                          ▇ [0ms] - #14 Require(10) node_modules/egg-logrotator/config/config.default.js
                          ▇ [1ms] - #15 Require(11) node_modules/egg-static/config/config.default.js
                          ▇ [0ms] - #16 Require(12) node_modules/egg-view/config/config.default.js
                          ▇ [0ms] - #17 Require(13) /Users/huangwei/Desktop/zero-element-boot/node_modules/egg-jwt/config/config.default.js
                          ▇ [0ms] - #18 Require(14) node_modules/egg-redis/config/config.default.js
                          ▇ [1ms] - #19 Require(15) node_modules/egg/config/config.default.js
                          ▇ [0ms] - #20 Require(16) config/config.default.js
                          ▇ [0ms] - #21 Require(17) node_modules/egg-security/config/config.local.js
                           ▇ [0ms] - #22 Require(18) node_modules/egg-watcher/config/config.local.js
                           ▇ [0ms] - #23 Require(19) node_modules/egg-view/config/config.local.js
                           ▇ [0ms] - #24 Require(20) node_modules/egg/config/config.local.js
                           ▇ [32ms] - #25 Load extend/application.js
                           ▇ [0ms] - #26 Require(21) node_modules/egg-session/app/extend/application.js
                           ▇ [1ms] - #27 Require(22) node_modules/egg-security/app/extend/application.js
                           ▇ [2ms] - #28 Require(23) node_modules/egg-jsonp/app/extend/application.js
                           ▇ [2ms] - #29 Require(24) node_modules/egg-schedule/app/extend/application.js
                           ▇ [0ms] - #30 Require(25) node_modules/egg-logrotator/app/extend/application.js
                           ▇ [0ms] - #31 Require(26) node_modules/egg-view/app/extend/application.js
                           ▇ [24ms] - #32 Require(27) /Users/huangwei/Desktop/zero-element-boot/node_modules/egg-jwt/app/extend/application.js
                            ▇ [3ms] - #33 Load extend/request.js
                            ▇ [1ms] - #34 Require(28) node_modules/egg/app/extend/request.js
                             ▇ [3ms] - #35 Load extend/response.js
                             ▇ [1ms] - #36 Require(29) node_modules/egg/app/extend/response.js
                             ▇ [20ms] - #37 Load extend/context.js
                             ▇ [5ms] - #38 Require(30) node_modules/egg-security/app/extend/context.js
                             ▇ [0ms] - #39 Require(31) node_modules/egg-jsonp/app/extend/context.js
                             ▇ [1ms] - #40 Require(32) node_modules/egg-i18n/app/extend/context.js
                             ▇ [10ms] - #41 Require(33) node_modules/egg-multipart/app/extend/context.js
                              ▇ [1ms] - #42 Require(34) node_modules/egg-view/app/extend/context.js
                              ▇ [1ms] - #43 Require(35) node_modules/egg/app/extend/context.js
                              ▇ [21ms] - #44 Load extend/helper.js
                              ▇ [19ms] - #45 Require(36) node_modules/egg-security/app/extend/helper.js
                               ▇ [0ms] - #46 Require(37) node_modules/egg/app/extend/helper.js
                               ▇ [23ms] - #47 Load app.js
                               ▇ [1ms] - #48 Require(38) node_modules/egg-session/app.js
                               ▇ [0ms] - #49 Require(39) node_modules/egg-security/app.js
                               ▇ [4ms] - #50 Require(40) node_modules/egg-onerror/app.js
                               ▇ [7ms] - #51 Require(41) node_modules/egg-i18n/app.js
                                ▇ [6ms] - #52 Require(42) node_modules/egg-watcher/app.js
                                ▇ [1ms] - #53 Require(43) node_modules/egg-schedule/app.js
                                ▇ [1ms] - #54 Require(44) node_modules/egg-multipart/app.js
                                ▇ [0ms] - #55 Require(45) node_modules/egg-development/app.js
                                ▇ [0ms] - #56 Require(46) node_modules/egg-logrotator/app.js
                                ▇ [1ms] - #57 Require(47) node_modules/egg-static/app.js
                                ▇ [0ms] - #58 Require(48) /Users/huangwei/Desktop/zero-element-boot/node_modules/egg-jwt/app.js
                                ▇ [1ms] - #59 Require(49) node_modules/egg-redis/app.js
                                 ▇▇▇▇▇▇▇▇▇ [175ms] - #60 Before Start in node_modules/egg-watcher/lib/init.js:15:14
                                     ▇▇▇▇▇▇▇▇▇▇ [198ms] - #61 Before Start in node_modules/egg-redis/lib/redis.js:58:7
                                     ▇ [6ms] - #62 Load Service
                                     ▇ [6ms] - #63 Load "service" to Context
                                      ▇▇▇ [55ms] - #64 Load Middleware
                                      ▇▇ [49ms] - #65 Load "middlewares" to Application
                                         ▇ [9ms] - #66 Load Controller
                                         ▇ [9ms] - #67 Load "controller" to Application
                                         ▇ [1ms] - #68 Load Router
                                         ▇ [0ms] - #69 Require(50) app/router.js
                                         ▇ [9ms] - #70 Before Start in node_modules/egg-core/lib/egg.js:306:10
2024-12-16 09:33:27,174 INFO 36100 [egg:core] dump config after ready, 17ms
2024-12-16 09:33:35,942 INFO 36128 [egg:logger] init all loggers with options: {"dir":"/Users/huangwei/Desktop/zero-element-boot/auto/logs/mynode","encoding":"utf8","env":"local","level":"INFO","consoleLevel":"INFO","disableConsoleAfterReady":false,"outputJSON":false,"buffer":true,"appLogName":"mynode-web.log","coreLogName":"egg-web.log","agentLogName":"egg-agent.log","errorLogName":"common-error.log","coreLogger":{"consoleLevel":"WARN"},"allowDebugAtProd":false,"enablePerformanceTimer":false,"enableFastContextLogger":false,"type":"application","localStorage":{"enabled":false}}
2024-12-16 09:33:35,943 INFO 36128 [egg-multipart] stream mode enable
2024-12-16 09:33:36,003 INFO 36128 [egg-redis] server connecting redis://:***@202.63.172.43:6379/0
2024-12-16 09:33:36,053 INFO 36128 [egg-static] starting static serve /public/ -> /Users/huangwei/Desktop/zero-element-boot/auto/app/public
2024-12-16 09:33:36,055 INFO 36128 [egg-security] use methodnoallow middleware
2024-12-16 09:33:36,055 INFO 36128 [egg-security] use noopen middleware
2024-12-16 09:33:36,055 INFO 36128 [egg-security] use nosniff middleware
2024-12-16 09:33:36,056 INFO 36128 [egg-security] use xssProtection middleware
2024-12-16 09:33:36,056 INFO 36128 [egg-security] use xframe middleware
2024-12-16 09:33:36,056 INFO 36128 [egg-security] use dta middleware
2024-12-16 09:33:36,056 INFO 36128 [egg-security] compose 6 middlewares into one security middleware
2024-12-16 09:33:36,071 INFO 36128 [egg:core] dump config after load, 4ms
2024-12-16 09:33:36,082 INFO 36128 [egg-watcher:application] watcher start success
2024-12-16 09:33:36,125 INFO 36128 [egg-redis] client connect success
2024-12-16 09:33:36,178 INFO 36128 [egg-redis] instance[0] status OK, client ready
2024-12-16 09:33:36,190 INFO 36128 egg start timeline:
▇▇▇▇▇▇▇▇▇▇▇▇▇▇▇▇▇▇▇▇▇▇▇▇▇▇▇ [437ms] - #0 Process Start
                           ▇▇▇▇▇▇▇▇▇▇▇▇▇▇▇▇▇▇▇▇▇▇ [359ms] - #1 Application Start
                           ▇ [9ms] - #2 Load Plugin
                            ▇ [13ms] - #3 Load Config
                            ▇ [0ms] - #4 Require(0) config/config.default.js
                            ▇ [1ms] - #5 Require(1) node_modules/egg-session/config/config.default.js
                            ▇ [0ms] - #6 Require(2) node_modules/egg-security/config/config.default.js
                            ▇ [0ms] - #7 Require(3) node_modules/egg-jsonp/config/config.default.js
                            ▇ [0ms] - #8 Require(4) node_modules/egg-onerror/config/config.default.js
                            ▇ [1ms] - #9 Require(5) node_modules/egg-i18n/config/config.default.js
                            ▇ [0ms] - #10 Require(6) node_modules/egg-watcher/config/config.default.js
                            ▇ [1ms] - #11 Require(7) node_modules/egg-schedule/config/config.default.js
                            ▇ [0ms] - #12 Require(8) node_modules/egg-multipart/config/config.default.js
                            ▇ [1ms] - #13 Require(9) node_modules/egg-development/config/config.default.js
                            ▇ [0ms] - #14 Require(10) node_modules/egg-logrotator/config/config.default.js
                            ▇ [0ms] - #15 Require(11) node_modules/egg-static/config/config.default.js
                            ▇ [0ms] - #16 Require(12) node_modules/egg-view/config/config.default.js
                            ▇ [0ms] - #17 Require(13) /Users/huangwei/Desktop/zero-element-boot/node_modules/egg-jwt/config/config.default.js
                            ▇ [1ms] - #18 Require(14) node_modules/egg-redis/config/config.default.js
                            ▇ [0ms] - #19 Require(15) node_modules/egg/config/config.default.js
                            ▇ [0ms] - #20 Require(16) config/config.default.js
                             ▇ [0ms] - #21 Require(17) node_modules/egg-security/config/config.local.js
                             ▇ [0ms] - #22 Require(18) node_modules/egg-watcher/config/config.local.js
                             ▇ [1ms] - #23 Require(19) node_modules/egg-view/config/config.local.js
                             ▇ [0ms] - #24 Require(20) node_modules/egg/config/config.local.js
                             ▇ [32ms] - #25 Load extend/application.js
                             ▇ [0ms] - #26 Require(21) node_modules/egg-session/app/extend/application.js
                             ▇ [1ms] - #27 Require(22) node_modules/egg-security/app/extend/application.js
                             ▇ [1ms] - #28 Require(23) node_modules/egg-jsonp/app/extend/application.js
                             ▇ [2ms] - #29 Require(24) node_modules/egg-schedule/app/extend/application.js
                             ▇ [0ms] - #30 Require(25) node_modules/egg-logrotator/app/extend/application.js
                             ▇ [0ms] - #31 Require(26) node_modules/egg-view/app/extend/application.js
                             ▇ [24ms] - #32 Require(27) /Users/huangwei/Desktop/zero-element-boot/node_modules/egg-jwt/app/extend/application.js
                               ▇ [3ms] - #33 Load extend/request.js
                               ▇ [0ms] - #34 Require(28) node_modules/egg/app/extend/request.js
                               ▇ [3ms] - #35 Load extend/response.js
                               ▇ [1ms] - #36 Require(29) node_modules/egg/app/extend/response.js
                               ▇ [19ms] - #37 Load extend/context.js
                               ▇ [5ms] - #38 Require(30) node_modules/egg-security/app/extend/context.js
                               ▇ [0ms] - #39 Require(31) node_modules/egg-jsonp/app/extend/context.js
                               ▇ [1ms] - #40 Require(32) node_modules/egg-i18n/app/extend/context.js
                                ▇ [9ms] - #41 Require(33) node_modules/egg-multipart/app/extend/context.js
                                ▇ [0ms] - #42 Require(34) node_modules/egg-view/app/extend/context.js
                                ▇ [0ms] - #43 Require(35) node_modules/egg/app/extend/context.js
                                ▇ [11ms] - #44 Load extend/helper.js
                                ▇ [8ms] - #45 Require(36) node_modules/egg-security/app/extend/helper.js
                                 ▇ [0ms] - #46 Require(37) node_modules/egg/app/extend/helper.js
                                 ▇ [17ms] - #47 Load app.js
                                 ▇ [0ms] - #48 Require(38) node_modules/egg-session/app.js
                                 ▇ [1ms] - #49 Require(39) node_modules/egg-security/app.js
                                 ▇ [4ms] - #50 Require(40) node_modules/egg-onerror/app.js
                                 ▇ [5ms] - #51 Require(41) node_modules/egg-i18n/app.js
                                  ▇ [4ms] - #52 Require(42) node_modules/egg-watcher/app.js
                                  ▇ [0ms] - #53 Require(43) node_modules/egg-schedule/app.js
                                  ▇ [1ms] - #54 Require(44) node_modules/egg-multipart/app.js
                                  ▇ [0ms] - #55 Require(45) node_modules/egg-development/app.js
                                  ▇ [0ms] - #56 Require(46) node_modules/egg-logrotator/app.js
                                  ▇ [1ms] - #57 Require(47) node_modules/egg-static/app.js
                                  ▇ [0ms] - #58 Require(48) /Users/huangwei/Desktop/zero-element-boot/node_modules/egg-jwt/app.js
                                  ▇ [0ms] - #59 Require(49) node_modules/egg-redis/app.js
                                  ▇▇▇▇▇▇▇▇ [135ms] - #60 Before Start in node_modules/egg-watcher/lib/init.js:15:14
                                      ▇▇▇▇▇▇▇▇▇▇ [174ms] - #61 Before Start in node_modules/egg-redis/lib/redis.js:58:7
                                      ▇ [4ms] - #62 Load Service
                                      ▇ [4ms] - #63 Load "service" to Context
                                      ▇▇ [48ms] - #64 Load Middleware
                                      ▇▇ [43ms] - #65 Load "middlewares" to Application
                                         ▇ [8ms] - #66 Load Controller
                                         ▇ [8ms] - #67 Load "controller" to Application
                                          ▇ [2ms] - #68 Load Router
                                          ▇ [0ms] - #69 Require(50) app/router.js
                                          ▇ [8ms] - #70 Before Start in node_modules/egg-core/lib/egg.js:306:10
2024-12-16 09:33:36,190 INFO 36128 [egg:core] dump config after ready, 7ms
2024-12-16 09:34:15,746 INFO 36158 [egg:logger] init all loggers with options: {"dir":"/Users/huangwei/Desktop/zero-element-boot/auto/logs/mynode","encoding":"utf8","env":"local","level":"INFO","consoleLevel":"INFO","disableConsoleAfterReady":false,"outputJSON":false,"buffer":true,"appLogName":"mynode-web.log","coreLogName":"egg-web.log","agentLogName":"egg-agent.log","errorLogName":"common-error.log","coreLogger":{"consoleLevel":"WARN"},"allowDebugAtProd":false,"enablePerformanceTimer":false,"enableFastContextLogger":false,"type":"application","localStorage":{"enabled":false}}
2024-12-16 09:34:15,746 INFO 36158 [egg-multipart] stream mode enable
2024-12-16 09:34:15,809 INFO 36158 [egg-redis] server connecting redis://:***@202.63.172.43:6379/0
2024-12-16 09:34:15,873 INFO 36158 [egg-static] starting static serve /public/ -> /Users/huangwei/Desktop/zero-element-boot/auto/app/public
2024-12-16 09:34:15,875 INFO 36158 [egg-security] use methodnoallow middleware
2024-12-16 09:34:15,875 INFO 36158 [egg-security] use noopen middleware
2024-12-16 09:34:15,876 INFO 36158 [egg-security] use nosniff middleware
2024-12-16 09:34:15,877 INFO 36158 [egg-security] use xssProtection middleware
2024-12-16 09:34:15,877 INFO 36158 [egg-security] use xframe middleware
2024-12-16 09:34:15,878 INFO 36158 [egg-security] use dta middleware
2024-12-16 09:34:15,878 INFO 36158 [egg-security] compose 6 middlewares into one security middleware
2024-12-16 09:34:15,897 INFO 36158 [egg:core] dump config after load, 5ms
2024-12-16 09:34:15,910 INFO 36158 [egg-watcher:application] watcher start success
2024-12-16 09:34:15,961 INFO 36158 [egg-redis] client connect success
2024-12-16 09:34:16,010 INFO 36158 [egg-redis] instance[0] status OK, client ready
2024-12-16 09:34:16,017 INFO 36158 egg start timeline:
▇▇▇▇▇▇▇▇▇▇▇▇▇▇▇▇▇▇▇▇▇▇▇▇▇▇▇ [479ms] - #0 Process Start
                           ▇▇▇▇▇▇▇▇▇▇▇▇▇▇▇▇▇▇▇▇▇▇ [388ms] - #1 Application Start
                           ▇ [10ms] - #2 Load Plugin
                            ▇ [12ms] - #3 Load Config
                            ▇ [0ms] - #4 Require(0) config/config.default.js
                            ▇ [0ms] - #5 Require(1) node_modules/egg-session/config/config.default.js
                            ▇ [0ms] - #6 Require(2) node_modules/egg-security/config/config.default.js
                            ▇ [0ms] - #7 Require(3) node_modules/egg-jsonp/config/config.default.js
                            ▇ [1ms] - #8 Require(4) node_modules/egg-onerror/config/config.default.js
                            ▇ [0ms] - #9 Require(5) node_modules/egg-i18n/config/config.default.js
                            ▇ [1ms] - #10 Require(6) node_modules/egg-watcher/config/config.default.js
                            ▇ [0ms] - #11 Require(7) node_modules/egg-schedule/config/config.default.js
                            ▇ [0ms] - #12 Require(8) node_modules/egg-multipart/config/config.default.js
                            ▇ [0ms] - #13 Require(9) node_modules/egg-development/config/config.default.js
                            ▇ [0ms] - #14 Require(10) node_modules/egg-logrotator/config/config.default.js
                            ▇ [0ms] - #15 Require(11) node_modules/egg-static/config/config.default.js
                            ▇ [0ms] - #16 Require(12) node_modules/egg-view/config/config.default.js
                            ▇ [0ms] - #17 Require(13) /Users/huangwei/Desktop/zero-element-boot/node_modules/egg-jwt/config/config.default.js
                            ▇ [0ms] - #18 Require(14) node_modules/egg-redis/config/config.default.js
                            ▇ [0ms] - #19 Require(15) node_modules/egg/config/config.default.js
                             ▇ [0ms] - #20 Require(16) config/config.default.js
                             ▇ [0ms] - #21 Require(17) node_modules/egg-security/config/config.local.js
                             ▇ [0ms] - #22 Require(18) node_modules/egg-watcher/config/config.local.js
                             ▇ [0ms] - #23 Require(19) node_modules/egg-view/config/config.local.js
                             ▇ [1ms] - #24 Require(20) node_modules/egg/config/config.local.js
                             ▇ [32ms] - #25 Load extend/application.js
                             ▇ [0ms] - #26 Require(21) node_modules/egg-session/app/extend/application.js
                             ▇ [1ms] - #27 Require(22) node_modules/egg-security/app/extend/application.js
                             ▇ [1ms] - #28 Require(23) node_modules/egg-jsonp/app/extend/application.js
                             ▇ [1ms] - #29 Require(24) node_modules/egg-schedule/app/extend/application.js
                             ▇ [1ms] - #30 Require(25) node_modules/egg-logrotator/app/extend/application.js
                             ▇ [1ms] - #31 Require(26) node_modules/egg-view/app/extend/application.js
                             ▇ [24ms] - #32 Require(27) /Users/huangwei/Desktop/zero-element-boot/node_modules/egg-jwt/app/extend/application.js
                               ▇ [3ms] - #33 Load extend/request.js
                               ▇ [1ms] - #34 Require(28) node_modules/egg/app/extend/request.js
                               ▇ [3ms] - #35 Load extend/response.js
                               ▇ [1ms] - #36 Require(29) node_modules/egg/app/extend/response.js
                               ▇ [19ms] - #37 Load extend/context.js
                               ▇ [6ms] - #38 Require(30) node_modules/egg-security/app/extend/context.js
                               ▇ [0ms] - #39 Require(31) node_modules/egg-jsonp/app/extend/context.js
                               ▇ [0ms] - #40 Require(32) node_modules/egg-i18n/app/extend/context.js
                               ▇ [8ms] - #41 Require(33) node_modules/egg-multipart/app/extend/context.js
                                ▇ [1ms] - #42 Require(34) node_modules/egg-view/app/extend/context.js
                                ▇ [1ms] - #43 Require(35) node_modules/egg/app/extend/context.js
                                ▇ [13ms] - #44 Load extend/helper.js
                                ▇ [10ms] - #45 Require(36) node_modules/egg-security/app/extend/helper.js
                                 ▇ [0ms] - #46 Require(37) node_modules/egg/app/extend/helper.js
                                 ▇ [18ms] - #47 Load app.js
                                 ▇ [0ms] - #48 Require(38) node_modules/egg-session/app.js
                                 ▇ [1ms] - #49 Require(39) node_modules/egg-security/app.js
                                 ▇ [4ms] - #50 Require(40) node_modules/egg-onerror/app.js
                                 ▇ [4ms] - #51 Require(41) node_modules/egg-i18n/app.js
                                 ▇ [3ms] - #52 Require(42) node_modules/egg-watcher/app.js
                                  ▇ [0ms] - #53 Require(43) node_modules/egg-schedule/app.js
                                  ▇ [1ms] - #54 Require(44) node_modules/egg-multipart/app.js
                                  ▇ [0ms] - #55 Require(45) node_modules/egg-development/app.js
                                  ▇ [1ms] - #56 Require(46) node_modules/egg-logrotator/app.js
                                  ▇ [0ms] - #57 Require(47) node_modules/egg-static/app.js
                                  ▇ [0ms] - #58 Require(48) /Users/huangwei/Desktop/zero-element-boot/node_modules/egg-jwt/app.js
                                  ▇ [1ms] - #59 Require(49) node_modules/egg-redis/app.js
                                  ▇▇▇▇▇▇▇▇▇ [160ms] - #60 Before Start in node_modules/egg-watcher/lib/init.js:15:14
                                      ▇▇▇▇▇▇▇▇▇▇▇ [200ms] - #61 Before Start in node_modules/egg-redis/lib/redis.js:58:7
                                      ▇ [5ms] - #62 Load Service
                                      ▇ [5ms] - #63 Load "service" to Context
                                      ▇▇▇ [63ms] - #64 Load Middleware
                                      ▇▇▇ [55ms] - #65 Load "middlewares" to Application
                                          ▇ [10ms] - #66 Load Controller
                                          ▇ [10ms] - #67 Load "controller" to Application
                                          ▇ [2ms] - #68 Load Router
                                          ▇ [0ms] - #69 Require(50) app/router.js
                                          ▇ [10ms] - #70 Before Start in node_modules/egg-core/lib/egg.js:306:10
2024-12-16 09:34:16,017 INFO 36158 [egg:core] dump config after ready, 4ms
2024-12-16 09:34:18,407 INFO 36171 [egg:logger] init all loggers with options: {"dir":"/Users/huangwei/Desktop/zero-element-boot/auto/logs/mynode","encoding":"utf8","env":"local","level":"INFO","consoleLevel":"INFO","disableConsoleAfterReady":false,"outputJSON":false,"buffer":true,"appLogName":"mynode-web.log","coreLogName":"egg-web.log","agentLogName":"egg-agent.log","errorLogName":"common-error.log","coreLogger":{"consoleLevel":"WARN"},"allowDebugAtProd":false,"enablePerformanceTimer":false,"enableFastContextLogger":false,"type":"application","localStorage":{"enabled":false}}
2024-12-16 09:34:18,407 INFO 36171 [egg-multipart] stream mode enable
2024-12-16 09:34:18,468 INFO 36171 [egg-redis] server connecting redis://:***@202.63.172.43:6379/0
2024-12-16 09:34:18,521 INFO 36171 [egg-static] starting static serve /public/ -> /Users/huangwei/Desktop/zero-element-boot/auto/app/public
2024-12-16 09:34:18,523 INFO 36171 [egg-security] use methodnoallow middleware
2024-12-16 09:34:18,523 INFO 36171 [egg-security] use noopen middleware
2024-12-16 09:34:18,524 INFO 36171 [egg-security] use nosniff middleware
2024-12-16 09:34:18,524 INFO 36171 [egg-security] use xssProtection middleware
2024-12-16 09:34:18,524 INFO 36171 [egg-security] use xframe middleware
2024-12-16 09:34:18,525 INFO 36171 [egg-security] use dta middleware
2024-12-16 09:34:18,525 INFO 36171 [egg-security] compose 6 middlewares into one security middleware
2024-12-16 09:34:18,539 INFO 36171 [egg:core] dump config after load, 5ms
2024-12-16 09:34:18,550 INFO 36171 [egg-watcher:application] watcher start success
2024-12-16 09:34:18,592 INFO 36171 [egg-redis] client connect success
2024-12-16 09:34:18,644 INFO 36171 [egg-redis] instance[0] status OK, client ready
2024-12-16 09:34:18,654 INFO 36171 egg start timeline:
▇▇▇▇▇▇▇▇▇▇▇▇▇▇▇▇▇▇▇▇▇▇▇▇▇▇ [405ms] - #0 Process Start
                          ▇▇▇▇▇▇▇▇▇▇▇▇▇▇▇▇▇▇▇▇▇▇ [340ms] - #1 Application Start
                           ▇ [7ms] - #2 Load Plugin
                            ▇ [10ms] - #3 Load Config
                            ▇ [0ms] - #4 Require(0) config/config.default.js
                            ▇ [0ms] - #5 Require(1) node_modules/egg-session/config/config.default.js
                            ▇ [0ms] - #6 Require(2) node_modules/egg-security/config/config.default.js
                            ▇ [0ms] - #7 Require(3) node_modules/egg-jsonp/config/config.default.js
                            ▇ [1ms] - #8 Require(4) node_modules/egg-onerror/config/config.default.js
                            ▇ [0ms] - #9 Require(5) node_modules/egg-i18n/config/config.default.js
                            ▇ [1ms] - #10 Require(6) node_modules/egg-watcher/config/config.default.js
                            ▇ [0ms] - #11 Require(7) node_modules/egg-schedule/config/config.default.js
                            ▇ [0ms] - #12 Require(8) node_modules/egg-multipart/config/config.default.js
                            ▇ [0ms] - #13 Require(9) node_modules/egg-development/config/config.default.js
                            ▇ [0ms] - #14 Require(10) node_modules/egg-logrotator/config/config.default.js
                            ▇ [0ms] - #15 Require(11) node_modules/egg-static/config/config.default.js
                            ▇ [0ms] - #16 Require(12) node_modules/egg-view/config/config.default.js
                            ▇ [0ms] - #17 Require(13) /Users/huangwei/Desktop/zero-element-boot/node_modules/egg-jwt/config/config.default.js
                            ▇ [1ms] - #18 Require(14) node_modules/egg-redis/config/config.default.js
                            ▇ [0ms] - #19 Require(15) node_modules/egg/config/config.default.js
                            ▇ [0ms] - #20 Require(16) config/config.default.js
                            ▇ [0ms] - #21 Require(17) node_modules/egg-security/config/config.local.js
                            ▇ [0ms] - #22 Require(18) node_modules/egg-watcher/config/config.local.js
                            ▇ [1ms] - #23 Require(19) node_modules/egg-view/config/config.local.js
                            ▇ [0ms] - #24 Require(20) node_modules/egg/config/config.local.js
                            ▇ [26ms] - #25 Load extend/application.js
                            ▇ [0ms] - #26 Require(21) node_modules/egg-session/app/extend/application.js
                            ▇ [0ms] - #27 Require(22) node_modules/egg-security/app/extend/application.js
                            ▇ [1ms] - #28 Require(23) node_modules/egg-jsonp/app/extend/application.js
                            ▇ [1ms] - #29 Require(24) node_modules/egg-schedule/app/extend/application.js
                             ▇ [1ms] - #30 Require(25) node_modules/egg-logrotator/app/extend/application.js
                             ▇ [1ms] - #31 Require(26) node_modules/egg-view/app/extend/application.js
                             ▇ [19ms] - #32 Require(27) /Users/huangwei/Desktop/zero-element-boot/node_modules/egg-jwt/app/extend/application.js
                              ▇ [2ms] - #33 Load extend/request.js
                              ▇ [0ms] - #34 Require(28) node_modules/egg/app/extend/request.js
                              ▇ [3ms] - #35 Load extend/response.js
                              ▇ [1ms] - #36 Require(29) node_modules/egg/app/extend/response.js
                              ▇ [17ms] - #37 Load extend/context.js
                              ▇ [5ms] - #38 Require(30) node_modules/egg-security/app/extend/context.js
                               ▇ [0ms] - #39 Require(31) node_modules/egg-jsonp/app/extend/context.js
                               ▇ [1ms] - #40 Require(32) node_modules/egg-i18n/app/extend/context.js
                               ▇ [6ms] - #41 Require(33) node_modules/egg-multipart/app/extend/context.js
                               ▇ [0ms] - #42 Require(34) node_modules/egg-view/app/extend/context.js
                               ▇ [1ms] - #43 Require(35) node_modules/egg/app/extend/context.js
                               ▇ [9ms] - #44 Load extend/helper.js
                               ▇ [7ms] - #45 Require(36) node_modules/egg-security/app/extend/helper.js
                                ▇ [0ms] - #46 Require(37) node_modules/egg/app/extend/helper.js
                                ▇ [14ms] - #47 Load app.js
                                ▇ [0ms] - #48 Require(38) node_modules/egg-session/app.js
                                ▇ [1ms] - #49 Require(39) node_modules/egg-security/app.js
                                ▇ [3ms] - #50 Require(40) node_modules/egg-onerror/app.js
                                ▇ [4ms] - #51 Require(41) node_modules/egg-i18n/app.js
                                 ▇ [3ms] - #52 Require(42) node_modules/egg-watcher/app.js
                                 ▇ [0ms] - #53 Require(43) node_modules/egg-schedule/app.js
                                 ▇ [1ms] - #54 Require(44) node_modules/egg-multipart/app.js
                                 ▇ [0ms] - #55 Require(45) node_modules/egg-development/app.js
                                 ▇ [0ms] - #56 Require(46) node_modules/egg-logrotator/app.js
                                 ▇ [0ms] - #57 Require(47) node_modules/egg-static/app.js
                                 ▇ [0ms] - #58 Require(48) /Users/huangwei/Desktop/zero-element-boot/node_modules/egg-jwt/app.js
                                 ▇ [0ms] - #59 Require(49) node_modules/egg-redis/app.js
                                 ▇▇▇▇▇▇▇▇▇ [138ms] - #60 Before Start in node_modules/egg-watcher/lib/init.js:15:14
                                     ▇▇▇▇▇▇▇▇▇▇▇ [175ms] - #61 Before Start in node_modules/egg-redis/lib/redis.js:58:7
                                     ▇ [5ms] - #62 Load Service
                                     ▇ [5ms] - #63 Load "service" to Context
                                      ▇▇▇ [50ms] - #64 Load Middleware
                                      ▇▇ [44ms] - #65 Load "middlewares" to Application
                                         ▇ [6ms] - #66 Load Controller
                                         ▇ [6ms] - #67 Load "controller" to Application
                                         ▇ [2ms] - #68 Load Router
                                         ▇ [0ms] - #69 Require(50) app/router.js
                                         ▇ [9ms] - #70 Before Start in node_modules/egg-core/lib/egg.js:306:10
2024-12-16 09:34:18,654 INFO 36171 [egg:core] dump config after ready, 6ms
2024-12-16 09:35:04,073 INFO 36201 [egg:logger] init all loggers with options: {"dir":"/Users/huangwei/Desktop/zero-element-boot/auto/logs/mynode","encoding":"utf8","env":"local","level":"INFO","consoleLevel":"INFO","disableConsoleAfterReady":false,"outputJSON":false,"buffer":true,"appLogName":"mynode-web.log","coreLogName":"egg-web.log","agentLogName":"egg-agent.log","errorLogName":"common-error.log","coreLogger":{"consoleLevel":"WARN"},"allowDebugAtProd":false,"enablePerformanceTimer":false,"enableFastContextLogger":false,"type":"application","localStorage":{"enabled":false}}
2024-12-16 09:35:04,073 INFO 36201 [egg-multipart] stream mode enable
2024-12-16 09:35:04,132 INFO 36201 [egg-redis] server connecting redis://:***@202.63.172.43:6379/0
2024-12-16 09:35:04,185 INFO 36201 [egg-static] starting static serve /public/ -> /Users/huangwei/Desktop/zero-element-boot/auto/app/public
2024-12-16 09:35:04,187 INFO 36201 [egg-security] use methodnoallow middleware
2024-12-16 09:35:04,188 INFO 36201 [egg-security] use noopen middleware
2024-12-16 09:35:04,188 INFO 36201 [egg-security] use nosniff middleware
2024-12-16 09:35:04,188 INFO 36201 [egg-security] use xssProtection middleware
2024-12-16 09:35:04,189 INFO 36201 [egg-security] use xframe middleware
2024-12-16 09:35:04,189 INFO 36201 [egg-security] use dta middleware
2024-12-16 09:35:04,189 INFO 36201 [egg-security] compose 6 middlewares into one security middleware
2024-12-16 09:35:04,204 INFO 36201 [egg:core] dump config after load, 4ms
2024-12-16 09:35:04,217 INFO 36201 [egg-watcher:application] watcher start success
2024-12-16 09:35:04,267 INFO 36201 [egg-redis] client connect success
2024-12-16 09:35:04,321 INFO 36201 [egg-redis] instance[0] status OK, client ready
2024-12-16 09:35:04,331 INFO 36201 egg start timeline:
▇▇▇▇▇▇▇▇▇▇▇▇▇▇▇▇▇▇▇▇▇▇▇▇▇▇ [440ms] - #0 Process Start
                           ▇▇▇▇▇▇▇▇▇▇▇▇▇▇▇▇▇▇▇▇▇▇ [366ms] - #1 Application Start
                           ▇ [8ms] - #2 Load Plugin
                            ▇ [13ms] - #3 Load Config
                            ▇ [0ms] - #4 Require(0) config/config.default.js
                            ▇ [0ms] - #5 Require(1) node_modules/egg-session/config/config.default.js
                            ▇ [0ms] - #6 Require(2) node_modules/egg-security/config/config.default.js
                            ▇ [0ms] - #7 Require(3) node_modules/egg-jsonp/config/config.default.js
                            ▇ [1ms] - #8 Require(4) node_modules/egg-onerror/config/config.default.js
                            ▇ [0ms] - #9 Require(5) node_modules/egg-i18n/config/config.default.js
                            ▇ [1ms] - #10 Require(6) node_modules/egg-watcher/config/config.default.js
                            ▇ [0ms] - #11 Require(7) node_modules/egg-schedule/config/config.default.js
                            ▇ [0ms] - #12 Require(8) node_modules/egg-multipart/config/config.default.js
                            ▇ [0ms] - #13 Require(9) node_modules/egg-development/config/config.default.js
                            ▇ [0ms] - #14 Require(10) node_modules/egg-logrotator/config/config.default.js
                            ▇ [0ms] - #15 Require(11) node_modules/egg-static/config/config.default.js
                            ▇ [0ms] - #16 Require(12) node_modules/egg-view/config/config.default.js
                            ▇ [0ms] - #17 Require(13) /Users/huangwei/Desktop/zero-element-boot/node_modules/egg-jwt/config/config.default.js
                            ▇ [1ms] - #18 Require(14) node_modules/egg-redis/config/config.default.js
                            ▇ [0ms] - #19 Require(15) node_modules/egg/config/config.default.js
                            ▇ [0ms] - #20 Require(16) config/config.default.js
                            ▇ [0ms] - #21 Require(17) node_modules/egg-security/config/config.local.js
                            ▇ [0ms] - #22 Require(18) node_modules/egg-watcher/config/config.local.js
                            ▇ [0ms] - #23 Require(19) node_modules/egg-view/config/config.local.js
                            ▇ [0ms] - #24 Require(20) node_modules/egg/config/config.local.js
                            ▇ [31ms] - #25 Load extend/application.js
                            ▇ [0ms] - #26 Require(21) node_modules/egg-session/app/extend/application.js
                            ▇ [1ms] - #27 Require(22) node_modules/egg-security/app/extend/application.js
                             ▇ [2ms] - #28 Require(23) node_modules/egg-jsonp/app/extend/application.js
                             ▇ [2ms] - #29 Require(24) node_modules/egg-schedule/app/extend/application.js
                             ▇ [1ms] - #30 Require(25) node_modules/egg-logrotator/app/extend/application.js
                             ▇ [1ms] - #31 Require(26) node_modules/egg-view/app/extend/application.js
                             ▇ [22ms] - #32 Require(27) /Users/huangwei/Desktop/zero-element-boot/node_modules/egg-jwt/app/extend/application.js
                              ▇ [3ms] - #33 Load extend/request.js
                              ▇ [1ms] - #34 Require(28) node_modules/egg/app/extend/request.js
                               ▇ [3ms] - #35 Load extend/response.js
                               ▇ [1ms] - #36 Require(29) node_modules/egg/app/extend/response.js
                               ▇ [19ms] - #37 Load extend/context.js
                               ▇ [5ms] - #38 Require(30) node_modules/egg-security/app/extend/context.js
                               ▇ [0ms] - #39 Require(31) node_modules/egg-jsonp/app/extend/context.js
                               ▇ [0ms] - #40 Require(32) node_modules/egg-i18n/app/extend/context.js
                               ▇ [11ms] - #41 Require(33) node_modules/egg-multipart/app/extend/context.js
                                ▇ [0ms] - #42 Require(34) node_modules/egg-view/app/extend/context.js
                                ▇ [0ms] - #43 Require(35) node_modules/egg/app/extend/context.js
                                ▇ [10ms] - #44 Load extend/helper.js
                                ▇ [9ms] - #45 Require(36) node_modules/egg-security/app/extend/helper.js
                                ▇ [0ms] - #46 Require(37) node_modules/egg/app/extend/helper.js
                                 ▇ [16ms] - #47 Load app.js
                                 ▇ [0ms] - #48 Require(38) node_modules/egg-session/app.js
                                 ▇ [1ms] - #49 Require(39) node_modules/egg-security/app.js
                                 ▇ [4ms] - #50 Require(40) node_modules/egg-onerror/app.js
                                 ▇ [4ms] - #51 Require(41) node_modules/egg-i18n/app.js
                                 ▇ [3ms] - #52 Require(42) node_modules/egg-watcher/app.js
                                 ▇ [0ms] - #53 Require(43) node_modules/egg-schedule/app.js
                                 ▇ [1ms] - #54 Require(44) node_modules/egg-multipart/app.js
                                 ▇ [0ms] - #55 Require(45) node_modules/egg-development/app.js
                                 ▇ [0ms] - #56 Require(46) node_modules/egg-logrotator/app.js
                                 ▇ [0ms] - #57 Require(47) node_modules/egg-static/app.js
                                 ▇ [0ms] - #58 Require(48) /Users/huangwei/Desktop/zero-element-boot/node_modules/egg-jwt/app.js
                                 ▇ [1ms] - #59 Require(49) node_modules/egg-redis/app.js
                                  ▇▇▇▇▇▇▇▇ [140ms] - #60 Before Start in node_modules/egg-watcher/lib/init.js:15:14
                                     ▇▇▇▇▇▇▇▇▇▇▇ [187ms] - #61 Before Start in node_modules/egg-redis/lib/redis.js:58:7
                                     ▇ [4ms] - #62 Load Service
                                     ▇ [4ms] - #63 Load "service" to Context
                                      ▇▇▇ [52ms] - #64 Load Middleware
                                      ▇▇ [45ms] - #65 Load "middlewares" to Application
                                         ▇ [8ms] - #66 Load Controller
                                         ▇ [8ms] - #67 Load "controller" to Application
                                         ▇ [2ms] - #68 Load Router
                                         ▇ [0ms] - #69 Require(50) app/router.js
                                         ▇ [8ms] - #70 Before Start in node_modules/egg-core/lib/egg.js:306:10
2024-12-16 09:35:04,331 INFO 36201 [egg:core] dump config after ready, 6ms
2024-12-16 09:35:07,104 INFO 36219 [egg:logger] init all loggers with options: {"dir":"/Users/huangwei/Desktop/zero-element-boot/auto/logs/mynode","encoding":"utf8","env":"local","level":"INFO","consoleLevel":"INFO","disableConsoleAfterReady":false,"outputJSON":false,"buffer":true,"appLogName":"mynode-web.log","coreLogName":"egg-web.log","agentLogName":"egg-agent.log","errorLogName":"common-error.log","coreLogger":{"consoleLevel":"WARN"},"allowDebugAtProd":false,"enablePerformanceTimer":false,"enableFastContextLogger":false,"type":"application","localStorage":{"enabled":false}}
2024-12-16 09:35:07,104 INFO 36219 [egg-multipart] stream mode enable
2024-12-16 09:35:07,161 INFO 36219 [egg-redis] server connecting redis://:***@202.63.172.43:6379/0
2024-12-16 09:35:07,212 INFO 36219 [egg-static] starting static serve /public/ -> /Users/huangwei/Desktop/zero-element-boot/auto/app/public
2024-12-16 09:35:07,214 INFO 36219 [egg-security] use methodnoallow middleware
2024-12-16 09:35:07,214 INFO 36219 [egg-security] use noopen middleware
2024-12-16 09:35:07,214 INFO 36219 [egg-security] use nosniff middleware
2024-12-16 09:35:07,215 INFO 36219 [egg-security] use xssProtection middleware
2024-12-16 09:35:07,215 INFO 36219 [egg-security] use xframe middleware
2024-12-16 09:35:07,216 INFO 36219 [egg-security] use dta middleware
2024-12-16 09:35:07,216 INFO 36219 [egg-security] compose 6 middlewares into one security middleware
2024-12-16 09:35:07,230 INFO 36219 [egg:core] dump config after load, 4ms
2024-12-16 09:35:07,243 INFO 36219 [egg-watcher:application] watcher start success
2024-12-16 09:35:07,286 INFO 36219 [egg-redis] client connect success
2024-12-16 09:35:07,332 INFO 36219 [egg-redis] instance[0] status OK, client ready
2024-12-16 09:35:07,342 INFO 36219 egg start timeline:
▇▇▇▇▇▇▇▇▇▇▇▇▇▇▇▇▇▇▇▇▇▇▇▇▇▇▇ [428ms] - #0 Process Start
                           ▇▇▇▇▇▇▇▇▇▇▇▇▇▇▇▇▇▇▇▇▇ [342ms] - #1 Application Start
                            ▇ [8ms] - #2 Load Plugin
                            ▇ [13ms] - #3 Load Config
                            ▇ [1ms] - #4 Require(0) config/config.default.js
                            ▇ [0ms] - #5 Require(1) node_modules/egg-session/config/config.default.js
                            ▇ [0ms] - #6 Require(2) node_modules/egg-security/config/config.default.js
                            ▇ [0ms] - #7 Require(3) node_modules/egg-jsonp/config/config.default.js
                            ▇ [1ms] - #8 Require(4) node_modules/egg-onerror/config/config.default.js
                             ▇ [0ms] - #9 Require(5) node_modules/egg-i18n/config/config.default.js
                             ▇ [1ms] - #10 Require(6) node_modules/egg-watcher/config/config.default.js
                             ▇ [0ms] - #11 Require(7) node_modules/egg-schedule/config/config.default.js
                             ▇ [0ms] - #12 Require(8) node_modules/egg-multipart/config/config.default.js
                             ▇ [0ms] - #13 Require(9) node_modules/egg-development/config/config.default.js
                             ▇ [0ms] - #14 Require(10) node_modules/egg-logrotator/config/config.default.js
                             ▇ [0ms] - #15 Require(11) node_modules/egg-static/config/config.default.js
                             ▇ [0ms] - #16 Require(12) node_modules/egg-view/config/config.default.js
                             ▇ [0ms] - #17 Require(13) /Users/huangwei/Desktop/zero-element-boot/node_modules/egg-jwt/config/config.default.js
                             ▇ [1ms] - #18 Require(14) node_modules/egg-redis/config/config.default.js
                             ▇ [0ms] - #19 Require(15) node_modules/egg/config/config.default.js
                             ▇ [0ms] - #20 Require(16) config/config.default.js
                             ▇ [1ms] - #21 Require(17) node_modules/egg-security/config/config.local.js
                             ▇ [0ms] - #22 Require(18) node_modules/egg-watcher/config/config.local.js
                             ▇ [0ms] - #23 Require(19) node_modules/egg-view/config/config.local.js
                             ▇ [1ms] - #24 Require(20) node_modules/egg/config/config.local.js
                             ▇ [29ms] - #25 Load extend/application.js
                             ▇ [1ms] - #26 Require(21) node_modules/egg-session/app/extend/application.js
                             ▇ [0ms] - #27 Require(22) node_modules/egg-security/app/extend/application.js
                             ▇ [2ms] - #28 Require(23) node_modules/egg-jsonp/app/extend/application.js
                             ▇ [2ms] - #29 Require(24) node_modules/egg-schedule/app/extend/application.js
                             ▇ [1ms] - #30 Require(25) node_modules/egg-logrotator/app/extend/application.js
                              ▇ [1ms] - #31 Require(26) node_modules/egg-view/app/extend/application.js
                              ▇ [21ms] - #32 Require(27) /Users/huangwei/Desktop/zero-element-boot/node_modules/egg-jwt/app/extend/application.js
                               ▇ [2ms] - #33 Load extend/request.js
                               ▇ [0ms] - #34 Require(28) node_modules/egg/app/extend/request.js
                               ▇ [3ms] - #35 Load extend/response.js
                               ▇ [1ms] - #36 Require(29) node_modules/egg/app/extend/response.js
                               ▇ [17ms] - #37 Load extend/context.js
                               ▇ [5ms] - #38 Require(30) node_modules/egg-security/app/extend/context.js
                                ▇ [1ms] - #39 Require(31) node_modules/egg-jsonp/app/extend/context.js
                                ▇ [0ms] - #40 Require(32) node_modules/egg-i18n/app/extend/context.js
                                ▇ [7ms] - #41 Require(33) node_modules/egg-multipart/app/extend/context.js
                                ▇ [1ms] - #42 Require(34) node_modules/egg-view/app/extend/context.js
                                ▇ [1ms] - #43 Require(35) node_modules/egg/app/extend/context.js
                                 ▇ [9ms] - #44 Load extend/helper.js
                                 ▇ [7ms] - #45 Require(36) node_modules/egg-security/app/extend/helper.js
                                 ▇ [1ms] - #46 Require(37) node_modules/egg/app/extend/helper.js
                                 ▇ [15ms] - #47 Load app.js
                                 ▇ [0ms] - #48 Require(38) node_modules/egg-session/app.js
                                 ▇ [1ms] - #49 Require(39) node_modules/egg-security/app.js
                                 ▇ [4ms] - #50 Require(40) node_modules/egg-onerror/app.js
                                 ▇ [4ms] - #51 Require(41) node_modules/egg-i18n/app.js
                                  ▇ [3ms] - #52 Require(42) node_modules/egg-watcher/app.js
                                  ▇ [0ms] - #53 Require(43) node_modules/egg-schedule/app.js
                                  ▇ [1ms] - #54 Require(44) node_modules/egg-multipart/app.js
                                  ▇ [0ms] - #55 Require(45) node_modules/egg-development/app.js
                                  ▇ [0ms] - #56 Require(46) node_modules/egg-logrotator/app.js
                                  ▇ [1ms] - #57 Require(47) node_modules/egg-static/app.js
                                  ▇ [0ms] - #58 Require(48) /Users/huangwei/Desktop/zero-element-boot/node_modules/egg-jwt/app.js
                                  ▇ [0ms] - #59 Require(49) node_modules/egg-redis/app.js
                                   ▇▇▇▇▇▇▇▇ [135ms] - #60 Before Start in node_modules/egg-watcher/lib/init.js:15:14
                                      ▇▇▇▇▇▇▇▇▇▇ [169ms] - #61 Before Start in node_modules/egg-redis/lib/redis.js:58:7
                                      ▇ [3ms] - #62 Load Service
                                      ▇ [3ms] - #63 Load "service" to Context
                                      ▇▇▇ [50ms] - #64 Load Middleware
                                      ▇▇ [45ms] - #65 Load "middlewares" to Application
                                          ▇ [7ms] - #66 Load Controller
                                          ▇ [7ms] - #67 Load "controller" to Application
                                          ▇ [2ms] - #68 Load Router
                                          ▇ [0ms] - #69 Require(50) app/router.js
                                          ▇ [9ms] - #70 Before Start in node_modules/egg-core/lib/egg.js:306:10
2024-12-16 09:35:07,342 INFO 36219 [egg:core] dump config after ready, 8ms
2024-12-16 09:36:07,708 INFO 36261 [egg:logger] init all loggers with options: {"dir":"/Users/huangwei/Desktop/zero-element-boot/auto/logs/mynode","encoding":"utf8","env":"local","level":"INFO","consoleLevel":"INFO","disableConsoleAfterReady":false,"outputJSON":false,"buffer":true,"appLogName":"mynode-web.log","coreLogName":"egg-web.log","agentLogName":"egg-agent.log","errorLogName":"common-error.log","coreLogger":{"consoleLevel":"WARN"},"allowDebugAtProd":false,"enablePerformanceTimer":false,"enableFastContextLogger":false,"type":"application","localStorage":{"enabled":false}}
2024-12-16 09:36:07,708 INFO 36261 [egg-multipart] stream mode enable
2024-12-16 09:36:07,836 INFO 36261 [egg-redis] server connecting redis://:***@202.63.172.43:6379/0
2024-12-16 09:36:07,928 INFO 36261 [egg-static] starting static serve /public/ -> /Users/huangwei/Desktop/zero-element-boot/auto/app/public
2024-12-16 09:36:07,930 INFO 36261 [egg-security] use methodnoallow middleware
2024-12-16 09:36:07,930 INFO 36261 [egg-security] use noopen middleware
2024-12-16 09:36:07,931 INFO 36261 [egg-security] use nosniff middleware
2024-12-16 09:36:07,931 INFO 36261 [egg-security] use xssProtection middleware
2024-12-16 09:36:07,932 INFO 36261 [egg-security] use xframe middleware
2024-12-16 09:36:07,933 INFO 36261 [egg-security] use dta middleware
2024-12-16 09:36:07,933 INFO 36261 [egg-security] compose 6 middlewares into one security middleware
2024-12-16 09:36:07,960 INFO 36261 [egg:core] dump config after load, 7ms
2024-12-16 09:36:07,978 INFO 36261 [egg-watcher:application] watcher start success
2024-12-16 09:36:08,023 INFO 36261 [egg-redis] client connect success
2024-12-16 09:36:08,072 INFO 36261 [egg-redis] instance[0] status OK, client ready
2024-12-16 09:36:08,079 INFO 36261 egg start timeline:
▇▇▇▇▇▇▇▇▇▇▇▇▇▇▇▇▇▇▇▇▇▇▇▇▇▇ [683ms] - #0 Process Start
                          ▇▇▇▇▇▇▇▇▇▇▇▇▇▇▇▇▇▇▇▇▇▇ [586ms] - #1 Application Start
                           ▇ [17ms] - #2 Load Plugin
                            ▇ [20ms] - #3 Load Config
                            ▇ [1ms] - #4 Require(0) config/config.default.js
                            ▇ [0ms] - #5 Require(1) node_modules/egg-session/config/config.default.js
                            ▇ [0ms] - #6 Require(2) node_modules/egg-security/config/config.default.js
                            ▇ [0ms] - #7 Require(3) node_modules/egg-jsonp/config/config.default.js
                            ▇ [0ms] - #8 Require(4) node_modules/egg-onerror/config/config.default.js
                            ▇ [1ms] - #9 Require(5) node_modules/egg-i18n/config/config.default.js
                            ▇ [1ms] - #10 Require(6) node_modules/egg-watcher/config/config.default.js
                            ▇ [0ms] - #11 Require(7) node_modules/egg-schedule/config/config.default.js
                            ▇ [1ms] - #12 Require(8) node_modules/egg-multipart/config/config.default.js
                            ▇ [1ms] - #13 Require(9) node_modules/egg-development/config/config.default.js
                            ▇ [1ms] - #14 Require(10) node_modules/egg-logrotator/config/config.default.js
                            ▇ [0ms] - #15 Require(11) node_modules/egg-static/config/config.default.js
                            ▇ [1ms] - #16 Require(12) node_modules/egg-view/config/config.default.js
                            ▇ [0ms] - #17 Require(13) /Users/huangwei/Desktop/zero-element-boot/node_modules/egg-jwt/config/config.default.js
                            ▇ [0ms] - #18 Require(14) node_modules/egg-redis/config/config.default.js
                            ▇ [0ms] - #19 Require(15) node_modules/egg/config/config.default.js
                            ▇ [0ms] - #20 Require(16) config/config.default.js
                            ▇ [1ms] - #21 Require(17) node_modules/egg-security/config/config.local.js
                            ▇ [1ms] - #22 Require(18) node_modules/egg-watcher/config/config.local.js
                            ▇ [1ms] - #23 Require(19) node_modules/egg-view/config/config.local.js
                            ▇ [0ms] - #24 Require(20) node_modules/egg/config/config.local.js
                            ▇▇ [56ms] - #25 Load extend/application.js
                            ▇ [1ms] - #26 Require(21) node_modules/egg-session/app/extend/application.js
                            ▇ [1ms] - #27 Require(22) node_modules/egg-security/app/extend/application.js
                            ▇ [3ms] - #28 Require(23) node_modules/egg-jsonp/app/extend/application.js
                             ▇ [4ms] - #29 Require(24) node_modules/egg-schedule/app/extend/application.js
                             ▇ [1ms] - #30 Require(25) node_modules/egg-logrotator/app/extend/application.js
                             ▇ [2ms] - #31 Require(26) node_modules/egg-view/app/extend/application.js
                             ▇ [43ms] - #32 Require(27) /Users/huangwei/Desktop/zero-element-boot/node_modules/egg-jwt/app/extend/application.js
                               ▇ [4ms] - #33 Load extend/request.js
                               ▇ [1ms] - #34 Require(28) node_modules/egg/app/extend/request.js
                               ▇ [4ms] - #35 Load extend/response.js
                               ▇ [2ms] - #36 Require(29) node_modules/egg/app/extend/response.js
                               ▇ [42ms] - #37 Load extend/context.js
                               ▇ [14ms] - #38 Require(30) node_modules/egg-security/app/extend/context.js
                               ▇ [2ms] - #39 Require(31) node_modules/egg-jsonp/app/extend/context.js
                                ▇ [1ms] - #40 Require(32) node_modules/egg-i18n/app/extend/context.js
                                ▇ [18ms] - #41 Require(33) node_modules/egg-multipart/app/extend/context.js
                                ▇ [1ms] - #42 Require(34) node_modules/egg-view/app/extend/context.js
                                ▇ [1ms] - #43 Require(35) node_modules/egg/app/extend/context.js
                                 ▇ [16ms] - #44 Load extend/helper.js
                                 ▇ [13ms] - #45 Require(36) node_modules/egg-security/app/extend/helper.js
                                 ▇ [0ms] - #46 Require(37) node_modules/egg/app/extend/helper.js
                                 ▇ [41ms] - #47 Load app.js
                                 ▇ [1ms] - #48 Require(38) node_modules/egg-session/app.js
                                 ▇ [1ms] - #49 Require(39) node_modules/egg-security/app.js
                                 ▇ [6ms] - #50 Require(40) node_modules/egg-onerror/app.js
                                  ▇ [7ms] - #51 Require(41) node_modules/egg-i18n/app.js
                                  ▇ [7ms] - #52 Require(42) node_modules/egg-watcher/app.js
                                  ▇ [2ms] - #53 Require(43) node_modules/egg-schedule/app.js
                                  ▇ [10ms] - #54 Require(44) node_modules/egg-multipart/app.js
                                   ▇ [1ms] - #55 Require(45) node_modules/egg-development/app.js
                                   ▇ [1ms] - #56 Require(46) node_modules/egg-logrotator/app.js
                                   ▇ [0ms] - #57 Require(47) node_modules/egg-static/app.js
                                   ▇ [0ms] - #58 Require(48) /Users/huangwei/Desktop/zero-element-boot/node_modules/egg-jwt/app.js
                                   ▇ [2ms] - #59 Require(49) node_modules/egg-redis/app.js
                                   ▇▇▇▇▇▇▇▇▇▇ [261ms] - #60 Before Start in node_modules/egg-watcher/lib/init.js:15:14
                                        ▇▇▇▇▇▇▇▇▇ [235ms] - #61 Before Start in node_modules/egg-redis/lib/redis.js:58:7
                                        ▇ [4ms] - #62 Load Service
                                        ▇ [4ms] - #63 Load "service" to Context
                                        ▇▇▇ [92ms] - #64 Load Middleware
                                        ▇▇▇ [84ms] - #65 Load "middlewares" to Application
                                            ▇ [17ms] - #66 Load Controller
                                            ▇ [17ms] - #67 Load "controller" to Application
                                            ▇ [2ms] - #68 Load Router
                                            ▇ [1ms] - #69 Require(50) app/router.js
                                             ▇ [11ms] - #70 Before Start in node_modules/egg-core/lib/egg.js:306:10
2024-12-16 09:36:08,080 INFO 36261 [egg:core] dump config after ready, 6ms
2024-12-16 09:36:39,691 INFO 36305 [egg:logger] init all loggers with options: {"dir":"/Users/huangwei/Desktop/zero-element-boot/auto/logs/mynode","encoding":"utf8","env":"local","level":"INFO","consoleLevel":"INFO","disableConsoleAfterReady":false,"outputJSON":false,"buffer":true,"appLogName":"mynode-web.log","coreLogName":"egg-web.log","agentLogName":"egg-agent.log","errorLogName":"common-error.log","coreLogger":{"consoleLevel":"WARN"},"allowDebugAtProd":false,"enablePerformanceTimer":false,"enableFastContextLogger":false,"type":"application","localStorage":{"enabled":false}}
2024-12-16 09:36:39,691 INFO 36305 [egg-multipart] stream mode enable
2024-12-16 09:36:39,777 INFO 36305 [egg-redis] server connecting redis://:***@202.63.172.43:6379/0
2024-12-16 09:36:39,862 INFO 36305 [egg-static] starting static serve /public/ -> /Users/huangwei/Desktop/zero-element-boot/auto/app/public
2024-12-16 09:36:39,864 INFO 36305 [egg-security] use methodnoallow middleware
2024-12-16 09:36:39,865 INFO 36305 [egg-security] use noopen middleware
2024-12-16 09:36:39,866 INFO 36305 [egg-security] use nosniff middleware
2024-12-16 09:36:39,866 INFO 36305 [egg-security] use xssProtection middleware
2024-12-16 09:36:39,867 INFO 36305 [egg-security] use xframe middleware
2024-12-16 09:36:39,868 INFO 36305 [egg-security] use dta middleware
2024-12-16 09:36:39,868 INFO 36305 [egg-security] compose 6 middlewares into one security middleware
2024-12-16 09:36:39,892 INFO 36305 [egg:core] dump config after load, 5ms
2024-12-16 09:36:39,904 INFO 36305 [egg-watcher:application] watcher start success
2024-12-16 09:36:39,953 INFO 36305 [egg-redis] client connect success
2024-12-16 09:36:40,005 INFO 36305 [egg-redis] instance[0] status OK, client ready
2024-12-16 09:36:40,016 INFO 36305 egg start timeline:
▇▇▇▇▇▇▇▇▇▇▇▇▇▇▇▇▇▇▇▇▇▇▇▇▇▇▇ [682ms] - #0 Process Start
                           ▇▇▇▇▇▇▇▇▇▇▇▇▇▇▇▇▇▇▇▇▇ [532ms] - #1 Application Start
                            ▇ [10ms] - #2 Load Plugin
                            ▇ [24ms] - #3 Load Config
                            ▇ [0ms] - #4 Require(0) config/config.default.js
                            ▇ [1ms] - #5 Require(1) node_modules/egg-session/config/config.default.js
                            ▇ [1ms] - #6 Require(2) node_modules/egg-security/config/config.default.js
                             ▇ [0ms] - #7 Require(3) node_modules/egg-jsonp/config/config.default.js
                             ▇ [1ms] - #8 Require(4) node_modules/egg-onerror/config/config.default.js
                             ▇ [1ms] - #9 Require(5) node_modules/egg-i18n/config/config.default.js
                             ▇ [1ms] - #10 Require(6) node_modules/egg-watcher/config/config.default.js
                             ▇ [0ms] - #11 Require(7) node_modules/egg-schedule/config/config.default.js
                             ▇ [1ms] - #12 Require(8) node_modules/egg-multipart/config/config.default.js
                             ▇ [1ms] - #13 Require(9) node_modules/egg-development/config/config.default.js
                             ▇ [1ms] - #14 Require(10) node_modules/egg-logrotator/config/config.default.js
                             ▇ [1ms] - #15 Require(11) node_modules/egg-static/config/config.default.js
                             ▇ [0ms] - #16 Require(12) node_modules/egg-view/config/config.default.js
                             ▇ [0ms] - #17 Require(13) /Users/huangwei/Desktop/zero-element-boot/node_modules/egg-jwt/config/config.default.js
                             ▇ [0ms] - #18 Require(14) node_modules/egg-redis/config/config.default.js
                             ▇ [0ms] - #19 Require(15) node_modules/egg/config/config.default.js
                             ▇ [0ms] - #20 Require(16) config/config.default.js
                             ▇ [1ms] - #21 Require(17) node_modules/egg-security/config/config.local.js
                             ▇ [1ms] - #22 Require(18) node_modules/egg-watcher/config/config.local.js
                             ▇ [1ms] - #23 Require(19) node_modules/egg-view/config/config.local.js
                             ▇ [1ms] - #24 Require(20) node_modules/egg/config/config.local.js
                             ▇▇ [64ms] - #25 Load extend/application.js
                             ▇ [1ms] - #26 Require(21) node_modules/egg-session/app/extend/application.js
                             ▇ [2ms] - #27 Require(22) node_modules/egg-security/app/extend/application.js
                              ▇ [3ms] - #28 Require(23) node_modules/egg-jsonp/app/extend/application.js
                              ▇ [4ms] - #29 Require(24) node_modules/egg-schedule/app/extend/application.js
                              ▇ [2ms] - #30 Require(25) node_modules/egg-logrotator/app/extend/application.js
                              ▇ [1ms] - #31 Require(26) node_modules/egg-view/app/extend/application.js
                              ▇ [48ms] - #32 Require(27) /Users/huangwei/Desktop/zero-element-boot/node_modules/egg-jwt/app/extend/application.js
                                ▇ [4ms] - #33 Load extend/request.js
                                ▇ [1ms] - #34 Require(28) node_modules/egg/app/extend/request.js
                                ▇ [4ms] - #35 Load extend/response.js
                                ▇ [2ms] - #36 Require(29) node_modules/egg/app/extend/response.js
                                ▇ [46ms] - #37 Load extend/context.js
                                ▇ [15ms] - #38 Require(30) node_modules/egg-security/app/extend/context.js
                                 ▇ [2ms] - #39 Require(31) node_modules/egg-jsonp/app/extend/context.js
                                 ▇ [0ms] - #40 Require(32) node_modules/egg-i18n/app/extend/context.js
                                 ▇ [20ms] - #41 Require(33) node_modules/egg-multipart/app/extend/context.js
                                  ▇ [2ms] - #42 Require(34) node_modules/egg-view/app/extend/context.js
                                  ▇ [1ms] - #43 Require(35) node_modules/egg/app/extend/context.js
                                  ▇ [19ms] - #44 Load extend/helper.js
                                  ▇ [17ms] - #45 Require(36) node_modules/egg-security/app/extend/helper.js
                                   ▇ [1ms] - #46 Require(37) node_modules/egg/app/extend/helper.js
                                   ▇ [29ms] - #47 Load app.js
                                   ▇ [1ms] - #48 Require(38) node_modules/egg-session/app.js
                                   ▇ [1ms] - #49 Require(39) node_modules/egg-security/app.js
                                   ▇ [8ms] - #50 Require(40) node_modules/egg-onerror/app.js
                                   ▇ [7ms] - #51 Require(41) node_modules/egg-i18n/app.js
                                    ▇ [6ms] - #52 Require(42) node_modules/egg-watcher/app.js
                                    ▇ [1ms] - #53 Require(43) node_modules/egg-schedule/app.js
                                    ▇ [1ms] - #54 Require(44) node_modules/egg-multipart/app.js
                                    ▇ [1ms] - #55 Require(45) node_modules/egg-development/app.js
                                    ▇ [0ms] - #56 Require(46) node_modules/egg-logrotator/app.js
                                    ▇ [1ms] - #57 Require(47) node_modules/egg-static/app.js
                                    ▇ [0ms] - #58 Require(48) /Users/huangwei/Desktop/zero-element-boot/node_modules/egg-jwt/app.js
                                    ▇ [1ms] - #59 Require(49) node_modules/egg-redis/app.js
                                    ▇▇▇▇▇▇▇▇ [210ms] - #60 Before Start in node_modules/egg-watcher/lib/init.js:15:14
                                        ▇▇▇▇▇▇▇▇▇ [228ms] - #61 Before Start in node_modules/egg-redis/lib/redis.js:58:7
                                        ▇ [3ms] - #62 Load Service
                                        ▇ [3ms] - #63 Load "service" to Context
                                        ▇▇▇ [87ms] - #64 Load Middleware
                                        ▇▇▇ [77ms] - #65 Load "middlewares" to Application
                                            ▇ [16ms] - #66 Load Controller
                                            ▇ [16ms] - #67 Load "controller" to Application
                                            ▇ [2ms] - #68 Load Router
                                            ▇ [0ms] - #69 Require(50) app/router.js
                                            ▇ [10ms] - #70 Before Start in node_modules/egg-core/lib/egg.js:306:10
2024-12-16 09:36:40,016 INFO 36305 [egg:core] dump config after ready, 7ms
2024-12-16 09:36:57,709 INFO 36335 [egg:logger] init all loggers with options: {"dir":"/Users/huangwei/Desktop/zero-element-boot/auto/logs/mynode","encoding":"utf8","env":"local","level":"INFO","consoleLevel":"INFO","disableConsoleAfterReady":false,"outputJSON":false,"buffer":true,"appLogName":"mynode-web.log","coreLogName":"egg-web.log","agentLogName":"egg-agent.log","errorLogName":"common-error.log","coreLogger":{"consoleLevel":"WARN"},"allowDebugAtProd":false,"enablePerformanceTimer":false,"enableFastContextLogger":false,"type":"application","localStorage":{"enabled":false}}
2024-12-16 09:36:57,709 INFO 36335 [egg-multipart] stream mode enable
2024-12-16 09:36:57,772 INFO 36335 [egg-redis] server connecting redis://:***@202.63.172.43:6379/0
2024-12-16 09:36:57,820 INFO 36335 [egg-static] starting static serve /public/ -> /Users/huangwei/Desktop/zero-element-boot/auto/app/public
2024-12-16 09:36:57,822 INFO 36335 [egg-security] use methodnoallow middleware
2024-12-16 09:36:57,822 INFO 36335 [egg-security] use noopen middleware
2024-12-16 09:36:57,822 INFO 36335 [egg-security] use nosniff middleware
2024-12-16 09:36:57,823 INFO 36335 [egg-security] use xssProtection middleware
2024-12-16 09:36:57,823 INFO 36335 [egg-security] use xframe middleware
2024-12-16 09:36:57,823 INFO 36335 [egg-security] use dta middleware
2024-12-16 09:36:57,823 INFO 36335 [egg-security] compose 6 middlewares into one security middleware
2024-12-16 09:36:57,839 INFO 36335 [egg:core] dump config after load, 6ms
2024-12-16 09:36:57,853 INFO 36335 [egg-watcher:application] watcher start success
2024-12-16 09:36:57,891 INFO 36335 [egg-redis] client connect success
2024-12-16 09:36:57,944 INFO 36335 [egg-redis] instance[0] status OK, client ready
2024-12-16 09:36:57,952 INFO 36335 egg start timeline:
▇▇▇▇▇▇▇▇▇▇▇▇▇▇▇▇▇▇▇▇▇▇▇▇▇▇▇ [452ms] - #0 Process Start
                           ▇▇▇▇▇▇▇▇▇▇▇▇▇▇▇▇▇▇▇▇▇ [356ms] - #1 Application Start
                            ▇ [9ms] - #2 Load Plugin
                            ▇ [12ms] - #3 Load Config
                            ▇ [0ms] - #4 Require(0) config/config.default.js
                            ▇ [0ms] - #5 Require(1) node_modules/egg-session/config/config.default.js
                            ▇ [1ms] - #6 Require(2) node_modules/egg-security/config/config.default.js
                             ▇ [0ms] - #7 Require(3) node_modules/egg-jsonp/config/config.default.js
                             ▇ [1ms] - #8 Require(4) node_modules/egg-onerror/config/config.default.js
                             ▇ [0ms] - #9 Require(5) node_modules/egg-i18n/config/config.default.js
                             ▇ [1ms] - #10 Require(6) node_modules/egg-watcher/config/config.default.js
                             ▇ [0ms] - #11 Require(7) node_modules/egg-schedule/config/config.default.js
                             ▇ [0ms] - #12 Require(8) node_modules/egg-multipart/config/config.default.js
                             ▇ [0ms] - #13 Require(9) node_modules/egg-development/config/config.default.js
                             ▇ [0ms] - #14 Require(10) node_modules/egg-logrotator/config/config.default.js
                             ▇ [0ms] - #15 Require(11) node_modules/egg-static/config/config.default.js
                             ▇ [0ms] - #16 Require(12) node_modules/egg-view/config/config.default.js
                             ▇ [1ms] - #17 Require(13) /Users/huangwei/Desktop/zero-element-boot/node_modules/egg-jwt/config/config.default.js
                             ▇ [0ms] - #18 Require(14) node_modules/egg-redis/config/config.default.js
                             ▇ [0ms] - #19 Require(15) node_modules/egg/config/config.default.js
                             ▇ [0ms] - #20 Require(16) config/config.default.js
                             ▇ [0ms] - #21 Require(17) node_modules/egg-security/config/config.local.js
                             ▇ [1ms] - #22 Require(18) node_modules/egg-watcher/config/config.local.js
                             ▇ [0ms] - #23 Require(19) node_modules/egg-view/config/config.local.js
                             ▇ [0ms] - #24 Require(20) node_modules/egg/config/config.local.js
                             ▇ [31ms] - #25 Load extend/application.js
                             ▇ [1ms] - #26 Require(21) node_modules/egg-session/app/extend/application.js
                             ▇ [1ms] - #27 Require(22) node_modules/egg-security/app/extend/application.js
                             ▇ [2ms] - #28 Require(23) node_modules/egg-jsonp/app/extend/application.js
                             ▇ [2ms] - #29 Require(24) node_modules/egg-schedule/app/extend/application.js
                             ▇ [1ms] - #30 Require(25) node_modules/egg-logrotator/app/extend/application.js
                              ▇ [0ms] - #31 Require(26) node_modules/egg-view/app/extend/application.js
                              ▇ [23ms] - #32 Require(27) /Users/huangwei/Desktop/zero-element-boot/node_modules/egg-jwt/app/extend/application.js
                               ▇ [4ms] - #33 Load extend/request.js
                               ▇ [1ms] - #34 Require(28) node_modules/egg/app/extend/request.js
                               ▇ [3ms] - #35 Load extend/response.js
                               ▇ [1ms] - #36 Require(29) node_modules/egg/app/extend/response.js
                               ▇ [20ms] - #37 Load extend/context.js
                               ▇ [5ms] - #38 Require(30) node_modules/egg-security/app/extend/context.js
                                ▇ [1ms] - #39 Require(31) node_modules/egg-jsonp/app/extend/context.js
                                ▇ [0ms] - #40 Require(32) node_modules/egg-i18n/app/extend/context.js
                                ▇ [10ms] - #41 Require(33) node_modules/egg-multipart/app/extend/context.js
                                ▇ [1ms] - #42 Require(34) node_modules/egg-view/app/extend/context.js
                                 ▇ [1ms] - #43 Require(35) node_modules/egg/app/extend/context.js
                                 ▇ [11ms] - #44 Load extend/helper.js
                                 ▇ [8ms] - #45 Require(36) node_modules/egg-security/app/extend/helper.js
                                 ▇ [0ms] - #46 Require(37) node_modules/egg/app/extend/helper.js
                                 ▇ [18ms] - #47 Load app.js
                                 ▇ [1ms] - #48 Require(38) node_modules/egg-session/app.js
                                 ▇ [0ms] - #49 Require(39) node_modules/egg-security/app.js
                                 ▇ [5ms] - #50 Require(40) node_modules/egg-onerror/app.js
                                  ▇ [4ms] - #51 Require(41) node_modules/egg-i18n/app.js
                                  ▇ [4ms] - #52 Require(42) node_modules/egg-watcher/app.js
                                  ▇ [0ms] - #53 Require(43) node_modules/egg-schedule/app.js
                                  ▇ [0ms] - #54 Require(44) node_modules/egg-multipart/app.js
                                  ▇ [1ms] - #55 Require(45) node_modules/egg-development/app.js
                                  ▇ [0ms] - #56 Require(46) node_modules/egg-logrotator/app.js
                                  ▇ [0ms] - #57 Require(47) node_modules/egg-static/app.js
                                  ▇ [0ms] - #58 Require(48) /Users/huangwei/Desktop/zero-element-boot/node_modules/egg-jwt/app.js
                                  ▇ [1ms] - #59 Require(49) node_modules/egg-redis/app.js
                                   ▇▇▇▇▇▇▇▇ [140ms] - #60 Before Start in node_modules/egg-watcher/lib/init.js:15:14
                                       ▇▇▇▇▇▇▇▇▇▇ [171ms] - #61 Before Start in node_modules/egg-redis/lib/redis.js:58:7
                                       ▇ [4ms] - #62 Load Service
                                       ▇ [4ms] - #63 Load "service" to Context
                                       ▇▇ [47ms] - #64 Load Middleware
                                       ▇▇ [41ms] - #65 Load "middlewares" to Application
                                          ▇ [8ms] - #66 Load Controller
                                          ▇ [8ms] - #67 Load "controller" to Application
                                          ▇ [1ms] - #68 Load Router
                                          ▇ [0ms] - #69 Require(50) app/router.js
                                          ▇ [10ms] - #70 Before Start in node_modules/egg-core/lib/egg.js:306:10
2024-12-16 09:36:57,953 INFO 36335 [egg:core] dump config after ready, 6ms
2024-12-16 09:37:09,201 INFO 36355 [egg:logger] init all loggers with options: {"dir":"/Users/huangwei/Desktop/zero-element-boot/auto/logs/mynode","encoding":"utf8","env":"local","level":"INFO","consoleLevel":"INFO","disableConsoleAfterReady":false,"outputJSON":false,"buffer":true,"appLogName":"mynode-web.log","coreLogName":"egg-web.log","agentLogName":"egg-agent.log","errorLogName":"common-error.log","coreLogger":{"consoleLevel":"WARN"},"allowDebugAtProd":false,"enablePerformanceTimer":false,"enableFastContextLogger":false,"type":"application","localStorage":{"enabled":false}}
2024-12-16 09:37:09,201 INFO 36355 [egg-multipart] stream mode enable
2024-12-16 09:37:09,263 INFO 36355 [egg-redis] server connecting redis://:***@202.63.172.43:6379/0
2024-12-16 09:37:09,318 INFO 36355 [egg-static] starting static serve /public/ -> /Users/huangwei/Desktop/zero-element-boot/auto/app/public
2024-12-16 09:37:09,319 INFO 36355 [egg-security] use methodnoallow middleware
2024-12-16 09:37:09,320 INFO 36355 [egg-security] use noopen middleware
2024-12-16 09:37:09,320 INFO 36355 [egg-security] use nosniff middleware
2024-12-16 09:37:09,320 INFO 36355 [egg-security] use xssProtection middleware
2024-12-16 09:37:09,321 INFO 36355 [egg-security] use xframe middleware
2024-12-16 09:37:09,321 INFO 36355 [egg-security] use dta middleware
2024-12-16 09:37:09,322 INFO 36355 [egg-security] compose 6 middlewares into one security middleware
2024-12-16 09:37:09,336 INFO 36355 [egg:core] dump config after load, 4ms
2024-12-16 09:37:09,350 INFO 36355 [egg-watcher:application] watcher start success
2024-12-16 09:37:09,389 INFO 36355 [egg-redis] client connect success
2024-12-16 09:37:09,444 INFO 36355 [egg-redis] instance[0] status OK, client ready
2024-12-16 09:37:09,460 INFO 36355 egg start timeline:
▇▇▇▇▇▇▇▇▇▇▇▇▇▇▇▇▇▇▇▇▇▇▇▇▇▇ [405ms] - #0 Process Start
                          ▇▇▇▇▇▇▇▇▇▇▇▇▇▇▇▇▇▇▇▇▇▇ [350ms] - #1 Application Start
                          ▇ [7ms] - #2 Load Plugin
                           ▇ [11ms] - #3 Load Config
                           ▇ [0ms] - #4 Require(0) config/config.default.js
                           ▇ [0ms] - #5 Require(1) node_modules/egg-session/config/config.default.js
                           ▇ [0ms] - #6 Require(2) node_modules/egg-security/config/config.default.js
                           ▇ [0ms] - #7 Require(3) node_modules/egg-jsonp/config/config.default.js
                           ▇ [0ms] - #8 Require(4) node_modules/egg-onerror/config/config.default.js
                           ▇ [1ms] - #9 Require(5) node_modules/egg-i18n/config/config.default.js
                           ▇ [0ms] - #10 Require(6) node_modules/egg-watcher/config/config.default.js
                           ▇ [0ms] - #11 Require(7) node_modules/egg-schedule/config/config.default.js
                           ▇ [0ms] - #12 Require(8) node_modules/egg-multipart/config/config.default.js
                           ▇ [0ms] - #13 Require(9) node_modules/egg-development/config/config.default.js
                           ▇ [0ms] - #14 Require(10) node_modules/egg-logrotator/config/config.default.js
                           ▇ [0ms] - #15 Require(11) node_modules/egg-static/config/config.default.js
                           ▇ [0ms] - #16 Require(12) node_modules/egg-view/config/config.default.js
                           ▇ [0ms] - #17 Require(13) /Users/huangwei/Desktop/zero-element-boot/node_modules/egg-jwt/config/config.default.js
                           ▇ [0ms] - #18 Require(14) node_modules/egg-redis/config/config.default.js
                           ▇ [1ms] - #19 Require(15) node_modules/egg/config/config.default.js
                           ▇ [0ms] - #20 Require(16) config/config.default.js
                           ▇ [0ms] - #21 Require(17) node_modules/egg-security/config/config.local.js
                           ▇ [1ms] - #22 Require(18) node_modules/egg-watcher/config/config.local.js
                            ▇ [0ms] - #23 Require(19) node_modules/egg-view/config/config.local.js
                            ▇ [0ms] - #24 Require(20) node_modules/egg/config/config.local.js
                            ▇ [27ms] - #25 Load extend/application.js
                            ▇ [0ms] - #26 Require(21) node_modules/egg-session/app/extend/application.js
                            ▇ [1ms] - #27 Require(22) node_modules/egg-security/app/extend/application.js
                            ▇ [1ms] - #28 Require(23) node_modules/egg-jsonp/app/extend/application.js
                            ▇ [1ms] - #29 Require(24) node_modules/egg-schedule/app/extend/application.js
                            ▇ [1ms] - #30 Require(25) node_modules/egg-logrotator/app/extend/application.js
                            ▇ [1ms] - #31 Require(26) node_modules/egg-view/app/extend/application.js
                            ▇ [19ms] - #32 Require(27) /Users/huangwei/Desktop/zero-element-boot/node_modules/egg-jwt/app/extend/application.js
                             ▇ [2ms] - #33 Load extend/request.js
                              ▇ [0ms] - #34 Require(28) node_modules/egg/app/extend/request.js
                              ▇ [3ms] - #35 Load extend/response.js
                              ▇ [1ms] - #36 Require(29) node_modules/egg/app/extend/response.js
                              ▇ [16ms] - #37 Load extend/context.js
                              ▇ [4ms] - #38 Require(30) node_modules/egg-security/app/extend/context.js
                              ▇ [0ms] - #39 Require(31) node_modules/egg-jsonp/app/extend/context.js
                              ▇ [0ms] - #40 Require(32) node_modules/egg-i18n/app/extend/context.js
                              ▇ [8ms] - #41 Require(33) node_modules/egg-multipart/app/extend/context.js
                               ▇ [1ms] - #42 Require(34) node_modules/egg-view/app/extend/context.js
                               ▇ [1ms] - #43 Require(35) node_modules/egg/app/extend/context.js
                               ▇ [10ms] - #44 Load extend/helper.js
                               ▇ [8ms] - #45 Require(36) node_modules/egg-security/app/extend/helper.js
                               ▇ [0ms] - #46 Require(37) node_modules/egg/app/extend/helper.js
                                ▇ [16ms] - #47 Load app.js
                                ▇ [0ms] - #48 Require(38) node_modules/egg-session/app.js
                                ▇ [0ms] - #49 Require(39) node_modules/egg-security/app.js
                                ▇ [5ms] - #50 Require(40) node_modules/egg-onerror/app.js
                                ▇ [4ms] - #51 Require(41) node_modules/egg-i18n/app.js
                                ▇ [3ms] - #52 Require(42) node_modules/egg-watcher/app.js
                                ▇ [0ms] - #53 Require(43) node_modules/egg-schedule/app.js
                                ▇ [1ms] - #54 Require(44) node_modules/egg-multipart/app.js
                                ▇ [0ms] - #55 Require(45) node_modules/egg-development/app.js
                                ▇ [0ms] - #56 Require(46) node_modules/egg-logrotator/app.js
                                ▇ [0ms] - #57 Require(47) node_modules/egg-static/app.js
                                ▇ [1ms] - #58 Require(48) /Users/huangwei/Desktop/zero-element-boot/node_modules/egg-jwt/app.js
                                 ▇ [0ms] - #59 Require(49) node_modules/egg-redis/app.js
                                 ▇▇▇▇▇▇▇▇▇ [145ms] - #60 Before Start in node_modules/egg-watcher/lib/init.js:15:14
                                     ▇▇▇▇▇▇▇▇▇▇▇ [179ms] - #61 Before Start in node_modules/egg-redis/lib/redis.js:58:7
                                     ▇ [5ms] - #62 Load Service
                                     ▇ [5ms] - #63 Load "service" to Context
                                     ▇▇▇ [53ms] - #64 Load Middleware
                                     ▇▇ [46ms] - #65 Load "middlewares" to Application
                                         ▇ [7ms] - #66 Load Controller
                                         ▇ [7ms] - #67 Load "controller" to Application
                                         ▇ [2ms] - #68 Load Router
                                         ▇ [0ms] - #69 Require(50) app/router.js
                                         ▇ [9ms] - #70 Before Start in node_modules/egg-core/lib/egg.js:306:10
2024-12-16 09:37:09,460 INFO 36355 [egg:core] dump config after ready, 13ms
2024-12-16 09:39:15,152 INFO 36422 [egg:logger] init all loggers with options: {"dir":"/Users/huangwei/Desktop/zero-element-boot/auto/logs/mynode","encoding":"utf8","env":"local","level":"INFO","consoleLevel":"INFO","disableConsoleAfterReady":false,"outputJSON":false,"buffer":true,"appLogName":"mynode-web.log","coreLogName":"egg-web.log","agentLogName":"egg-agent.log","errorLogName":"common-error.log","coreLogger":{"consoleLevel":"WARN"},"allowDebugAtProd":false,"enablePerformanceTimer":false,"enableFastContextLogger":false,"type":"application","localStorage":{"enabled":false}}
2024-12-16 09:39:15,152 INFO 36422 [egg-multipart] stream mode enable
2024-12-16 09:39:15,226 INFO 36422 [egg-redis] server connecting redis://:***@202.63.172.43:6379/0
2024-12-16 09:39:15,291 INFO 36422 [egg-static] starting static serve /public/ -> /Users/huangwei/Desktop/zero-element-boot/auto/app/public
2024-12-16 09:39:15,293 INFO 36422 [egg-security] use methodnoallow middleware
2024-12-16 09:39:15,293 INFO 36422 [egg-security] use noopen middleware
2024-12-16 09:39:15,294 INFO 36422 [egg-security] use nosniff middleware
2024-12-16 09:39:15,295 INFO 36422 [egg-security] use xssProtection middleware
2024-12-16 09:39:15,295 INFO 36422 [egg-security] use xframe middleware
2024-12-16 09:39:15,296 INFO 36422 [egg-security] use dta middleware
2024-12-16 09:39:15,296 INFO 36422 [egg-security] compose 6 middlewares into one security middleware
2024-12-16 09:39:15,314 INFO 36422 [egg:core] dump config after load, 6ms
2024-12-16 09:39:15,325 INFO 36422 [egg-watcher:application] watcher start success
2024-12-16 09:39:15,373 INFO 36422 [egg-redis] client connect success
2024-12-16 09:39:15,425 INFO 36422 [egg-redis] instance[0] status OK, client ready
2024-12-16 09:39:15,433 INFO 36422 egg start timeline:
▇▇▇▇▇▇▇▇▇▇▇▇▇▇▇▇▇▇▇▇▇▇▇▇▇▇ [471ms] - #0 Process Start
                          ▇▇▇▇▇▇▇▇▇▇▇▇▇▇▇▇▇▇▇▇▇▇▇ [413ms] - #1 Application Start
                           ▇ [10ms] - #2 Load Plugin
                           ▇ [13ms] - #3 Load Config
                           ▇ [0ms] - #4 Require(0) config/config.default.js
                            ▇ [1ms] - #5 Require(1) node_modules/egg-session/config/config.default.js
                            ▇ [0ms] - #6 Require(2) node_modules/egg-security/config/config.default.js
                            ▇ [0ms] - #7 Require(3) node_modules/egg-jsonp/config/config.default.js
                            ▇ [0ms] - #8 Require(4) node_modules/egg-onerror/config/config.default.js
                            ▇ [0ms] - #9 Require(5) node_modules/egg-i18n/config/config.default.js
                            ▇ [0ms] - #10 Require(6) node_modules/egg-watcher/config/config.default.js
                            ▇ [0ms] - #11 Require(7) node_modules/egg-schedule/config/config.default.js
                            ▇ [0ms] - #12 Require(8) node_modules/egg-multipart/config/config.default.js
                            ▇ [0ms] - #13 Require(9) node_modules/egg-development/config/config.default.js
                            ▇ [1ms] - #14 Require(10) node_modules/egg-logrotator/config/config.default.js
                            ▇ [1ms] - #15 Require(11) node_modules/egg-static/config/config.default.js
                            ▇ [0ms] - #16 Require(12) node_modules/egg-view/config/config.default.js
                            ▇ [0ms] - #17 Require(13) /Users/huangwei/Desktop/zero-element-boot/node_modules/egg-jwt/config/config.default.js
                            ▇ [0ms] - #18 Require(14) node_modules/egg-redis/config/config.default.js
                            ▇ [0ms] - #19 Require(15) node_modules/egg/config/config.default.js
                            ▇ [0ms] - #20 Require(16) config/config.default.js
                            ▇ [0ms] - #21 Require(17) node_modules/egg-security/config/config.local.js
                            ▇ [0ms] - #22 Require(18) node_modules/egg-watcher/config/config.local.js
                            ▇ [1ms] - #23 Require(19) node_modules/egg-view/config/config.local.js
                            ▇ [0ms] - #24 Require(20) node_modules/egg/config/config.local.js
                            ▇ [34ms] - #25 Load extend/application.js
                            ▇ [1ms] - #26 Require(21) node_modules/egg-session/app/extend/application.js
                            ▇ [1ms] - #27 Require(22) node_modules/egg-security/app/extend/application.js
                            ▇ [1ms] - #28 Require(23) node_modules/egg-jsonp/app/extend/application.js
                            ▇ [2ms] - #29 Require(24) node_modules/egg-schedule/app/extend/application.js
                             ▇ [1ms] - #30 Require(25) node_modules/egg-logrotator/app/extend/application.js
                             ▇ [1ms] - #31 Require(26) node_modules/egg-view/app/extend/application.js
                             ▇ [26ms] - #32 Require(27) /Users/huangwei/Desktop/zero-element-boot/node_modules/egg-jwt/app/extend/application.js
                              ▇ [2ms] - #33 Load extend/request.js
                              ▇ [0ms] - #34 Require(28) node_modules/egg/app/extend/request.js
                              ▇ [4ms] - #35 Load extend/response.js
                              ▇ [1ms] - #36 Require(29) node_modules/egg/app/extend/response.js
                               ▇ [22ms] - #37 Load extend/context.js
                               ▇ [6ms] - #38 Require(30) node_modules/egg-security/app/extend/context.js
                               ▇ [1ms] - #39 Require(31) node_modules/egg-jsonp/app/extend/context.js
                               ▇ [0ms] - #40 Require(32) node_modules/egg-i18n/app/extend/context.js
                               ▇ [11ms] - #41 Require(33) node_modules/egg-multipart/app/extend/context.js
                                ▇ [0ms] - #42 Require(34) node_modules/egg-view/app/extend/context.js
                                ▇ [0ms] - #43 Require(35) node_modules/egg/app/extend/context.js
                                ▇ [11ms] - #44 Load extend/helper.js
                                ▇ [9ms] - #45 Require(36) node_modules/egg-security/app/extend/helper.js
                                ▇ [1ms] - #46 Require(37) node_modules/egg/app/extend/helper.js
                                 ▇ [19ms] - #47 Load app.js
                                 ▇ [0ms] - #48 Require(38) node_modules/egg-session/app.js
                                 ▇ [1ms] - #49 Require(39) node_modules/egg-security/app.js
                                 ▇ [6ms] - #50 Require(40) node_modules/egg-onerror/app.js
                                 ▇ [4ms] - #51 Require(41) node_modules/egg-i18n/app.js
                                 ▇ [4ms] - #52 Require(42) node_modules/egg-watcher/app.js
                                 ▇ [1ms] - #53 Require(43) node_modules/egg-schedule/app.js
                                 ▇ [0ms] - #54 Require(44) node_modules/egg-multipart/app.js
                                 ▇ [0ms] - #55 Require(45) node_modules/egg-development/app.js
                                 ▇ [0ms] - #56 Require(46) node_modules/egg-logrotator/app.js
                                 ▇ [0ms] - #57 Require(47) node_modules/egg-static/app.js
                                 ▇ [1ms] - #58 Require(48) /Users/huangwei/Desktop/zero-element-boot/node_modules/egg-jwt/app.js
                                  ▇ [0ms] - #59 Require(49) node_modules/egg-redis/app.js
                                  ▇▇▇▇▇▇▇▇▇ [169ms] - #60 Before Start in node_modules/egg-watcher/lib/init.js:15:14
                                      ▇▇▇▇▇▇▇▇▇▇▇ [199ms] - #61 Before Start in node_modules/egg-redis/lib/redis.js:58:7
                                      ▇ [7ms] - #62 Load Service
                                      ▇ [7ms] - #63 Load "service" to Context
                                      ▇▇▇ [63ms] - #64 Load Middleware
                                      ▇▇▇ [55ms] - #65 Load "middlewares" to Application
                                          ▇ [9ms] - #66 Load Controller
                                          ▇ [9ms] - #67 Load "controller" to Application
                                          ▇ [2ms] - #68 Load Router
                                          ▇ [0ms] - #69 Require(50) app/router.js
                                          ▇ [11ms] - #70 Before Start in node_modules/egg-core/lib/egg.js:306:10
2024-12-16 09:39:15,433 INFO 36422 [egg:core] dump config after ready, 6ms
2024-12-16 09:39:30,808 INFO 36445 [egg:logger] init all loggers with options: {"dir":"/Users/huangwei/Desktop/zero-element-boot/auto/logs/mynode","encoding":"utf8","env":"local","level":"INFO","consoleLevel":"INFO","disableConsoleAfterReady":false,"outputJSON":false,"buffer":true,"appLogName":"mynode-web.log","coreLogName":"egg-web.log","agentLogName":"egg-agent.log","errorLogName":"common-error.log","coreLogger":{"consoleLevel":"WARN"},"allowDebugAtProd":false,"enablePerformanceTimer":false,"enableFastContextLogger":false,"type":"application","localStorage":{"enabled":false}}
2024-12-16 09:39:30,808 INFO 36445 [egg-multipart] stream mode enable
2024-12-16 09:39:30,869 INFO 36445 [egg-redis] server connecting redis://:***@202.63.172.43:6379/0
2024-12-16 09:39:30,925 INFO 36445 [egg-static] starting static serve /public/ -> /Users/huangwei/Desktop/zero-element-boot/auto/app/public
2024-12-16 09:39:30,927 INFO 36445 [egg-security] use methodnoallow middleware
2024-12-16 09:39:30,927 INFO 36445 [egg-security] use noopen middleware
2024-12-16 09:39:30,928 INFO 36445 [egg-security] use nosniff middleware
2024-12-16 09:39:30,928 INFO 36445 [egg-security] use xssProtection middleware
2024-12-16 09:39:30,928 INFO 36445 [egg-security] use xframe middleware
2024-12-16 09:39:30,929 INFO 36445 [egg-security] use dta middleware
2024-12-16 09:39:30,929 INFO 36445 [egg-security] compose 6 middlewares into one security middleware
2024-12-16 09:39:30,945 INFO 36445 [egg:core] dump config after load, 5ms
2024-12-16 09:39:30,957 INFO 36445 [egg-watcher:application] watcher start success
2024-12-16 09:39:31,000 INFO 36445 [egg-redis] client connect success
2024-12-16 09:39:31,049 INFO 36445 [egg-redis] instance[0] status OK, client ready
2024-12-16 09:39:31,057 INFO 36445 egg start timeline:
▇▇▇▇▇▇▇▇▇▇▇▇▇▇▇▇▇▇▇▇▇▇▇▇▇▇ [417ms] - #0 Process Start
                          ▇▇▇▇▇▇▇▇▇▇▇▇▇▇▇▇▇▇▇▇▇▇ [355ms] - #1 Application Start
                           ▇ [8ms] - #2 Load Plugin
                           ▇ [13ms] - #3 Load Config
                           ▇ [0ms] - #4 Require(0) config/config.default.js
                            ▇ [0ms] - #5 Require(1) node_modules/egg-session/config/config.default.js
                            ▇ [1ms] - #6 Require(2) node_modules/egg-security/config/config.default.js
                            ▇ [0ms] - #7 Require(3) node_modules/egg-jsonp/config/config.default.js
                            ▇ [0ms] - #8 Require(4) node_modules/egg-onerror/config/config.default.js
                            ▇ [1ms] - #9 Require(5) node_modules/egg-i18n/config/config.default.js
                            ▇ [0ms] - #10 Require(6) node_modules/egg-watcher/config/config.default.js
                            ▇ [1ms] - #11 Require(7) node_modules/egg-schedule/config/config.default.js
                            ▇ [0ms] - #12 Require(8) node_modules/egg-multipart/config/config.default.js
                            ▇ [0ms] - #13 Require(9) node_modules/egg-development/config/config.default.js
                            ▇ [0ms] - #14 Require(10) node_modules/egg-logrotator/config/config.default.js
                            ▇ [1ms] - #15 Require(11) node_modules/egg-static/config/config.default.js
                            ▇ [0ms] - #16 Require(12) node_modules/egg-view/config/config.default.js
                            ▇ [0ms] - #17 Require(13) /Users/huangwei/Desktop/zero-element-boot/node_modules/egg-jwt/config/config.default.js
                            ▇ [0ms] - #18 Require(14) node_modules/egg-redis/config/config.default.js
                            ▇ [0ms] - #19 Require(15) node_modules/egg/config/config.default.js
                            ▇ [0ms] - #20 Require(16) config/config.default.js
                            ▇ [1ms] - #21 Require(17) node_modules/egg-security/config/config.local.js
                            ▇ [0ms] - #22 Require(18) node_modules/egg-watcher/config/config.local.js
                            ▇ [0ms] - #23 Require(19) node_modules/egg-view/config/config.local.js
                            ▇ [1ms] - #24 Require(20) node_modules/egg/config/config.local.js
                            ▇ [29ms] - #25 Load extend/application.js
                            ▇ [0ms] - #26 Require(21) node_modules/egg-session/app/extend/application.js
                            ▇ [0ms] - #27 Require(22) node_modules/egg-security/app/extend/application.js
                            ▇ [1ms] - #28 Require(23) node_modules/egg-jsonp/app/extend/application.js
                            ▇ [1ms] - #29 Require(24) node_modules/egg-schedule/app/extend/application.js
                             ▇ [0ms] - #30 Require(25) node_modules/egg-logrotator/app/extend/application.js
                             ▇ [2ms] - #31 Require(26) node_modules/egg-view/app/extend/application.js
                             ▇ [21ms] - #32 Require(27) /Users/huangwei/Desktop/zero-element-boot/node_modules/egg-jwt/app/extend/application.js
                              ▇ [3ms] - #33 Load extend/request.js
                              ▇ [1ms] - #34 Require(28) node_modules/egg/app/extend/request.js
                              ▇ [3ms] - #35 Load extend/response.js
                              ▇ [1ms] - #36 Require(29) node_modules/egg/app/extend/response.js
                               ▇ [18ms] - #37 Load extend/context.js
                               ▇ [5ms] - #38 Require(30) node_modules/egg-security/app/extend/context.js
                               ▇ [1ms] - #39 Require(31) node_modules/egg-jsonp/app/extend/context.js
                               ▇ [0ms] - #40 Require(32) node_modules/egg-i18n/app/extend/context.js
                               ▇ [9ms] - #41 Require(33) node_modules/egg-multipart/app/extend/context.js
                                ▇ [1ms] - #42 Require(34) node_modules/egg-view/app/extend/context.js
                                ▇ [1ms] - #43 Require(35) node_modules/egg/app/extend/context.js
                                ▇ [10ms] - #44 Load extend/helper.js
                                ▇ [8ms] - #45 Require(36) node_modules/egg-security/app/extend/helper.js
                                ▇ [0ms] - #46 Require(37) node_modules/egg/app/extend/helper.js
                                ▇ [16ms] - #47 Load app.js
                                ▇ [1ms] - #48 Require(38) node_modules/egg-session/app.js
                                ▇ [0ms] - #49 Require(39) node_modules/egg-security/app.js
                                ▇ [4ms] - #50 Require(40) node_modules/egg-onerror/app.js
                                 ▇ [5ms] - #51 Require(41) node_modules/egg-i18n/app.js
                                 ▇ [3ms] - #52 Require(42) node_modules/egg-watcher/app.js
                                 ▇ [0ms] - #53 Require(43) node_modules/egg-schedule/app.js
                                 ▇ [1ms] - #54 Require(44) node_modules/egg-multipart/app.js
                                 ▇ [0ms] - #55 Require(45) node_modules/egg-development/app.js
                                 ▇ [0ms] - #56 Require(46) node_modules/egg-logrotator/app.js
                                 ▇ [1ms] - #57 Require(47) node_modules/egg-static/app.js
                                 ▇ [0ms] - #58 Require(48) /Users/huangwei/Desktop/zero-element-boot/node_modules/egg-jwt/app.js
                                 ▇ [0ms] - #59 Require(49) node_modules/egg-redis/app.js
                                  ▇▇▇▇▇▇▇▇▇ [145ms] - #60 Before Start in node_modules/egg-watcher/lib/init.js:15:14
                                      ▇▇▇▇▇▇▇▇▇▇▇ [178ms] - #61 Before Start in node_modules/egg-redis/lib/redis.js:58:7
                                      ▇ [4ms] - #62 Load Service
                                      ▇ [4ms] - #63 Load "service" to Context
                                      ▇▇▇ [55ms] - #64 Load Middleware
                                      ▇▇▇ [48ms] - #65 Load "middlewares" to Application
                                         ▇ [8ms] - #66 Load Controller
                                         ▇ [8ms] - #67 Load "controller" to Application
                                          ▇ [2ms] - #68 Load Router
                                          ▇ [0ms] - #69 Require(50) app/router.js
                                          ▇ [10ms] - #70 Before Start in node_modules/egg-core/lib/egg.js:306:10
2024-12-16 09:39:31,057 INFO 36445 [egg:core] dump config after ready, 5ms
2024-12-16 09:39:48,810 INFO 36475 [egg:logger] init all loggers with options: {"dir":"/Users/huangwei/Desktop/zero-element-boot/auto/logs/mynode","encoding":"utf8","env":"local","level":"INFO","consoleLevel":"INFO","disableConsoleAfterReady":false,"outputJSON":false,"buffer":true,"appLogName":"mynode-web.log","coreLogName":"egg-web.log","agentLogName":"egg-agent.log","errorLogName":"common-error.log","coreLogger":{"consoleLevel":"WARN"},"allowDebugAtProd":false,"enablePerformanceTimer":false,"enableFastContextLogger":false,"type":"application","localStorage":{"enabled":false}}
2024-12-16 09:39:48,810 INFO 36475 [egg-multipart] stream mode enable
2024-12-16 09:39:48,901 INFO 36475 [egg-redis] server connecting redis://:***@202.63.172.43:6379/0
2024-12-16 09:39:49,009 INFO 36475 [egg-static] starting static serve /public/ -> /Users/huangwei/Desktop/zero-element-boot/auto/app/public
2024-12-16 09:39:49,011 INFO 36475 [egg-security] use methodnoallow middleware
2024-12-16 09:39:49,012 INFO 36475 [egg-security] use noopen middleware
2024-12-16 09:39:49,013 INFO 36475 [egg-security] use nosniff middleware
2024-12-16 09:39:49,013 INFO 36475 [egg-security] use xssProtection middleware
2024-12-16 09:39:49,014 INFO 36475 [egg-security] use xframe middleware
2024-12-16 09:39:49,015 INFO 36475 [egg-security] use dta middleware
2024-12-16 09:39:49,015 INFO 36475 [egg-security] compose 6 middlewares into one security middleware
2024-12-16 09:39:49,053 INFO 36475 [egg:core] dump config after load, 15ms
2024-12-16 09:39:49,073 INFO 36475 [egg-watcher:application] watcher start success
2024-12-16 09:39:49,108 INFO 36475 [egg-redis] client connect success
2024-12-16 09:39:49,161 INFO 36475 [egg-redis] instance[0] status OK, client ready
2024-12-16 09:39:49,173 INFO 36475 egg start timeline:
▇▇▇▇▇▇▇▇▇▇▇▇▇▇▇▇▇▇▇▇▇▇▇▇▇▇▇▇ [720ms] - #0 Process Start
                            ▇▇▇▇▇▇▇▇▇▇▇▇▇▇▇▇▇▇▇▇▇ [539ms] - #1 Application Start
                            ▇ [13ms] - #2 Load Plugin
                             ▇ [18ms] - #3 Load Config
                             ▇ [1ms] - #4 Require(0) config/config.default.js
                             ▇ [0ms] - #5 Require(1) node_modules/egg-session/config/config.default.js
                             ▇ [1ms] - #6 Require(2) node_modules/egg-security/config/config.default.js
                             ▇ [1ms] - #7 Require(3) node_modules/egg-jsonp/config/config.default.js
                             ▇ [0ms] - #8 Require(4) node_modules/egg-onerror/config/config.default.js
                             ▇ [0ms] - #9 Require(5) node_modules/egg-i18n/config/config.default.js
                             ▇ [1ms] - #10 Require(6) node_modules/egg-watcher/config/config.default.js
                             ▇ [1ms] - #11 Require(7) node_modules/egg-schedule/config/config.default.js
                             ▇ [0ms] - #12 Require(8) node_modules/egg-multipart/config/config.default.js
                             ▇ [0ms] - #13 Require(9) node_modules/egg-development/config/config.default.js
                             ▇ [1ms] - #14 Require(10) node_modules/egg-logrotator/config/config.default.js
                             ▇ [0ms] - #15 Require(11) node_modules/egg-static/config/config.default.js
                             ▇ [0ms] - #16 Require(12) node_modules/egg-view/config/config.default.js
                             ▇ [1ms] - #17 Require(13) /Users/huangwei/Desktop/zero-element-boot/node_modules/egg-jwt/config/config.default.js
                             ▇ [1ms] - #18 Require(14) node_modules/egg-redis/config/config.default.js
                             ▇ [0ms] - #19 Require(15) node_modules/egg/config/config.default.js
                             ▇ [0ms] - #20 Require(16) config/config.default.js
                             ▇ [1ms] - #21 Require(17) node_modules/egg-security/config/config.local.js
                             ▇ [1ms] - #22 Require(18) node_modules/egg-watcher/config/config.local.js
                              ▇ [1ms] - #23 Require(19) node_modules/egg-view/config/config.local.js
                              ▇ [1ms] - #24 Require(20) node_modules/egg/config/config.local.js
                              ▇ [42ms] - #25 Load extend/application.js
                              ▇ [1ms] - #26 Require(21) node_modules/egg-session/app/extend/application.js
                              ▇ [1ms] - #27 Require(22) node_modules/egg-security/app/extend/application.js
                              ▇ [1ms] - #28 Require(23) node_modules/egg-jsonp/app/extend/application.js
                              ▇ [2ms] - #29 Require(24) node_modules/egg-schedule/app/extend/application.js
                              ▇ [1ms] - #30 Require(25) node_modules/egg-logrotator/app/extend/application.js
                              ▇ [1ms] - #31 Require(26) node_modules/egg-view/app/extend/application.js
                              ▇ [30ms] - #32 Require(27) /Users/huangwei/Desktop/zero-element-boot/node_modules/egg-jwt/app/extend/application.js
                               ▇ [3ms] - #33 Load extend/request.js
                               ▇ [0ms] - #34 Require(28) node_modules/egg/app/extend/request.js
                               ▇ [4ms] - #35 Load extend/response.js
                               ▇ [2ms] - #36 Require(29) node_modules/egg/app/extend/response.js
                                ▇ [45ms] - #37 Load extend/context.js
                                ▇ [16ms] - #38 Require(30) node_modules/egg-security/app/extend/context.js
                                ▇ [4ms] - #39 Require(31) node_modules/egg-jsonp/app/extend/context.js
                                ▇ [0ms] - #40 Require(32) node_modules/egg-i18n/app/extend/context.js
                                ▇ [20ms] - #41 Require(33) node_modules/egg-multipart/app/extend/context.js
                                 ▇ [1ms] - #42 Require(34) node_modules/egg-view/app/extend/context.js
                                 ▇ [1ms] - #43 Require(35) node_modules/egg/app/extend/context.js
                                 ▇ [15ms] - #44 Load extend/helper.js
                                 ▇ [13ms] - #45 Require(36) node_modules/egg-security/app/extend/helper.js
                                  ▇ [1ms] - #46 Require(37) node_modules/egg/app/extend/helper.js
                                  ▇ [29ms] - #47 Load app.js
                                  ▇ [0ms] - #48 Require(38) node_modules/egg-session/app.js
                                  ▇ [0ms] - #49 Require(39) node_modules/egg-security/app.js
                                  ▇ [7ms] - #50 Require(40) node_modules/egg-onerror/app.js
                                  ▇ [6ms] - #51 Require(41) node_modules/egg-i18n/app.js
                                   ▇ [7ms] - #52 Require(42) node_modules/egg-watcher/app.js
                                   ▇ [0ms] - #53 Require(43) node_modules/egg-schedule/app.js
                                   ▇ [2ms] - #54 Require(44) node_modules/egg-multipart/app.js
                                   ▇ [0ms] - #55 Require(45) node_modules/egg-development/app.js
                                   ▇ [1ms] - #56 Require(46) node_modules/egg-logrotator/app.js
                                   ▇ [0ms] - #57 Require(47) node_modules/egg-static/app.js
                                   ▇ [1ms] - #58 Require(48) /Users/huangwei/Desktop/zero-element-boot/node_modules/egg-jwt/app.js
                                   ▇ [1ms] - #59 Require(49) node_modules/egg-redis/app.js
                                   ▇▇▇▇▇▇▇▇▇▇ [259ms] - #60 Before Start in node_modules/egg-watcher/lib/init.js:15:14
                                       ▇▇▇▇▇▇▇▇▇▇ [259ms] - #61 Before Start in node_modules/egg-redis/lib/redis.js:58:7
                                       ▇ [4ms] - #62 Load Service
                                       ▇ [4ms] - #63 Load "service" to Context
                                       ▇▇▇▇ [109ms] - #64 Load Middleware
                                       ▇▇▇ [100ms] - #65 Load "middlewares" to Application
                                           ▇ [19ms] - #66 Load Controller
                                           ▇ [19ms] - #67 Load "controller" to Application
                                            ▇ [3ms] - #68 Load Router
                                            ▇ [0ms] - #69 Require(50) app/router.js
                                            ▇ [22ms] - #70 Before Start in node_modules/egg-core/lib/egg.js:306:10
2024-12-16 09:39:49,173 INFO 36475 [egg:core] dump config after ready, 6ms
2024-12-16 09:40:57,596 INFO 36520 [egg:logger] init all loggers with options: {"dir":"/Users/huangwei/Desktop/zero-element-boot/auto/logs/mynode","encoding":"utf8","env":"local","level":"INFO","consoleLevel":"INFO","disableConsoleAfterReady":false,"outputJSON":false,"buffer":true,"appLogName":"mynode-web.log","coreLogName":"egg-web.log","agentLogName":"egg-agent.log","errorLogName":"common-error.log","coreLogger":{"consoleLevel":"WARN"},"allowDebugAtProd":false,"enablePerformanceTimer":false,"enableFastContextLogger":false,"type":"application","localStorage":{"enabled":false}}
2024-12-16 09:40:57,596 INFO 36520 [egg-multipart] stream mode enable
2024-12-16 09:40:57,656 INFO 36520 [egg-redis] server connecting redis://:***@202.63.172.43:6379/0
2024-12-16 09:40:57,707 INFO 36520 [egg-static] starting static serve /public/ -> /Users/huangwei/Desktop/zero-element-boot/auto/app/public
2024-12-16 09:40:57,709 INFO 36520 [egg-security] use methodnoallow middleware
2024-12-16 09:40:57,710 INFO 36520 [egg-security] use noopen middleware
2024-12-16 09:40:57,710 INFO 36520 [egg-security] use nosniff middleware
2024-12-16 09:40:57,710 INFO 36520 [egg-security] use xssProtection middleware
2024-12-16 09:40:57,711 INFO 36520 [egg-security] use xframe middleware
2024-12-16 09:40:57,711 INFO 36520 [egg-security] use dta middleware
2024-12-16 09:40:57,711 INFO 36520 [egg-security] compose 6 middlewares into one security middleware
2024-12-16 09:40:57,726 INFO 36520 [egg:core] dump config after load, 4ms
2024-12-16 09:40:57,737 INFO 36520 [egg-watcher:application] watcher start success
2024-12-16 09:40:57,786 INFO 36520 [egg-redis] client connect success
2024-12-16 09:40:57,923 INFO 36520 [egg-redis] instance[0] status OK, client ready
2024-12-16 09:40:57,935 INFO 36520 egg start timeline:
▇▇▇▇▇▇▇▇▇▇▇▇▇▇▇▇▇▇▇▇▇▇▇ [395ms] - #0 Process Start
                       ▇▇▇▇▇▇▇▇▇▇▇▇▇▇▇▇▇▇▇▇▇▇▇▇▇ [432ms] - #1 Application Start
                        ▇ [8ms] - #2 Load Plugin
                        ▇ [11ms] - #3 Load Config
                        ▇ [0ms] - #4 Require(0) config/config.default.js
                        ▇ [1ms] - #5 Require(1) node_modules/egg-session/config/config.default.js
                        ▇ [0ms] - #6 Require(2) node_modules/egg-security/config/config.default.js
                        ▇ [1ms] - #7 Require(3) node_modules/egg-jsonp/config/config.default.js
                        ▇ [0ms] - #8 Require(4) node_modules/egg-onerror/config/config.default.js
                        ▇ [0ms] - #9 Require(5) node_modules/egg-i18n/config/config.default.js
                        ▇ [0ms] - #10 Require(6) node_modules/egg-watcher/config/config.default.js
                        ▇ [0ms] - #11 Require(7) node_modules/egg-schedule/config/config.default.js
                        ▇ [0ms] - #12 Require(8) node_modules/egg-multipart/config/config.default.js
                        ▇ [0ms] - #13 Require(9) node_modules/egg-development/config/config.default.js
                        ▇ [0ms] - #14 Require(10) node_modules/egg-logrotator/config/config.default.js
                        ▇ [0ms] - #15 Require(11) node_modules/egg-static/config/config.default.js
                        ▇ [1ms] - #16 Require(12) node_modules/egg-view/config/config.default.js
                         ▇ [0ms] - #17 Require(13) /Users/huangwei/Desktop/zero-element-boot/node_modules/egg-jwt/config/config.default.js
                         ▇ [0ms] - #18 Require(14) node_modules/egg-redis/config/config.default.js
                         ▇ [1ms] - #19 Require(15) node_modules/egg/config/config.default.js
                         ▇ [0ms] - #20 Require(16) config/config.default.js
                         ▇ [0ms] - #21 Require(17) node_modules/egg-security/config/config.local.js
                         ▇ [1ms] - #22 Require(18) node_modules/egg-watcher/config/config.local.js
                         ▇ [0ms] - #23 Require(19) node_modules/egg-view/config/config.local.js
                         ▇ [0ms] - #24 Require(20) node_modules/egg/config/config.local.js
                         ▇ [26ms] - #25 Load extend/application.js
                         ▇ [0ms] - #26 Require(21) node_modules/egg-session/app/extend/application.js
                         ▇ [1ms] - #27 Require(22) node_modules/egg-security/app/extend/application.js
                         ▇ [1ms] - #28 Require(23) node_modules/egg-jsonp/app/extend/application.js
                         ▇ [1ms] - #29 Require(24) node_modules/egg-schedule/app/extend/application.js
                         ▇ [1ms] - #30 Require(25) node_modules/egg-logrotator/app/extend/application.js
                         ▇ [1ms] - #31 Require(26) node_modules/egg-view/app/extend/application.js
                         ▇ [19ms] - #32 Require(27) /Users/huangwei/Desktop/zero-element-boot/node_modules/egg-jwt/app/extend/application.js
                          ▇ [3ms] - #33 Load extend/request.js
                          ▇ [1ms] - #34 Require(28) node_modules/egg/app/extend/request.js
                           ▇ [3ms] - #35 Load extend/response.js
                           ▇ [1ms] - #36 Require(29) node_modules/egg/app/extend/response.js
                           ▇ [17ms] - #37 Load extend/context.js
                           ▇ [4ms] - #38 Require(30) node_modules/egg-security/app/extend/context.js
                           ▇ [1ms] - #39 Require(31) node_modules/egg-jsonp/app/extend/context.js
                           ▇ [0ms] - #40 Require(32) node_modules/egg-i18n/app/extend/context.js
                           ▇ [10ms] - #41 Require(33) node_modules/egg-multipart/app/extend/context.js
                            ▇ [0ms] - #42 Require(34) node_modules/egg-view/app/extend/context.js
                            ▇ [1ms] - #43 Require(35) node_modules/egg/app/extend/context.js
                            ▇ [9ms] - #44 Load extend/helper.js
                            ▇ [7ms] - #45 Require(36) node_modules/egg-security/app/extend/helper.js
                            ▇ [0ms] - #46 Require(37) node_modules/egg/app/extend/helper.js
                            ▇ [14ms] - #47 Load app.js
                            ▇ [0ms] - #48 Require(38) node_modules/egg-session/app.js
                            ▇ [1ms] - #49 Require(39) node_modules/egg-security/app.js
                            ▇ [4ms] - #50 Require(40) node_modules/egg-onerror/app.js
                             ▇ [4ms] - #51 Require(41) node_modules/egg-i18n/app.js
                             ▇ [2ms] - #52 Require(42) node_modules/egg-watcher/app.js
                             ▇ [0ms] - #53 Require(43) node_modules/egg-schedule/app.js
                             ▇ [1ms] - #54 Require(44) node_modules/egg-multipart/app.js
                             ▇ [0ms] - #55 Require(45) node_modules/egg-development/app.js
                             ▇ [0ms] - #56 Require(46) node_modules/egg-logrotator/app.js
                             ▇ [0ms] - #57 Require(47) node_modules/egg-static/app.js
                             ▇ [1ms] - #58 Require(48) /Users/huangwei/Desktop/zero-element-boot/node_modules/egg-jwt/app.js
                             ▇ [0ms] - #59 Require(49) node_modules/egg-redis/app.js
                              ▇▇▇▇▇▇▇▇ [138ms] - #60 Before Start in node_modules/egg-watcher/lib/init.js:15:14
                                 ▇▇▇▇▇▇▇▇▇▇▇▇▇▇▇ [267ms] - #61 Before Start in node_modules/egg-redis/lib/redis.js:58:7
                                 ▇ [4ms] - #62 Load Service
                                 ▇ [3ms] - #63 Load "service" to Context
                                 ▇▇ [50ms] - #64 Load Middleware
                                 ▇▇ [44ms] - #65 Load "middlewares" to Application
                                    ▇ [7ms] - #66 Load Controller
                                    ▇ [7ms] - #67 Load "controller" to Application
                                     ▇ [2ms] - #68 Load Router
                                     ▇ [1ms] - #69 Require(50) app/router.js
                                     ▇ [8ms] - #70 Before Start in node_modules/egg-core/lib/egg.js:306:10
2024-12-16 09:40:57,935 INFO 36520 [egg:core] dump config after ready, 7ms
2024-12-16 09:41:08,054 INFO 36554 [egg:logger] init all loggers with options: {"dir":"/Users/huangwei/Desktop/zero-element-boot/auto/logs/mynode","encoding":"utf8","env":"local","level":"INFO","consoleLevel":"INFO","disableConsoleAfterReady":false,"outputJSON":false,"buffer":true,"appLogName":"mynode-web.log","coreLogName":"egg-web.log","agentLogName":"egg-agent.log","errorLogName":"common-error.log","coreLogger":{"consoleLevel":"WARN"},"allowDebugAtProd":false,"enablePerformanceTimer":false,"enableFastContextLogger":false,"type":"application","localStorage":{"enabled":false}}
2024-12-16 09:41:08,054 INFO 36554 [egg-multipart] stream mode enable
2024-12-16 09:41:08,120 INFO 36554 [egg-redis] server connecting redis://:***@202.63.172.43:6379/0
2024-12-16 09:41:08,177 INFO 36554 [egg-static] starting static serve /public/ -> /Users/huangwei/Desktop/zero-element-boot/auto/app/public
2024-12-16 09:41:08,179 INFO 36554 [egg-security] use methodnoallow middleware
2024-12-16 09:41:08,180 INFO 36554 [egg-security] use noopen middleware
2024-12-16 09:41:08,180 INFO 36554 [egg-security] use nosniff middleware
2024-12-16 09:41:08,180 INFO 36554 [egg-security] use xssProtection middleware
2024-12-16 09:41:08,181 INFO 36554 [egg-security] use xframe middleware
2024-12-16 09:41:08,181 INFO 36554 [egg-security] use dta middleware
2024-12-16 09:41:08,181 INFO 36554 [egg-security] compose 6 middlewares into one security middleware
2024-12-16 09:41:08,198 INFO 36554 [egg:core] dump config after load, 5ms
2024-12-16 09:41:08,211 INFO 36554 [egg-watcher:application] watcher start success
2024-12-16 09:41:08,255 INFO 36554 [egg-redis] client connect success
2024-12-16 09:41:08,302 INFO 36554 [egg-redis] instance[0] status OK, client ready
2024-12-16 09:41:08,309 INFO 36554 egg start timeline:
▇▇▇▇▇▇▇▇▇▇▇▇▇▇▇▇▇▇▇▇▇▇▇▇▇▇ [428ms] - #0 Process Start
                          ▇▇▇▇▇▇▇▇▇▇▇▇▇▇▇▇▇▇▇▇▇▇ [365ms] - #1 Application Start
                           ▇ [7ms] - #2 Load Plugin
                           ▇ [11ms] - #3 Load Config
                           ▇ [0ms] - #4 Require(0) config/config.default.js
                           ▇ [0ms] - #5 Require(1) node_modules/egg-session/config/config.default.js
                           ▇ [1ms] - #6 Require(2) node_modules/egg-security/config/config.default.js
                           ▇ [1ms] - #7 Require(3) node_modules/egg-jsonp/config/config.default.js
                            ▇ [0ms] - #8 Require(4) node_modules/egg-onerror/config/config.default.js
                            ▇ [0ms] - #9 Require(5) node_modules/egg-i18n/config/config.default.js
                            ▇ [0ms] - #10 Require(6) node_modules/egg-watcher/config/config.default.js
                            ▇ [0ms] - #11 Require(7) node_modules/egg-schedule/config/config.default.js
                            ▇ [1ms] - #12 Require(8) node_modules/egg-multipart/config/config.default.js
                            ▇ [0ms] - #13 Require(9) node_modules/egg-development/config/config.default.js
                            ▇ [0ms] - #14 Require(10) node_modules/egg-logrotator/config/config.default.js
                            ▇ [0ms] - #15 Require(11) node_modules/egg-static/config/config.default.js
                            ▇ [1ms] - #16 Require(12) node_modules/egg-view/config/config.default.js
                            ▇ [0ms] - #17 Require(13) /Users/huangwei/Desktop/zero-element-boot/node_modules/egg-jwt/config/config.default.js
                            ▇ [0ms] - #18 Require(14) node_modules/egg-redis/config/config.default.js
                            ▇ [1ms] - #19 Require(15) node_modules/egg/config/config.default.js
                            ▇ [0ms] - #20 Require(16) config/config.default.js
                            ▇ [0ms] - #21 Require(17) node_modules/egg-security/config/config.local.js
                            ▇ [1ms] - #22 Require(18) node_modules/egg-watcher/config/config.local.js
                            ▇ [0ms] - #23 Require(19) node_modules/egg-view/config/config.local.js
                            ▇ [0ms] - #24 Require(20) node_modules/egg/config/config.local.js
                            ▇ [29ms] - #25 Load extend/application.js
                            ▇ [0ms] - #26 Require(21) node_modules/egg-session/app/extend/application.js
                            ▇ [1ms] - #27 Require(22) node_modules/egg-security/app/extend/application.js
                            ▇ [2ms] - #28 Require(23) node_modules/egg-jsonp/app/extend/application.js
                            ▇ [1ms] - #29 Require(24) node_modules/egg-schedule/app/extend/application.js
                            ▇ [0ms] - #30 Require(25) node_modules/egg-logrotator/app/extend/application.js
                            ▇ [1ms] - #31 Require(26) node_modules/egg-view/app/extend/application.js
                            ▇ [22ms] - #32 Require(27) /Users/huangwei/Desktop/zero-element-boot/node_modules/egg-jwt/app/extend/application.js
                              ▇ [3ms] - #33 Load extend/request.js
                              ▇ [1ms] - #34 Require(28) node_modules/egg/app/extend/request.js
                              ▇ [4ms] - #35 Load extend/response.js
                              ▇ [0ms] - #36 Require(29) node_modules/egg/app/extend/response.js
                              ▇ [19ms] - #37 Load extend/context.js
                              ▇ [5ms] - #38 Require(30) node_modules/egg-security/app/extend/context.js
                               ▇ [1ms] - #39 Require(31) node_modules/egg-jsonp/app/extend/context.js
                               ▇ [1ms] - #40 Require(32) node_modules/egg-i18n/app/extend/context.js
                               ▇ [10ms] - #41 Require(33) node_modules/egg-multipart/app/extend/context.js
                               ▇ [0ms] - #42 Require(34) node_modules/egg-view/app/extend/context.js
                               ▇ [0ms] - #43 Require(35) node_modules/egg/app/extend/context.js
                                ▇ [10ms] - #44 Load extend/helper.js
                                ▇ [8ms] - #45 Require(36) node_modules/egg-security/app/extend/helper.js
                                ▇ [0ms] - #46 Require(37) node_modules/egg/app/extend/helper.js
                                ▇ [20ms] - #47 Load app.js
                                ▇ [0ms] - #48 Require(38) node_modules/egg-session/app.js
                                ▇ [2ms] - #49 Require(39) node_modules/egg-security/app.js
                                ▇ [5ms] - #50 Require(40) node_modules/egg-onerror/app.js
                                 ▇ [5ms] - #51 Require(41) node_modules/egg-i18n/app.js
                                 ▇ [3ms] - #52 Require(42) node_modules/egg-watcher/app.js
                                 ▇ [0ms] - #53 Require(43) node_modules/egg-schedule/app.js
                                 ▇ [0ms] - #54 Require(44) node_modules/egg-multipart/app.js
                                 ▇ [0ms] - #55 Require(45) node_modules/egg-development/app.js
                                 ▇ [1ms] - #56 Require(46) node_modules/egg-logrotator/app.js
                                 ▇ [1ms] - #57 Require(47) node_modules/egg-static/app.js
                                 ▇ [0ms] - #58 Require(48) /Users/huangwei/Desktop/zero-element-boot/node_modules/egg-jwt/app.js
                                 ▇ [1ms] - #59 Require(49) node_modules/egg-redis/app.js
                                  ▇▇▇▇▇▇▇▇▇ [152ms] - #60 Before Start in node_modules/egg-watcher/lib/init.js:15:14
                                      ▇▇▇▇▇▇▇▇▇▇▇ [180ms] - #61 Before Start in node_modules/egg-redis/lib/redis.js:58:7
                                      ▇ [4ms] - #62 Load Service
                                      ▇ [4ms] - #63 Load "service" to Context
                                      ▇▇▇ [55ms] - #64 Load Middleware
                                      ▇▇▇ [49ms] - #65 Load "middlewares" to Application
                                          ▇ [9ms] - #66 Load Controller
                                          ▇ [9ms] - #67 Load "controller" to Application
                                          ▇ [2ms] - #68 Load Router
                                          ▇ [0ms] - #69 Require(50) app/router.js
                                          ▇ [10ms] - #70 Before Start in node_modules/egg-core/lib/egg.js:306:10
2024-12-16 09:41:08,309 INFO 36554 [egg:core] dump config after ready, 4ms
2024-12-16 09:41:10,312 INFO 36561 [egg:logger] init all loggers with options: {"dir":"/Users/huangwei/Desktop/zero-element-boot/auto/logs/mynode","encoding":"utf8","env":"local","level":"INFO","consoleLevel":"INFO","disableConsoleAfterReady":false,"outputJSON":false,"buffer":true,"appLogName":"mynode-web.log","coreLogName":"egg-web.log","agentLogName":"egg-agent.log","errorLogName":"common-error.log","coreLogger":{"consoleLevel":"WARN"},"allowDebugAtProd":false,"enablePerformanceTimer":false,"enableFastContextLogger":false,"type":"application","localStorage":{"enabled":false}}
2024-12-16 09:41:10,312 INFO 36561 [egg-multipart] stream mode enable
2024-12-16 09:41:10,372 INFO 36561 [egg-redis] server connecting redis://:***@202.63.172.43:6379/0
2024-12-16 09:41:10,423 INFO 36561 [egg-static] starting static serve /public/ -> /Users/huangwei/Desktop/zero-element-boot/auto/app/public
2024-12-16 09:41:10,425 INFO 36561 [egg-security] use methodnoallow middleware
2024-12-16 09:41:10,425 INFO 36561 [egg-security] use noopen middleware
2024-12-16 09:41:10,426 INFO 36561 [egg-security] use nosniff middleware
2024-12-16 09:41:10,426 INFO 36561 [egg-security] use xssProtection middleware
2024-12-16 09:41:10,426 INFO 36561 [egg-security] use xframe middleware
2024-12-16 09:41:10,427 INFO 36561 [egg-security] use dta middleware
2024-12-16 09:41:10,427 INFO 36561 [egg-security] compose 6 middlewares into one security middleware
2024-12-16 09:41:10,443 INFO 36561 [egg:core] dump config after load, 4ms
2024-12-16 09:41:10,456 INFO 36561 [egg-watcher:application] watcher start success
2024-12-16 09:41:10,494 INFO 36561 [egg-redis] client connect success
2024-12-16 09:41:10,541 INFO 36561 [egg-redis] instance[0] status OK, client ready
2024-12-16 09:41:10,547 INFO 36561 egg start timeline:
▇▇▇▇▇▇▇▇▇▇▇▇▇▇▇▇▇▇▇▇▇▇▇▇▇▇▇ [433ms] - #0 Process Start
                           ▇▇▇▇▇▇▇▇▇▇▇▇▇▇▇▇▇▇▇▇▇ [338ms] - #1 Application Start
                            ▇ [8ms] - #2 Load Plugin
                            ▇ [12ms] - #3 Load Config
                             ▇ [0ms] - #4 Require(0) config/config.default.js
                             ▇ [0ms] - #5 Require(1) node_modules/egg-session/config/config.default.js
                             ▇ [0ms] - #6 Require(2) node_modules/egg-security/config/config.default.js
                             ▇ [0ms] - #7 Require(3) node_modules/egg-jsonp/config/config.default.js
                             ▇ [1ms] - #8 Require(4) node_modules/egg-onerror/config/config.default.js
                             ▇ [0ms] - #9 Require(5) node_modules/egg-i18n/config/config.default.js
                             ▇ [1ms] - #10 Require(6) node_modules/egg-watcher/config/config.default.js
                             ▇ [0ms] - #11 Require(7) node_modules/egg-schedule/config/config.default.js
                             ▇ [0ms] - #12 Require(8) node_modules/egg-multipart/config/config.default.js
                             ▇ [0ms] - #13 Require(9) node_modules/egg-development/config/config.default.js
                             ▇ [0ms] - #14 Require(10) node_modules/egg-logrotator/config/config.default.js
                             ▇ [1ms] - #15 Require(11) node_modules/egg-static/config/config.default.js
                             ▇ [0ms] - #16 Require(12) node_modules/egg-view/config/config.default.js
                             ▇ [0ms] - #17 Require(13) /Users/huangwei/Desktop/zero-element-boot/node_modules/egg-jwt/config/config.default.js
                             ▇ [1ms] - #18 Require(14) node_modules/egg-redis/config/config.default.js
                             ▇ [1ms] - #19 Require(15) node_modules/egg/config/config.default.js
                             ▇ [0ms] - #20 Require(16) config/config.default.js
                             ▇ [0ms] - #21 Require(17) node_modules/egg-security/config/config.local.js
                             ▇ [0ms] - #22 Require(18) node_modules/egg-watcher/config/config.local.js
                             ▇ [1ms] - #23 Require(19) node_modules/egg-view/config/config.local.js
                             ▇ [0ms] - #24 Require(20) node_modules/egg/config/config.local.js
                             ▇ [30ms] - #25 Load extend/application.js
                             ▇ [1ms] - #26 Require(21) node_modules/egg-session/app/extend/application.js
                             ▇ [0ms] - #27 Require(22) node_modules/egg-security/app/extend/application.js
                             ▇ [2ms] - #28 Require(23) node_modules/egg-jsonp/app/extend/application.js
                             ▇ [2ms] - #29 Require(24) node_modules/egg-schedule/app/extend/application.js
                              ▇ [1ms] - #30 Require(25) node_modules/egg-logrotator/app/extend/application.js
                              ▇ [0ms] - #31 Require(26) node_modules/egg-view/app/extend/application.js
                              ▇ [23ms] - #32 Require(27) /Users/huangwei/Desktop/zero-element-boot/node_modules/egg-jwt/app/extend/application.js
                               ▇ [3ms] - #33 Load extend/request.js
                               ▇ [1ms] - #34 Require(28) node_modules/egg/app/extend/request.js
                               ▇ [3ms] - #35 Load extend/response.js
                               ▇ [1ms] - #36 Require(29) node_modules/egg/app/extend/response.js
                                ▇ [17ms] - #37 Load extend/context.js
                                ▇ [4ms] - #38 Require(30) node_modules/egg-security/app/extend/context.js
                                ▇ [0ms] - #39 Require(31) node_modules/egg-jsonp/app/extend/context.js
                                ▇ [1ms] - #40 Require(32) node_modules/egg-i18n/app/extend/context.js
                                ▇ [9ms] - #41 Require(33) node_modules/egg-multipart/app/extend/context.js
                                 ▇ [1ms] - #42 Require(34) node_modules/egg-view/app/extend/context.js
                                 ▇ [1ms] - #43 Require(35) node_modules/egg/app/extend/context.js
                                 ▇ [8ms] - #44 Load extend/helper.js
                                 ▇ [7ms] - #45 Require(36) node_modules/egg-security/app/extend/helper.js
                                 ▇ [0ms] - #46 Require(37) node_modules/egg/app/extend/helper.js
                                 ▇ [15ms] - #47 Load app.js
                                 ▇ [0ms] - #48 Require(38) node_modules/egg-session/app.js
                                 ▇ [0ms] - #49 Require(39) node_modules/egg-security/app.js
                                 ▇ [4ms] - #50 Require(40) node_modules/egg-onerror/app.js
                                  ▇ [4ms] - #51 Require(41) node_modules/egg-i18n/app.js
                                  ▇ [2ms] - #52 Require(42) node_modules/egg-watcher/app.js
                                  ▇ [1ms] - #53 Require(43) node_modules/egg-schedule/app.js
                                  ▇ [1ms] - #54 Require(44) node_modules/egg-multipart/app.js
                                  ▇ [0ms] - #55 Require(45) node_modules/egg-development/app.js
                                  ▇ [0ms] - #56 Require(46) node_modules/egg-logrotator/app.js
                                  ▇ [0ms] - #57 Require(47) node_modules/egg-static/app.js
                                  ▇ [1ms] - #58 Require(48) /Users/huangwei/Desktop/zero-element-boot/node_modules/egg-jwt/app.js
                                  ▇ [0ms] - #59 Require(49) node_modules/egg-redis/app.js
                                   ▇▇▇▇▇▇▇▇ [139ms] - #60 Before Start in node_modules/egg-watcher/lib/init.js:15:14
                                      ▇▇▇▇▇▇▇▇▇▇ [167ms] - #61 Before Start in node_modules/egg-redis/lib/redis.js:58:7
                                      ▇ [4ms] - #62 Load Service
                                      ▇ [4ms] - #63 Load "service" to Context
                                       ▇▇▇ [49ms] - #64 Load Middleware
                                       ▇▇ [44ms] - #65 Load "middlewares" to Application
                                          ▇ [10ms] - #66 Load Controller
                                          ▇ [10ms] - #67 Load "controller" to Application
                                          ▇ [2ms] - #68 Load Router
                                          ▇ [0ms] - #69 Require(50) app/router.js
                                          ▇ [10ms] - #70 Before Start in node_modules/egg-core/lib/egg.js:306:10
2024-12-16 09:41:10,547 INFO 36561 [egg:core] dump config after ready, 4ms
2024-12-16 09:41:11,557 INFO 36570 [egg:logger] init all loggers with options: {"dir":"/Users/huangwei/Desktop/zero-element-boot/auto/logs/mynode","encoding":"utf8","env":"local","level":"INFO","consoleLevel":"INFO","disableConsoleAfterReady":false,"outputJSON":false,"buffer":true,"appLogName":"mynode-web.log","coreLogName":"egg-web.log","agentLogName":"egg-agent.log","errorLogName":"common-error.log","coreLogger":{"consoleLevel":"WARN"},"allowDebugAtProd":false,"enablePerformanceTimer":false,"enableFastContextLogger":false,"type":"application","localStorage":{"enabled":false}}
2024-12-16 09:41:11,557 INFO 36570 [egg-multipart] stream mode enable
2024-12-16 09:41:11,620 INFO 36570 [egg-redis] server connecting redis://:***@202.63.172.43:6379/0
2024-12-16 09:41:11,684 INFO 36570 [egg-static] starting static serve /public/ -> /Users/huangwei/Desktop/zero-element-boot/auto/app/public
2024-12-16 09:41:11,685 INFO 36570 [egg-security] use methodnoallow middleware
2024-12-16 09:41:11,686 INFO 36570 [egg-security] use noopen middleware
2024-12-16 09:41:11,686 INFO 36570 [egg-security] use nosniff middleware
2024-12-16 09:41:11,687 INFO 36570 [egg-security] use xssProtection middleware
2024-12-16 09:41:11,687 INFO 36570 [egg-security] use xframe middleware
2024-12-16 09:41:11,688 INFO 36570 [egg-security] use dta middleware
2024-12-16 09:41:11,688 INFO 36570 [egg-security] compose 6 middlewares into one security middleware
2024-12-16 09:41:11,704 INFO 36570 [egg:core] dump config after load, 4ms
2024-12-16 09:41:11,717 INFO 36570 [egg-watcher:application] watcher start success
2024-12-16 09:41:11,757 INFO 36570 [egg-redis] client connect success
2024-12-16 09:41:11,805 INFO 36570 [egg-redis] instance[0] status OK, client ready
2024-12-16 09:41:11,814 INFO 36570 egg start timeline:
▇▇▇▇▇▇▇▇▇▇▇▇▇▇▇▇▇▇▇▇▇▇▇▇▇ [413ms] - #0 Process Start
                         ▇▇▇▇▇▇▇▇▇▇▇▇▇▇▇▇▇▇▇▇▇▇▇ [375ms] - #1 Application Start
                          ▇ [11ms] - #2 Load Plugin
                           ▇ [15ms] - #3 Load Config
                           ▇ [1ms] - #4 Require(0) config/config.default.js
                           ▇ [0ms] - #5 Require(1) node_modules/egg-session/config/config.default.js
                           ▇ [0ms] - #6 Require(2) node_modules/egg-security/config/config.default.js
                           ▇ [0ms] - #7 Require(3) node_modules/egg-jsonp/config/config.default.js
                           ▇ [1ms] - #8 Require(4) node_modules/egg-onerror/config/config.default.js
                           ▇ [0ms] - #9 Require(5) node_modules/egg-i18n/config/config.default.js
                           ▇ [1ms] - #10 Require(6) node_modules/egg-watcher/config/config.default.js
                           ▇ [0ms] - #11 Require(7) node_modules/egg-schedule/config/config.default.js
                           ▇ [0ms] - #12 Require(8) node_modules/egg-multipart/config/config.default.js
                           ▇ [1ms] - #13 Require(9) node_modules/egg-development/config/config.default.js
                           ▇ [0ms] - #14 Require(10) node_modules/egg-logrotator/config/config.default.js
                           ▇ [0ms] - #15 Require(11) node_modules/egg-static/config/config.default.js
                           ▇ [0ms] - #16 Require(12) node_modules/egg-view/config/config.default.js
                           ▇ [0ms] - #17 Require(13) /Users/huangwei/Desktop/zero-element-boot/node_modules/egg-jwt/config/config.default.js
                           ▇ [0ms] - #18 Require(14) node_modules/egg-redis/config/config.default.js
                           ▇ [0ms] - #19 Require(15) node_modules/egg/config/config.default.js
                           ▇ [0ms] - #20 Require(16) config/config.default.js
                           ▇ [0ms] - #21 Require(17) node_modules/egg-security/config/config.local.js
                            ▇ [0ms] - #22 Require(18) node_modules/egg-watcher/config/config.local.js
                            ▇ [0ms] - #23 Require(19) node_modules/egg-view/config/config.local.js
                            ▇ [1ms] - #24 Require(20) node_modules/egg/config/config.local.js
                            ▇▇ [32ms] - #25 Load extend/application.js
                            ▇ [0ms] - #26 Require(21) node_modules/egg-session/app/extend/application.js
                            ▇ [1ms] - #27 Require(22) node_modules/egg-security/app/extend/application.js
                            ▇ [2ms] - #28 Require(23) node_modules/egg-jsonp/app/extend/application.js
                            ▇ [2ms] - #29 Require(24) node_modules/egg-schedule/app/extend/application.js
                            ▇ [1ms] - #30 Require(25) node_modules/egg-logrotator/app/extend/application.js
                            ▇ [1ms] - #31 Require(26) node_modules/egg-view/app/extend/application.js
                            ▇ [24ms] - #32 Require(27) /Users/huangwei/Desktop/zero-element-boot/node_modules/egg-jwt/app/extend/application.js
                              ▇ [3ms] - #33 Load extend/request.js
                              ▇ [1ms] - #34 Require(28) node_modules/egg/app/extend/request.js
                              ▇ [3ms] - #35 Load extend/response.js
                              ▇ [1ms] - #36 Require(29) node_modules/egg/app/extend/response.js
                              ▇ [20ms] - #37 Load extend/context.js
                              ▇ [6ms] - #38 Require(30) node_modules/egg-security/app/extend/context.js
                              ▇ [1ms] - #39 Require(31) node_modules/egg-jsonp/app/extend/context.js
                               ▇ [1ms] - #40 Require(32) node_modules/egg-i18n/app/extend/context.js
                               ▇ [7ms] - #41 Require(33) node_modules/egg-multipart/app/extend/context.js
                               ▇ [1ms] - #42 Require(34) node_modules/egg-view/app/extend/context.js
                               ▇ [3ms] - #43 Require(35) node_modules/egg/app/extend/context.js
                               ▇ [11ms] - #44 Load extend/helper.js
                               ▇ [9ms] - #45 Require(36) node_modules/egg-security/app/extend/helper.js
                                ▇ [1ms] - #46 Require(37) node_modules/egg/app/extend/helper.js
                                ▇ [18ms] - #47 Load app.js
                                ▇ [0ms] - #48 Require(38) node_modules/egg-session/app.js
                                ▇ [1ms] - #49 Require(39) node_modules/egg-security/app.js
                                ▇ [4ms] - #50 Require(40) node_modules/egg-onerror/app.js
                                ▇ [5ms] - #51 Require(41) node_modules/egg-i18n/app.js
                                 ▇ [3ms] - #52 Require(42) node_modules/egg-watcher/app.js
                                 ▇ [0ms] - #53 Require(43) node_modules/egg-schedule/app.js
                                 ▇ [0ms] - #54 Require(44) node_modules/egg-multipart/app.js
                                 ▇ [0ms] - #55 Require(45) node_modules/egg-development/app.js
                                 ▇ [0ms] - #56 Require(46) node_modules/egg-logrotator/app.js
                                 ▇ [0ms] - #57 Require(47) node_modules/egg-static/app.js
                                 ▇ [0ms] - #58 Require(48) /Users/huangwei/Desktop/zero-element-boot/node_modules/egg-jwt/app.js
                                 ▇ [0ms] - #59 Require(49) node_modules/egg-redis/app.js
                                  ▇▇▇▇▇▇▇▇▇ [155ms] - #60 Before Start in node_modules/egg-watcher/lib/init.js:15:14
                                     ▇▇▇▇▇▇▇▇▇▇▇ [184ms] - #61 Before Start in node_modules/egg-redis/lib/redis.js:58:7
                                     ▇ [6ms] - #62 Load Service
                                     ▇ [6ms] - #63 Load "service" to Context
                                      ▇▇▇ [62ms] - #64 Load Middleware
                                      ▇▇▇ [54ms] - #65 Load "middlewares" to Application
                                          ▇ [8ms] - #66 Load Controller
                                          ▇ [8ms] - #67 Load "controller" to Application
                                          ▇ [2ms] - #68 Load Router
                                          ▇ [0ms] - #69 Require(50) app/router.js
                                          ▇ [10ms] - #70 Before Start in node_modules/egg-core/lib/egg.js:306:10
2024-12-16 09:41:11,815 INFO 36570 [egg:core] dump config after ready, 7ms
2024-12-16 09:45:12,420 INFO 36682 [egg:logger] init all loggers with options: {"dir":"/Users/huangwei/Desktop/zero-element-boot/auto/logs/mynode","encoding":"utf8","env":"local","level":"INFO","consoleLevel":"INFO","disableConsoleAfterReady":false,"outputJSON":false,"buffer":true,"appLogName":"mynode-web.log","coreLogName":"egg-web.log","agentLogName":"egg-agent.log","errorLogName":"common-error.log","coreLogger":{"consoleLevel":"WARN"},"allowDebugAtProd":false,"enablePerformanceTimer":false,"enableFastContextLogger":false,"type":"application","localStorage":{"enabled":false}}
2024-12-16 09:45:12,420 INFO 36682 [egg-multipart] stream mode enable
2024-12-16 09:45:12,511 INFO 36682 [egg-redis] server connecting redis://:***@202.63.172.43:6379/0
2024-12-16 09:45:12,593 INFO 36682 [egg-static] starting static serve /public/ -> /Users/huangwei/Desktop/zero-element-boot/auto/app/public
2024-12-16 09:45:12,595 INFO 36682 [egg-security] use methodnoallow middleware
2024-12-16 09:45:12,596 INFO 36682 [egg-security] use noopen middleware
2024-12-16 09:45:12,596 INFO 36682 [egg-security] use nosniff middleware
2024-12-16 09:45:12,597 INFO 36682 [egg-security] use xssProtection middleware
2024-12-16 09:45:12,598 INFO 36682 [egg-security] use xframe middleware
2024-12-16 09:45:12,598 INFO 36682 [egg-security] use dta middleware
2024-12-16 09:45:12,598 INFO 36682 [egg-security] compose 6 middlewares into one security middleware
2024-12-16 09:45:12,624 INFO 36682 [egg:core] dump config after load, 5ms
2024-12-16 09:45:12,638 INFO 36682 [egg-watcher:application] watcher start success
2024-12-16 09:45:12,682 INFO 36682 [egg-redis] client connect success
2024-12-16 09:45:12,731 INFO 36682 [egg-redis] instance[0] status OK, client ready
2024-12-16 09:45:12,739 INFO 36682 egg start timeline:
▇▇▇▇▇▇▇▇▇▇▇▇▇▇▇▇▇▇▇▇▇▇▇▇▇▇▇▇ [718ms] - #0 Process Start
                            ▇▇▇▇▇▇▇▇▇▇▇▇▇▇▇▇▇▇▇▇▇ [540ms] - #1 Application Start
                             ▇ [19ms] - #2 Load Plugin
                             ▇ [28ms] - #3 Load Config
                             ▇ [1ms] - #4 Require(0) config/config.default.js
                             ▇ [1ms] - #5 Require(1) node_modules/egg-session/config/config.default.js
                             ▇ [1ms] - #6 Require(2) node_modules/egg-security/config/config.default.js
                              ▇ [1ms] - #7 Require(3) node_modules/egg-jsonp/config/config.default.js
                              ▇ [1ms] - #8 Require(4) node_modules/egg-onerror/config/config.default.js
                              ▇ [1ms] - #9 Require(5) node_modules/egg-i18n/config/config.default.js
                              ▇ [0ms] - #10 Require(6) node_modules/egg-watcher/config/config.default.js
                              ▇ [0ms] - #11 Require(7) node_modules/egg-schedule/config/config.default.js
                              ▇ [1ms] - #12 Require(8) node_modules/egg-multipart/config/config.default.js
                              ▇ [0ms] - #13 Require(9) node_modules/egg-development/config/config.default.js
                              ▇ [2ms] - #14 Require(10) node_modules/egg-logrotator/config/config.default.js
                              ▇ [1ms] - #15 Require(11) node_modules/egg-static/config/config.default.js
                              ▇ [1ms] - #16 Require(12) node_modules/egg-view/config/config.default.js
                              ▇ [0ms] - #17 Require(13) /Users/huangwei/Desktop/zero-element-boot/node_modules/egg-jwt/config/config.default.js
                              ▇ [1ms] - #18 Require(14) node_modules/egg-redis/config/config.default.js
                              ▇ [1ms] - #19 Require(15) node_modules/egg/config/config.default.js
                              ▇ [0ms] - #20 Require(16) config/config.default.js
                              ▇ [1ms] - #21 Require(17) node_modules/egg-security/config/config.local.js
                              ▇ [1ms] - #22 Require(18) node_modules/egg-watcher/config/config.local.js
                              ▇ [0ms] - #23 Require(19) node_modules/egg-view/config/config.local.js
                              ▇ [1ms] - #24 Require(20) node_modules/egg/config/config.local.js
                              ▇▇ [58ms] - #25 Load extend/application.js
                              ▇ [1ms] - #26 Require(21) node_modules/egg-session/app/extend/application.js
                               ▇ [1ms] - #27 Require(22) node_modules/egg-security/app/extend/application.js
                               ▇ [2ms] - #28 Require(23) node_modules/egg-jsonp/app/extend/application.js
                               ▇ [4ms] - #29 Require(24) node_modules/egg-schedule/app/extend/application.js
                               ▇ [1ms] - #30 Require(25) node_modules/egg-logrotator/app/extend/application.js
                               ▇ [1ms] - #31 Require(26) node_modules/egg-view/app/extend/application.js
                               ▇ [43ms] - #32 Require(27) /Users/huangwei/Desktop/zero-element-boot/node_modules/egg-jwt/app/extend/application.js
                                 ▇ [4ms] - #33 Load extend/request.js
                                 ▇ [1ms] - #34 Require(28) node_modules/egg/app/extend/request.js
                                 ▇ [5ms] - #35 Load extend/response.js
                                 ▇ [3ms] - #36 Require(29) node_modules/egg/app/extend/response.js
                                 ▇ [45ms] - #37 Load extend/context.js
                                 ▇ [15ms] - #38 Require(30) node_modules/egg-security/app/extend/context.js
                                  ▇ [2ms] - #39 Require(31) node_modules/egg-jsonp/app/extend/context.js
                                  ▇ [0ms] - #40 Require(32) node_modules/egg-i18n/app/extend/context.js
                                  ▇ [23ms] - #41 Require(33) node_modules/egg-multipart/app/extend/context.js
                                   ▇ [2ms] - #42 Require(34) node_modules/egg-view/app/extend/context.js
                                   ▇ [1ms] - #43 Require(35) node_modules/egg/app/extend/context.js
                                   ▇ [16ms] - #44 Load extend/helper.js
                                   ▇ [14ms] - #45 Require(36) node_modules/egg-security/app/extend/helper.js
                                   ▇ [1ms] - #46 Require(37) node_modules/egg/app/extend/helper.js
                                    ▇ [33ms] - #47 Load app.js
                                    ▇ [1ms] - #48 Require(38) node_modules/egg-session/app.js
                                    ▇ [1ms] - #49 Require(39) node_modules/egg-security/app.js
                                    ▇ [7ms] - #50 Require(40) node_modules/egg-onerror/app.js
                                    ▇ [8ms] - #51 Require(41) node_modules/egg-i18n/app.js
                                    ▇ [6ms] - #52 Require(42) node_modules/egg-watcher/app.js
                                    ▇ [2ms] - #53 Require(43) node_modules/egg-schedule/app.js
                                     ▇ [1ms] - #54 Require(44) node_modules/egg-multipart/app.js
                                     ▇ [0ms] - #55 Require(45) node_modules/egg-development/app.js
                                     ▇ [1ms] - #56 Require(46) node_modules/egg-logrotator/app.js
                                     ▇ [0ms] - #57 Require(47) node_modules/egg-static/app.js
                                     ▇ [0ms] - #58 Require(48) /Users/huangwei/Desktop/zero-element-boot/node_modules/egg-jwt/app.js
                                     ▇ [2ms] - #59 Require(49) node_modules/egg-redis/app.js
                                     ▇▇▇▇▇▇▇▇ [212ms] - #60 Before Start in node_modules/egg-watcher/lib/init.js:15:14
                                         ▇▇▇▇▇▇▇▇ [218ms] - #61 Before Start in node_modules/egg-redis/lib/redis.js:58:7
                                         ▇ [4ms] - #62 Load Service
                                         ▇ [4ms] - #63 Load "service" to Context
                                         ▇▇▇ [82ms] - #64 Load Middleware
                                         ▇▇ [74ms] - #65 Load "middlewares" to Application
                                            ▇ [16ms] - #66 Load Controller
                                            ▇ [16ms] - #67 Load "controller" to Application
                                             ▇ [3ms] - #68 Load Router
                                             ▇ [0ms] - #69 Require(50) app/router.js
                                             ▇ [11ms] - #70 Before Start in node_modules/egg-core/lib/egg.js:306:10
2024-12-16 09:45:12,739 INFO 36682 [egg:core] dump config after ready, 5ms
2024-12-16 09:46:12,964 INFO 36738 [egg:logger] init all loggers with options: {"dir":"/Users/huangwei/Desktop/zero-element-boot/auto/logs/mynode","encoding":"utf8","env":"local","level":"INFO","consoleLevel":"INFO","disableConsoleAfterReady":false,"outputJSON":false,"buffer":true,"appLogName":"mynode-web.log","coreLogName":"egg-web.log","agentLogName":"egg-agent.log","errorLogName":"common-error.log","coreLogger":{"consoleLevel":"WARN"},"allowDebugAtProd":false,"enablePerformanceTimer":false,"enableFastContextLogger":false,"type":"application","localStorage":{"enabled":false}}
2024-12-16 09:46:12,964 INFO 36738 [egg-multipart] stream mode enable
2024-12-16 09:46:13,038 INFO 36738 [egg-redis] server connecting redis://:***@202.63.172.43:6379/0
2024-12-16 09:46:13,117 INFO 36738 [egg-static] starting static serve /public/ -> /Users/huangwei/Desktop/zero-element-boot/auto/app/public
2024-12-16 09:46:13,119 INFO 36738 [egg-security] use methodnoallow middleware
2024-12-16 09:46:13,120 INFO 36738 [egg-security] use noopen middleware
2024-12-16 09:46:13,120 INFO 36738 [egg-security] use nosniff middleware
2024-12-16 09:46:13,121 INFO 36738 [egg-security] use xssProtection middleware
2024-12-16 09:46:13,121 INFO 36738 [egg-security] use xframe middleware
2024-12-16 09:46:13,122 INFO 36738 [egg-security] use dta middleware
2024-12-16 09:46:13,122 INFO 36738 [egg-security] compose 6 middlewares into one security middleware
2024-12-16 09:46:13,141 INFO 36738 [egg:core] dump config after load, 4ms
2024-12-16 09:46:13,151 INFO 36738 [egg-watcher:application] watcher start success
2024-12-16 09:46:13,193 INFO 36738 [egg-redis] client connect success
2024-12-16 09:46:13,252 INFO 36738 [egg-redis] instance[0] status OK, client ready
2024-12-16 09:46:13,263 INFO 36738 egg start timeline:
▇▇▇▇▇▇▇▇▇▇▇▇▇▇▇▇▇▇▇▇▇▇▇▇▇▇▇▇▇▇ [773ms] - #0 Process Start
                              ▇▇▇▇▇▇▇▇▇▇▇▇▇▇▇▇▇▇▇ [495ms] - #1 Application Start
                              ▇ [9ms] - #2 Load Plugin
                               ▇ [25ms] - #3 Load Config
                               ▇ [1ms] - #4 Require(0) config/config.default.js
                               ▇ [1ms] - #5 Require(1) node_modules/egg-session/config/config.default.js
                               ▇ [1ms] - #6 Require(2) node_modules/egg-security/config/config.default.js
                               ▇ [0ms] - #7 Require(3) node_modules/egg-jsonp/config/config.default.js
                               ▇ [0ms] - #8 Require(4) node_modules/egg-onerror/config/config.default.js
                               ▇ [1ms] - #9 Require(5) node_modules/egg-i18n/config/config.default.js
                               ▇ [1ms] - #10 Require(6) node_modules/egg-watcher/config/config.default.js
                               ▇ [1ms] - #11 Require(7) node_modules/egg-schedule/config/config.default.js
                               ▇ [1ms] - #12 Require(8) node_modules/egg-multipart/config/config.default.js
                               ▇ [1ms] - #13 Require(9) node_modules/egg-development/config/config.default.js
                               ▇ [1ms] - #14 Require(10) node_modules/egg-logrotator/config/config.default.js
                               ▇ [1ms] - #15 Require(11) node_modules/egg-static/config/config.default.js
                               ▇ [1ms] - #16 Require(12) node_modules/egg-view/config/config.default.js
                               ▇ [0ms] - #17 Require(13) /Users/huangwei/Desktop/zero-element-boot/node_modules/egg-jwt/config/config.default.js
                               ▇ [0ms] - #18 Require(14) node_modules/egg-redis/config/config.default.js
                               ▇ [1ms] - #19 Require(15) node_modules/egg/config/config.default.js
                               ▇ [0ms] - #20 Require(16) config/config.default.js
                               ▇ [1ms] - #21 Require(17) node_modules/egg-security/config/config.local.js
                                ▇ [1ms] - #22 Require(18) node_modules/egg-watcher/config/config.local.js
                                ▇ [0ms] - #23 Require(19) node_modules/egg-view/config/config.local.js
                                ▇ [0ms] - #24 Require(20) node_modules/egg/config/config.local.js
                                ▇▇ [60ms] - #25 Load extend/application.js
                                ▇ [1ms] - #26 Require(21) node_modules/egg-session/app/extend/application.js
                                ▇ [1ms] - #27 Require(22) node_modules/egg-security/app/extend/application.js
                                ▇ [3ms] - #28 Require(23) node_modules/egg-jsonp/app/extend/application.js
                                ▇ [4ms] - #29 Require(24) node_modules/egg-schedule/app/extend/application.js
                                ▇ [2ms] - #30 Require(25) node_modules/egg-logrotator/app/extend/application.js
                                ▇ [2ms] - #31 Require(26) node_modules/egg-view/app/extend/application.js
                                ▇ [44ms] - #32 Require(27) /Users/huangwei/Desktop/zero-element-boot/node_modules/egg-jwt/app/extend/application.js
                                  ▇ [5ms] - #33 Load extend/request.js
                                  ▇ [1ms] - #34 Require(28) node_modules/egg/app/extend/request.js
                                  ▇ [3ms] - #35 Load extend/response.js
                                  ▇ [1ms] - #36 Require(29) node_modules/egg/app/extend/response.js
                                  ▇ [36ms] - #37 Load extend/context.js
                                  ▇ [13ms] - #38 Require(30) node_modules/egg-security/app/extend/context.js
                                   ▇ [2ms] - #39 Require(31) node_modules/egg-jsonp/app/extend/context.js
                                   ▇ [0ms] - #40 Require(32) node_modules/egg-i18n/app/extend/context.js
                                   ▇ [17ms] - #41 Require(33) node_modules/egg-multipart/app/extend/context.js
                                    ▇ [1ms] - #42 Require(34) node_modules/egg-view/app/extend/context.js
                                    ▇ [2ms] - #43 Require(35) node_modules/egg/app/extend/context.js
                                    ▇ [17ms] - #44 Load extend/helper.js
                                    ▇ [14ms] - #45 Require(36) node_modules/egg-security/app/extend/helper.js
                                    ▇ [0ms] - #46 Require(37) node_modules/egg/app/extend/helper.js
                                    ▇ [31ms] - #47 Load app.js
                                    ▇ [1ms] - #48 Require(38) node_modules/egg-session/app.js
                                     ▇ [1ms] - #49 Require(39) node_modules/egg-security/app.js
                                     ▇ [8ms] - #50 Require(40) node_modules/egg-onerror/app.js
                                     ▇ [7ms] - #51 Require(41) node_modules/egg-i18n/app.js
                                     ▇ [6ms] - #52 Require(42) node_modules/egg-watcher/app.js
                                     ▇ [1ms] - #53 Require(43) node_modules/egg-schedule/app.js
                                     ▇ [1ms] - #54 Require(44) node_modules/egg-multipart/app.js
                                     ▇ [1ms] - #55 Require(45) node_modules/egg-development/app.js
                                     ▇ [0ms] - #56 Require(46) node_modules/egg-logrotator/app.js
                                      ▇ [0ms] - #57 Require(47) node_modules/egg-static/app.js
                                      ▇ [1ms] - #58 Require(48) /Users/huangwei/Desktop/zero-element-boot/node_modules/egg-jwt/app.js
                                      ▇ [2ms] - #59 Require(49) node_modules/egg-redis/app.js
                                      ▇▇▇▇▇▇▇ [183ms] - #60 Before Start in node_modules/egg-watcher/lib/init.js:15:14
                                         ▇▇▇▇▇▇▇▇ [212ms] - #61 Before Start in node_modules/egg-redis/lib/redis.js:58:7
                                         ▇ [3ms] - #62 Load Service
                                         ▇ [3ms] - #63 Load "service" to Context
                                         ▇▇▇ [78ms] - #64 Load Middleware
                                         ▇▇ [72ms] - #65 Load "middlewares" to Application
                                            ▇ [13ms] - #66 Load Controller
                                            ▇ [13ms] - #67 Load "controller" to Application
                                            ▇ [2ms] - #68 Load Router
                                            ▇ [0ms] - #69 Require(50) app/router.js
                                            ▇ [9ms] - #70 Before Start in node_modules/egg-core/lib/egg.js:306:10
2024-12-16 09:46:13,263 INFO 36738 [egg:core] dump config after ready, 7ms
2024-12-16 09:46:14,301 INFO 36752 [egg:logger] init all loggers with options: {"dir":"/Users/huangwei/Desktop/zero-element-boot/auto/logs/mynode","encoding":"utf8","env":"local","level":"INFO","consoleLevel":"INFO","disableConsoleAfterReady":false,"outputJSON":false,"buffer":true,"appLogName":"mynode-web.log","coreLogName":"egg-web.log","agentLogName":"egg-agent.log","errorLogName":"common-error.log","coreLogger":{"consoleLevel":"WARN"},"allowDebugAtProd":false,"enablePerformanceTimer":false,"enableFastContextLogger":false,"type":"application","localStorage":{"enabled":false}}
2024-12-16 09:46:14,302 INFO 36752 [egg-multipart] stream mode enable
2024-12-16 09:46:14,360 INFO 36752 [egg-redis] server connecting redis://:***@202.63.172.43:6379/0
2024-12-16 09:46:14,417 INFO 36752 [egg-static] starting static serve /public/ -> /Users/huangwei/Desktop/zero-element-boot/auto/app/public
2024-12-16 09:46:14,419 INFO 36752 [egg-security] use methodnoallow middleware
2024-12-16 09:46:14,419 INFO 36752 [egg-security] use noopen middleware
2024-12-16 09:46:14,420 INFO 36752 [egg-security] use nosniff middleware
2024-12-16 09:46:14,421 INFO 36752 [egg-security] use xssProtection middleware
2024-12-16 09:46:14,421 INFO 36752 [egg-security] use xframe middleware
2024-12-16 09:46:14,422 INFO 36752 [egg-security] use dta middleware
2024-12-16 09:46:14,422 INFO 36752 [egg-security] compose 6 middlewares into one security middleware
2024-12-16 09:46:14,438 INFO 36752 [egg:core] dump config after load, 5ms
2024-12-16 09:46:14,452 INFO 36752 [egg-watcher:application] watcher start success
2024-12-16 09:46:14,495 INFO 36752 [egg-redis] client connect success
2024-12-16 09:46:14,546 INFO 36752 [egg-redis] instance[0] status OK, client ready
2024-12-16 09:46:14,554 INFO 36752 egg start timeline:
▇▇▇▇▇▇▇▇▇▇▇▇▇▇▇▇▇▇▇▇▇▇▇▇▇▇ [407ms] - #0 Process Start
                          ▇▇▇▇▇▇▇▇▇▇▇▇▇▇▇▇▇▇▇▇▇▇ [350ms] - #1 Application Start
                           ▇ [9ms] - #2 Load Plugin
                           ▇ [11ms] - #3 Load Config
                           ▇ [1ms] - #4 Require(0) config/config.default.js
                           ▇ [0ms] - #5 Require(1) node_modules/egg-session/config/config.default.js
                           ▇ [0ms] - #6 Require(2) node_modules/egg-security/config/config.default.js
                            ▇ [0ms] - #7 Require(3) node_modules/egg-jsonp/config/config.default.js
                            ▇ [0ms] - #8 Require(4) node_modules/egg-onerror/config/config.default.js
                            ▇ [1ms] - #9 Require(5) node_modules/egg-i18n/config/config.default.js
                            ▇ [0ms] - #10 Require(6) node_modules/egg-watcher/config/config.default.js
                            ▇ [0ms] - #11 Require(7) node_modules/egg-schedule/config/config.default.js
                            ▇ [0ms] - #12 Require(8) node_modules/egg-multipart/config/config.default.js
                            ▇ [0ms] - #13 Require(9) node_modules/egg-development/config/config.default.js
                            ▇ [0ms] - #14 Require(10) node_modules/egg-logrotator/config/config.default.js
                            ▇ [0ms] - #15 Require(11) node_modules/egg-static/config/config.default.js
                            ▇ [0ms] - #16 Require(12) node_modules/egg-view/config/config.default.js
                            ▇ [0ms] - #17 Require(13) /Users/huangwei/Desktop/zero-element-boot/node_modules/egg-jwt/config/config.default.js
                            ▇ [0ms] - #18 Require(14) node_modules/egg-redis/config/config.default.js
                            ▇ [1ms] - #19 Require(15) node_modules/egg/config/config.default.js
                            ▇ [0ms] - #20 Require(16) config/config.default.js
                            ▇ [0ms] - #21 Require(17) node_modules/egg-security/config/config.local.js
                            ▇ [0ms] - #22 Require(18) node_modules/egg-watcher/config/config.local.js
                            ▇ [0ms] - #23 Require(19) node_modules/egg-view/config/config.local.js
                            ▇ [1ms] - #24 Require(20) node_modules/egg/config/config.local.js
                            ▇ [26ms] - #25 Load extend/application.js
                            ▇ [0ms] - #26 Require(21) node_modules/egg-session/app/extend/application.js
                            ▇ [1ms] - #27 Require(22) node_modules/egg-security/app/extend/application.js
                            ▇ [1ms] - #28 Require(23) node_modules/egg-jsonp/app/extend/application.js
                            ▇ [2ms] - #29 Require(24) node_modules/egg-schedule/app/extend/application.js
                            ▇ [1ms] - #30 Require(25) node_modules/egg-logrotator/app/extend/application.js
                            ▇ [0ms] - #31 Require(26) node_modules/egg-view/app/extend/application.js
                             ▇ [19ms] - #32 Require(27) /Users/huangwei/Desktop/zero-element-boot/node_modules/egg-jwt/app/extend/application.js
                              ▇ [2ms] - #33 Load extend/request.js
                              ▇ [0ms] - #34 Require(28) node_modules/egg/app/extend/request.js
                              ▇ [3ms] - #35 Load extend/response.js
                              ▇ [1ms] - #36 Require(29) node_modules/egg/app/extend/response.js
                              ▇ [17ms] - #37 Load extend/context.js
                              ▇ [4ms] - #38 Require(30) node_modules/egg-security/app/extend/context.js
                              ▇ [1ms] - #39 Require(31) node_modules/egg-jsonp/app/extend/context.js
                              ▇ [0ms] - #40 Require(32) node_modules/egg-i18n/app/extend/context.js
                               ▇ [6ms] - #41 Require(33) node_modules/egg-multipart/app/extend/context.js
                               ▇ [0ms] - #42 Require(34) node_modules/egg-view/app/extend/context.js
                               ▇ [3ms] - #43 Require(35) node_modules/egg/app/extend/context.js
                               ▇ [8ms] - #44 Load extend/helper.js
                               ▇ [7ms] - #45 Require(36) node_modules/egg-security/app/extend/helper.js
                                ▇ [1ms] - #46 Require(37) node_modules/egg/app/extend/helper.js
                                ▇ [15ms] - #47 Load app.js
                                ▇ [0ms] - #48 Require(38) node_modules/egg-session/app.js
                                ▇ [0ms] - #49 Require(39) node_modules/egg-security/app.js
                                ▇ [3ms] - #50 Require(40) node_modules/egg-onerror/app.js
                                ▇ [4ms] - #51 Require(41) node_modules/egg-i18n/app.js
                                ▇ [3ms] - #52 Require(42) node_modules/egg-watcher/app.js
                                 ▇ [1ms] - #53 Require(43) node_modules/egg-schedule/app.js
                                 ▇ [1ms] - #54 Require(44) node_modules/egg-multipart/app.js
                                 ▇ [1ms] - #55 Require(45) node_modules/egg-development/app.js
                                 ▇ [0ms] - #56 Require(46) node_modules/egg-logrotator/app.js
                                 ▇ [0ms] - #57 Require(47) node_modules/egg-static/app.js
                                 ▇ [0ms] - #58 Require(48) /Users/huangwei/Desktop/zero-element-boot/node_modules/egg-jwt/app.js
                                 ▇ [0ms] - #59 Require(49) node_modules/egg-redis/app.js
                                 ▇▇▇▇▇▇▇▇▇ [147ms] - #60 Before Start in node_modules/egg-watcher/lib/init.js:15:14
                                     ▇▇▇▇▇▇▇▇▇▇▇▇ [184ms] - #61 Before Start in node_modules/egg-redis/lib/redis.js:58:7
                                     ▇ [4ms] - #62 Load Service
                                     ▇ [4ms] - #63 Load "service" to Context
                                     ▇▇▇ [57ms] - #64 Load Middleware
                                     ▇▇▇ [50ms] - #65 Load "middlewares" to Application
                                         ▇ [8ms] - #66 Load Controller
                                         ▇ [8ms] - #67 Load "controller" to Application
                                          ▇ [2ms] - #68 Load Router
                                          ▇ [0ms] - #69 Require(50) app/router.js
                                          ▇ [9ms] - #70 Before Start in node_modules/egg-core/lib/egg.js:306:10
2024-12-16 09:46:14,554 INFO 36752 [egg:core] dump config after ready, 5ms
2024-12-16 09:46:16,500 INFO 36755 [egg:logger] init all loggers with options: {"dir":"/Users/huangwei/Desktop/zero-element-boot/auto/logs/mynode","encoding":"utf8","env":"local","level":"INFO","consoleLevel":"INFO","disableConsoleAfterReady":false,"outputJSON":false,"buffer":true,"appLogName":"mynode-web.log","coreLogName":"egg-web.log","agentLogName":"egg-agent.log","errorLogName":"common-error.log","coreLogger":{"consoleLevel":"WARN"},"allowDebugAtProd":false,"enablePerformanceTimer":false,"enableFastContextLogger":false,"type":"application","localStorage":{"enabled":false}}
2024-12-16 09:46:16,500 INFO 36755 [egg-multipart] stream mode enable
2024-12-16 09:46:16,558 INFO 36755 [egg-redis] server connecting redis://:***@202.63.172.43:6379/0
2024-12-16 09:46:16,613 INFO 36755 [egg-static] starting static serve /public/ -> /Users/huangwei/Desktop/zero-element-boot/auto/app/public
2024-12-16 09:46:16,615 INFO 36755 [egg-security] use methodnoallow middleware
2024-12-16 09:46:16,615 INFO 36755 [egg-security] use noopen middleware
2024-12-16 09:46:16,616 INFO 36755 [egg-security] use nosniff middleware
2024-12-16 09:46:16,616 INFO 36755 [egg-security] use xssProtection middleware
2024-12-16 09:46:16,616 INFO 36755 [egg-security] use xframe middleware
2024-12-16 09:46:16,617 INFO 36755 [egg-security] use dta middleware
2024-12-16 09:46:16,617 INFO 36755 [egg-security] compose 6 middlewares into one security middleware
2024-12-16 09:46:16,633 INFO 36755 [egg:core] dump config after load, 6ms
2024-12-16 09:46:16,643 INFO 36755 [egg-watcher:application] watcher start success
2024-12-16 09:46:16,692 INFO 36755 [egg-redis] client connect success
2024-12-16 09:46:16,746 INFO 36755 [egg-redis] instance[0] status OK, client ready
2024-12-16 09:46:16,756 INFO 36755 egg start timeline:
▇▇▇▇▇▇▇▇▇▇▇▇▇▇▇▇▇▇▇▇▇▇▇▇▇▇▇ [447ms] - #0 Process Start
                           ▇▇▇▇▇▇▇▇▇▇▇▇▇▇▇▇▇▇▇▇▇ [359ms] - #1 Application Start
                            ▇ [7ms] - #2 Load Plugin
                            ▇ [12ms] - #3 Load Config
                            ▇ [0ms] - #4 Require(0) config/config.default.js
                            ▇ [0ms] - #5 Require(1) node_modules/egg-session/config/config.default.js
                            ▇ [0ms] - #6 Require(2) node_modules/egg-security/config/config.default.js
                            ▇ [0ms] - #7 Require(3) node_modules/egg-jsonp/config/config.default.js
                            ▇ [1ms] - #8 Require(4) node_modules/egg-onerror/config/config.default.js
                            ▇ [0ms] - #9 Require(5) node_modules/egg-i18n/config/config.default.js
                            ▇ [1ms] - #10 Require(6) node_modules/egg-watcher/config/config.default.js
                            ▇ [0ms] - #11 Require(7) node_modules/egg-schedule/config/config.default.js
                            ▇ [0ms] - #12 Require(8) node_modules/egg-multipart/config/config.default.js
                            ▇ [0ms] - #13 Require(9) node_modules/egg-development/config/config.default.js
                            ▇ [0ms] - #14 Require(10) node_modules/egg-logrotator/config/config.default.js
                            ▇ [0ms] - #15 Require(11) node_modules/egg-static/config/config.default.js
                            ▇ [0ms] - #16 Require(12) node_modules/egg-view/config/config.default.js
                            ▇ [1ms] - #17 Require(13) /Users/huangwei/Desktop/zero-element-boot/node_modules/egg-jwt/config/config.default.js
                            ▇ [0ms] - #18 Require(14) node_modules/egg-redis/config/config.default.js
                            ▇ [0ms] - #19 Require(15) node_modules/egg/config/config.default.js
                            ▇ [0ms] - #20 Require(16) config/config.default.js
                             ▇ [0ms] - #21 Require(17) node_modules/egg-security/config/config.local.js
                             ▇ [0ms] - #22 Require(18) node_modules/egg-watcher/config/config.local.js
                             ▇ [0ms] - #23 Require(19) node_modules/egg-view/config/config.local.js
                             ▇ [0ms] - #24 Require(20) node_modules/egg/config/config.local.js
                             ▇ [28ms] - #25 Load extend/application.js
                             ▇ [0ms] - #26 Require(21) node_modules/egg-session/app/extend/application.js
                             ▇ [1ms] - #27 Require(22) node_modules/egg-security/app/extend/application.js
                             ▇ [1ms] - #28 Require(23) node_modules/egg-jsonp/app/extend/application.js
                             ▇ [2ms] - #29 Require(24) node_modules/egg-schedule/app/extend/application.js
                             ▇ [1ms] - #30 Require(25) node_modules/egg-logrotator/app/extend/application.js
                             ▇ [0ms] - #31 Require(26) node_modules/egg-view/app/extend/application.js
                             ▇ [19ms] - #32 Require(27) /Users/huangwei/Desktop/zero-element-boot/node_modules/egg-jwt/app/extend/application.js
                              ▇ [2ms] - #33 Load extend/request.js
                              ▇ [0ms] - #34 Require(28) node_modules/egg/app/extend/request.js
                               ▇ [3ms] - #35 Load extend/response.js
                               ▇ [1ms] - #36 Require(29) node_modules/egg/app/extend/response.js
                               ▇ [21ms] - #37 Load extend/context.js
                               ▇ [5ms] - #38 Require(30) node_modules/egg-security/app/extend/context.js
                               ▇ [0ms] - #39 Require(31) node_modules/egg-jsonp/app/extend/context.js
                               ▇ [0ms] - #40 Require(32) node_modules/egg-i18n/app/extend/context.js
                               ▇ [10ms] - #41 Require(33) node_modules/egg-multipart/app/extend/context.js
                                ▇ [1ms] - #42 Require(34) node_modules/egg-view/app/extend/context.js
                                ▇ [1ms] - #43 Require(35) node_modules/egg/app/extend/context.js
                                ▇ [10ms] - #44 Load extend/helper.js
                                ▇ [8ms] - #45 Require(36) node_modules/egg-security/app/extend/helper.js
                                ▇ [1ms] - #46 Require(37) node_modules/egg/app/extend/helper.js
                                 ▇ [17ms] - #47 Load app.js
                                 ▇ [0ms] - #48 Require(38) node_modules/egg-session/app.js
                                 ▇ [1ms] - #49 Require(39) node_modules/egg-security/app.js
                                 ▇ [4ms] - #50 Require(40) node_modules/egg-onerror/app.js
                                 ▇ [4ms] - #51 Require(41) node_modules/egg-i18n/app.js
                                 ▇ [4ms] - #52 Require(42) node_modules/egg-watcher/app.js
                                 ▇ [0ms] - #53 Require(43) node_modules/egg-schedule/app.js
                                 ▇ [0ms] - #54 Require(44) node_modules/egg-multipart/app.js
                                 ▇ [1ms] - #55 Require(45) node_modules/egg-development/app.js
                                  ▇ [0ms] - #56 Require(46) node_modules/egg-logrotator/app.js
                                  ▇ [0ms] - #57 Require(47) node_modules/egg-static/app.js
                                  ▇ [1ms] - #58 Require(48) /Users/huangwei/Desktop/zero-element-boot/node_modules/egg-jwt/app.js
                                  ▇ [0ms] - #59 Require(49) node_modules/egg-redis/app.js
                                  ▇▇▇▇▇▇▇▇ [140ms] - #60 Before Start in node_modules/egg-watcher/lib/init.js:15:14
                                     ▇▇▇▇▇▇▇▇▇▇▇ [187ms] - #61 Before Start in node_modules/egg-redis/lib/redis.js:58:7
                                     ▇ [4ms] - #62 Load Service
                                     ▇ [4ms] - #63 Load "service" to Context
                                      ▇▇▇ [54ms] - #64 Load Middleware
                                      ▇▇ [47ms] - #65 Load "middlewares" to Application
                                         ▇ [7ms] - #66 Load Controller
                                         ▇ [7ms] - #67 Load "controller" to Application
                                         ▇ [2ms] - #68 Load Router
                                         ▇ [0ms] - #69 Require(50) app/router.js
                                          ▇ [10ms] - #70 Before Start in node_modules/egg-core/lib/egg.js:306:10
2024-12-16 09:46:16,757 INFO 36755 [egg:core] dump config after ready, 7ms
2024-12-16 09:46:20,499 INFO 36773 [egg:logger] init all loggers with options: {"dir":"/Users/huangwei/Desktop/zero-element-boot/auto/logs/mynode","encoding":"utf8","env":"local","level":"INFO","consoleLevel":"INFO","disableConsoleAfterReady":false,"outputJSON":false,"buffer":true,"appLogName":"mynode-web.log","coreLogName":"egg-web.log","agentLogName":"egg-agent.log","errorLogName":"common-error.log","coreLogger":{"consoleLevel":"WARN"},"allowDebugAtProd":false,"enablePerformanceTimer":false,"enableFastContextLogger":false,"type":"application","localStorage":{"enabled":false}}
2024-12-16 09:46:20,500 INFO 36773 [egg-multipart] stream mode enable
2024-12-16 09:46:20,567 INFO 36773 [egg-redis] server connecting redis://:***@202.63.172.43:6379/0
2024-12-16 09:46:20,628 INFO 36773 [egg-static] starting static serve /public/ -> /Users/huangwei/Desktop/zero-element-boot/auto/app/public
2024-12-16 09:46:20,630 INFO 36773 [egg-security] use methodnoallow middleware
2024-12-16 09:46:20,630 INFO 36773 [egg-security] use noopen middleware
2024-12-16 09:46:20,631 INFO 36773 [egg-security] use nosniff middleware
2024-12-16 09:46:20,631 INFO 36773 [egg-security] use xssProtection middleware
2024-12-16 09:46:20,631 INFO 36773 [egg-security] use xframe middleware
2024-12-16 09:46:20,632 INFO 36773 [egg-security] use dta middleware
2024-12-16 09:46:20,632 INFO 36773 [egg-security] compose 6 middlewares into one security middleware
2024-12-16 09:46:20,649 INFO 36773 [egg:core] dump config after load, 5ms
2024-12-16 09:46:20,663 INFO 36773 [egg-watcher:application] watcher start success
2024-12-16 09:46:20,708 INFO 36773 [egg-redis] client connect success
2024-12-16 09:46:20,757 INFO 36773 [egg-redis] instance[0] status OK, client ready
2024-12-16 09:46:20,767 INFO 36773 egg start timeline:
▇▇▇▇▇▇▇▇▇▇▇▇▇▇▇▇▇▇▇▇▇▇▇▇▇ [414ms] - #0 Process Start
                         ▇▇▇▇▇▇▇▇▇▇▇▇▇▇▇▇▇▇▇▇▇▇▇ [376ms] - #1 Application Start
                          ▇ [7ms] - #2 Load Plugin
                          ▇ [11ms] - #3 Load Config
                          ▇ [1ms] - #4 Require(0) config/config.default.js
                           ▇ [0ms] - #5 Require(1) node_modules/egg-session/config/config.default.js
                           ▇ [0ms] - #6 Require(2) node_modules/egg-security/config/config.default.js
                           ▇ [0ms] - #7 Require(3) node_modules/egg-jsonp/config/config.default.js
                           ▇ [0ms] - #8 Require(4) node_modules/egg-onerror/config/config.default.js
                           ▇ [0ms] - #9 Require(5) node_modules/egg-i18n/config/config.default.js
                           ▇ [0ms] - #10 Require(6) node_modules/egg-watcher/config/config.default.js
                           ▇ [0ms] - #11 Require(7) node_modules/egg-schedule/config/config.default.js
                           ▇ [0ms] - #12 Require(8) node_modules/egg-multipart/config/config.default.js
                           ▇ [1ms] - #13 Require(9) node_modules/egg-development/config/config.default.js
                           ▇ [0ms] - #14 Require(10) node_modules/egg-logrotator/config/config.default.js
                           ▇ [0ms] - #15 Require(11) node_modules/egg-static/config/config.default.js
                           ▇ [0ms] - #16 Require(12) node_modules/egg-view/config/config.default.js
                           ▇ [0ms] - #17 Require(13) /Users/huangwei/Desktop/zero-element-boot/node_modules/egg-jwt/config/config.default.js
                           ▇ [0ms] - #18 Require(14) node_modules/egg-redis/config/config.default.js
                           ▇ [0ms] - #19 Require(15) node_modules/egg/config/config.default.js
                           ▇ [0ms] - #20 Require(16) config/config.default.js
                           ▇ [1ms] - #21 Require(17) node_modules/egg-security/config/config.local.js
                           ▇ [0ms] - #22 Require(18) node_modules/egg-watcher/config/config.local.js
                           ▇ [0ms] - #23 Require(19) node_modules/egg-view/config/config.local.js
                           ▇ [0ms] - #24 Require(20) node_modules/egg/config/config.local.js
                           ▇ [27ms] - #25 Load extend/application.js
                           ▇ [0ms] - #26 Require(21) node_modules/egg-session/app/extend/application.js
                           ▇ [1ms] - #27 Require(22) node_modules/egg-security/app/extend/application.js
                           ▇ [1ms] - #28 Require(23) node_modules/egg-jsonp/app/extend/application.js
                           ▇ [2ms] - #29 Require(24) node_modules/egg-schedule/app/extend/application.js
                            ▇ [1ms] - #30 Require(25) node_modules/egg-logrotator/app/extend/application.js
                            ▇ [1ms] - #31 Require(26) node_modules/egg-view/app/extend/application.js
                            ▇ [19ms] - #32 Require(27) /Users/huangwei/Desktop/zero-element-boot/node_modules/egg-jwt/app/extend/application.js
                             ▇ [2ms] - #33 Load extend/request.js
                             ▇ [0ms] - #34 Require(28) node_modules/egg/app/extend/request.js
                             ▇ [3ms] - #35 Load extend/response.js
                             ▇ [1ms] - #36 Require(29) node_modules/egg/app/extend/response.js
                             ▇ [18ms] - #37 Load extend/context.js
                             ▇ [5ms] - #38 Require(30) node_modules/egg-security/app/extend/context.js
                              ▇ [1ms] - #39 Require(31) node_modules/egg-jsonp/app/extend/context.js
                              ▇ [1ms] - #40 Require(32) node_modules/egg-i18n/app/extend/context.js
                              ▇ [8ms] - #41 Require(33) node_modules/egg-multipart/app/extend/context.js
                              ▇ [1ms] - #42 Require(34) node_modules/egg-view/app/extend/context.js
                              ▇ [0ms] - #43 Require(35) node_modules/egg/app/extend/context.js
                              ▇ [14ms] - #44 Load extend/helper.js
                              ▇ [10ms] - #45 Require(36) node_modules/egg-security/app/extend/helper.js
                               ▇ [1ms] - #46 Require(37) node_modules/egg/app/extend/helper.js
                               ▇ [22ms] - #47 Load app.js
                               ▇ [0ms] - #48 Require(38) node_modules/egg-session/app.js
                               ▇ [1ms] - #49 Require(39) node_modules/egg-security/app.js
                               ▇ [8ms] - #50 Require(40) node_modules/egg-onerror/app.js
                                ▇ [5ms] - #51 Require(41) node_modules/egg-i18n/app.js
                                ▇ [3ms] - #52 Require(42) node_modules/egg-watcher/app.js
                                ▇ [0ms] - #53 Require(43) node_modules/egg-schedule/app.js
                                ▇ [1ms] - #54 Require(44) node_modules/egg-multipart/app.js
                                ▇ [0ms] - #55 Require(45) node_modules/egg-development/app.js
                                ▇ [0ms] - #56 Require(46) node_modules/egg-logrotator/app.js
                                ▇ [1ms] - #57 Require(47) node_modules/egg-static/app.js
                                 ▇ [0ms] - #58 Require(48) /Users/huangwei/Desktop/zero-element-boot/node_modules/egg-jwt/app.js
                                 ▇ [0ms] - #59 Require(49) node_modules/egg-redis/app.js
                                 ▇▇▇▇▇▇▇▇▇ [159ms] - #60 Before Start in node_modules/egg-watcher/lib/init.js:15:14
                                     ▇▇▇▇▇▇▇▇▇▇▇ [188ms] - #61 Before Start in node_modules/egg-redis/lib/redis.js:58:7
                                     ▇ [4ms] - #62 Load Service
                                     ▇ [4ms] - #63 Load "service" to Context
                                     ▇▇▇ [60ms] - #64 Load Middleware
                                     ▇▇▇ [54ms] - #65 Load "middlewares" to Application
                                         ▇ [7ms] - #66 Load Controller
                                         ▇ [7ms] - #67 Load "controller" to Application
                                          ▇ [2ms] - #68 Load Router
                                          ▇ [0ms] - #69 Require(50) app/router.js
                                          ▇ [10ms] - #70 Before Start in node_modules/egg-core/lib/egg.js:306:10
2024-12-16 09:46:20,768 INFO 36773 [egg:core] dump config after ready, 7ms
2024-12-16 09:46:55,911 INFO 36814 [egg:logger] init all loggers with options: {"dir":"/Users/huangwei/Desktop/zero-element-boot/auto/logs/mynode","encoding":"utf8","env":"local","level":"INFO","consoleLevel":"INFO","disableConsoleAfterReady":false,"outputJSON":false,"buffer":true,"appLogName":"mynode-web.log","coreLogName":"egg-web.log","agentLogName":"egg-agent.log","errorLogName":"common-error.log","coreLogger":{"consoleLevel":"WARN"},"allowDebugAtProd":false,"enablePerformanceTimer":false,"enableFastContextLogger":false,"type":"application","localStorage":{"enabled":false}}
2024-12-16 09:46:55,911 INFO 36814 [egg-multipart] stream mode enable
2024-12-16 09:46:55,968 INFO 36814 [egg-redis] server connecting redis://:***@202.63.172.43:6379/0
2024-12-16 09:46:56,020 INFO 36814 [egg-static] starting static serve /public/ -> /Users/huangwei/Desktop/zero-element-boot/auto/app/public
2024-12-16 09:46:56,022 INFO 36814 [egg-security] use methodnoallow middleware
2024-12-16 09:46:56,022 INFO 36814 [egg-security] use noopen middleware
2024-12-16 09:46:56,023 INFO 36814 [egg-security] use nosniff middleware
2024-12-16 09:46:56,023 INFO 36814 [egg-security] use xssProtection middleware
2024-12-16 09:46:56,024 INFO 36814 [egg-security] use xframe middleware
2024-12-16 09:46:56,024 INFO 36814 [egg-security] use dta middleware
2024-12-16 09:46:56,024 INFO 36814 [egg-security] compose 6 middlewares into one security middleware
2024-12-16 09:46:56,039 INFO 36814 [egg:core] dump config after load, 5ms
2024-12-16 09:46:56,051 INFO 36814 [egg-watcher:application] watcher start success
2024-12-16 09:46:56,095 INFO 36814 [egg-redis] client connect success
2024-12-16 09:46:56,147 INFO 36814 [egg-redis] instance[0] status OK, client ready
2024-12-16 09:46:56,158 INFO 36814 egg start timeline:
▇▇▇▇▇▇▇▇▇▇▇▇▇▇▇▇▇▇▇▇▇▇▇▇▇▇▇▇ [471ms] - #0 Process Start
                            ▇▇▇▇▇▇▇▇▇▇▇▇▇▇▇▇▇▇▇▇▇ [361ms] - #1 Application Start
                            ▇ [10ms] - #2 Load Plugin
                             ▇ [13ms] - #3 Load Config
                             ▇ [1ms] - #4 Require(0) config/config.default.js
                             ▇ [0ms] - #5 Require(1) node_modules/egg-session/config/config.default.js
                             ▇ [0ms] - #6 Require(2) node_modules/egg-security/config/config.default.js
                             ▇ [0ms] - #7 Require(3) node_modules/egg-jsonp/config/config.default.js
                             ▇ [0ms] - #8 Require(4) node_modules/egg-onerror/config/config.default.js
                             ▇ [0ms] - #9 Require(5) node_modules/egg-i18n/config/config.default.js
                             ▇ [0ms] - #10 Require(6) node_modules/egg-watcher/config/config.default.js
                             ▇ [0ms] - #11 Require(7) node_modules/egg-schedule/config/config.default.js
                             ▇ [0ms] - #12 Require(8) node_modules/egg-multipart/config/config.default.js
                             ▇ [0ms] - #13 Require(9) node_modules/egg-development/config/config.default.js
                             ▇ [0ms] - #14 Require(10) node_modules/egg-logrotator/config/config.default.js
                             ▇ [0ms] - #15 Require(11) node_modules/egg-static/config/config.default.js
                             ▇ [1ms] - #16 Require(12) node_modules/egg-view/config/config.default.js
                             ▇ [0ms] - #17 Require(13) /Users/huangwei/Desktop/zero-element-boot/node_modules/egg-jwt/config/config.default.js
                             ▇ [0ms] - #18 Require(14) node_modules/egg-redis/config/config.default.js
                             ▇ [0ms] - #19 Require(15) node_modules/egg/config/config.default.js
                             ▇ [0ms] - #20 Require(16) config/config.default.js
                             ▇ [0ms] - #21 Require(17) node_modules/egg-security/config/config.local.js
                             ▇ [1ms] - #22 Require(18) node_modules/egg-watcher/config/config.local.js
                             ▇ [1ms] - #23 Require(19) node_modules/egg-view/config/config.local.js
                              ▇ [0ms] - #24 Require(20) node_modules/egg/config/config.local.js
                              ▇ [33ms] - #25 Load extend/application.js
                              ▇ [0ms] - #26 Require(21) node_modules/egg-session/app/extend/application.js
                              ▇ [1ms] - #27 Require(22) node_modules/egg-security/app/extend/application.js
                              ▇ [1ms] - #28 Require(23) node_modules/egg-jsonp/app/extend/application.js
                              ▇ [1ms] - #29 Require(24) node_modules/egg-schedule/app/extend/application.js
                              ▇ [1ms] - #30 Require(25) node_modules/egg-logrotator/app/extend/application.js
                              ▇ [1ms] - #31 Require(26) node_modules/egg-view/app/extend/application.js
                              ▇ [24ms] - #32 Require(27) /Users/huangwei/Desktop/zero-element-boot/node_modules/egg-jwt/app/extend/application.js
                                ▇ [3ms] - #33 Load extend/request.js
                                ▇ [1ms] - #34 Require(28) node_modules/egg/app/extend/request.js
                                ▇ [3ms] - #35 Load extend/response.js
                                ▇ [1ms] - #36 Require(29) node_modules/egg/app/extend/response.js
                                ▇ [19ms] - #37 Load extend/context.js
                                ▇ [5ms] - #38 Require(30) node_modules/egg-security/app/extend/context.js
                                ▇ [1ms] - #39 Require(31) node_modules/egg-jsonp/app/extend/context.js
                                ▇ [0ms] - #40 Require(32) node_modules/egg-i18n/app/extend/context.js
                                ▇ [9ms] - #41 Require(33) node_modules/egg-multipart/app/extend/context.js
                                 ▇ [0ms] - #42 Require(34) node_modules/egg-view/app/extend/context.js
                                 ▇ [2ms] - #43 Require(35) node_modules/egg/app/extend/context.js
                                 ▇ [10ms] - #44 Load extend/helper.js
                                 ▇ [7ms] - #45 Require(36) node_modules/egg-security/app/extend/helper.js
                                  ▇ [0ms] - #46 Require(37) node_modules/egg/app/extend/helper.js
                                  ▇ [17ms] - #47 Load app.js
                                  ▇ [0ms] - #48 Require(38) node_modules/egg-session/app.js
                                  ▇ [1ms] - #49 Require(39) node_modules/egg-security/app.js
                                  ▇ [4ms] - #50 Require(40) node_modules/egg-onerror/app.js
                                  ▇ [4ms] - #51 Require(41) node_modules/egg-i18n/app.js
                                  ▇ [3ms] - #52 Require(42) node_modules/egg-watcher/app.js
                                  ▇ [0ms] - #53 Require(43) node_modules/egg-schedule/app.js
                                  ▇ [1ms] - #54 Require(44) node_modules/egg-multipart/app.js
                                  ▇ [1ms] - #55 Require(45) node_modules/egg-development/app.js
                                   ▇ [0ms] - #56 Require(46) node_modules/egg-logrotator/app.js
                                   ▇ [0ms] - #57 Require(47) node_modules/egg-static/app.js
                                   ▇ [1ms] - #58 Require(48) /Users/huangwei/Desktop/zero-element-boot/node_modules/egg-jwt/app.js
                                   ▇ [1ms] - #59 Require(49) node_modules/egg-redis/app.js
                                   ▇▇▇▇▇▇▇▇ [136ms] - #60 Before Start in node_modules/egg-watcher/lib/init.js:15:14
                                      ▇▇▇▇▇▇▇▇▇▇ [178ms] - #61 Before Start in node_modules/egg-redis/lib/redis.js:58:7
                                      ▇ [5ms] - #62 Load Service
                                      ▇ [5ms] - #63 Load "service" to Context
                                       ▇▇ [50ms] - #64 Load Middleware
                                       ▇▇ [43ms] - #65 Load "middlewares" to Application
                                          ▇ [8ms] - #66 Load Controller
                                          ▇ [8ms] - #67 Load "controller" to Application
                                          ▇ [1ms] - #68 Load Router
                                          ▇ [0ms] - #69 Require(50) app/router.js
                                          ▇ [10ms] - #70 Before Start in node_modules/egg-core/lib/egg.js:306:10
2024-12-16 09:46:56,158 INFO 36814 [egg:core] dump config after ready, 7ms
2024-12-16 09:47:24,519 INFO 36839 [egg:logger] init all loggers with options: {"dir":"/Users/huangwei/Desktop/zero-element-boot/auto/logs/mynode","encoding":"utf8","env":"local","level":"INFO","consoleLevel":"INFO","disableConsoleAfterReady":false,"outputJSON":false,"buffer":true,"appLogName":"mynode-web.log","coreLogName":"egg-web.log","agentLogName":"egg-agent.log","errorLogName":"common-error.log","coreLogger":{"consoleLevel":"WARN"},"allowDebugAtProd":false,"enablePerformanceTimer":false,"enableFastContextLogger":false,"type":"application","localStorage":{"enabled":false}}
2024-12-16 09:47:24,519 INFO 36839 [egg-multipart] stream mode enable
2024-12-16 09:47:24,576 INFO 36839 [egg-redis] server connecting redis://:***@202.63.172.43:6379/0
2024-12-16 09:47:24,628 INFO 36839 [egg-static] starting static serve /public/ -> /Users/huangwei/Desktop/zero-element-boot/auto/app/public
2024-12-16 09:47:24,630 INFO 36839 [egg-security] use methodnoallow middleware
2024-12-16 09:47:24,630 INFO 36839 [egg-security] use noopen middleware
2024-12-16 09:47:24,630 INFO 36839 [egg-security] use nosniff middleware
2024-12-16 09:47:24,631 INFO 36839 [egg-security] use xssProtection middleware
2024-12-16 09:47:24,631 INFO 36839 [egg-security] use xframe middleware
2024-12-16 09:47:24,631 INFO 36839 [egg-security] use dta middleware
2024-12-16 09:47:24,631 INFO 36839 [egg-security] compose 6 middlewares into one security middleware
2024-12-16 09:47:24,646 INFO 36839 [egg:core] dump config after load, 5ms
2024-12-16 09:47:24,657 INFO 36839 [egg-watcher:application] watcher start success
2024-12-16 09:47:24,704 INFO 36839 [egg-redis] client connect success
2024-12-16 09:47:24,753 INFO 36839 [egg-redis] instance[0] status OK, client ready
2024-12-16 09:47:24,765 INFO 36839 egg start timeline:
▇▇▇▇▇▇▇▇▇▇▇▇▇▇▇▇▇▇▇▇▇▇▇▇▇ [381ms] - #0 Process Start
                         ▇▇▇▇▇▇▇▇▇▇▇▇▇▇▇▇▇▇▇▇▇▇▇ [346ms] - #1 Application Start
                          ▇ [9ms] - #2 Load Plugin
                           ▇ [12ms] - #3 Load Config
                           ▇ [0ms] - #4 Require(0) config/config.default.js
                           ▇ [0ms] - #5 Require(1) node_modules/egg-session/config/config.default.js
                           ▇ [0ms] - #6 Require(2) node_modules/egg-security/config/config.default.js
                           ▇ [0ms] - #7 Require(3) node_modules/egg-jsonp/config/config.default.js
                           ▇ [1ms] - #8 Require(4) node_modules/egg-onerror/config/config.default.js
                           ▇ [0ms] - #9 Require(5) node_modules/egg-i18n/config/config.default.js
                           ▇ [0ms] - #10 Require(6) node_modules/egg-watcher/config/config.default.js
                           ▇ [0ms] - #11 Require(7) node_modules/egg-schedule/config/config.default.js
                           ▇ [0ms] - #12 Require(8) node_modules/egg-multipart/config/config.default.js
                           ▇ [0ms] - #13 Require(9) node_modules/egg-development/config/config.default.js
                           ▇ [0ms] - #14 Require(10) node_modules/egg-logrotator/config/config.default.js
                           ▇ [0ms] - #15 Require(11) node_modules/egg-static/config/config.default.js
                           ▇ [0ms] - #16 Require(12) node_modules/egg-view/config/config.default.js
                           ▇ [0ms] - #17 Require(13) /Users/huangwei/Desktop/zero-element-boot/node_modules/egg-jwt/config/config.default.js
                           ▇ [0ms] - #18 Require(14) node_modules/egg-redis/config/config.default.js
                           ▇ [1ms] - #19 Require(15) node_modules/egg/config/config.default.js
                            ▇ [0ms] - #20 Require(16) config/config.default.js
                            ▇ [0ms] - #21 Require(17) node_modules/egg-security/config/config.local.js
                            ▇ [0ms] - #22 Require(18) node_modules/egg-watcher/config/config.local.js
                            ▇ [0ms] - #23 Require(19) node_modules/egg-view/config/config.local.js
                            ▇ [1ms] - #24 Require(20) node_modules/egg/config/config.local.js
                            ▇ [27ms] - #25 Load extend/application.js
                            ▇ [0ms] - #26 Require(21) node_modules/egg-session/app/extend/application.js
                            ▇ [1ms] - #27 Require(22) node_modules/egg-security/app/extend/application.js
                            ▇ [1ms] - #28 Require(23) node_modules/egg-jsonp/app/extend/application.js
                            ▇ [1ms] - #29 Require(24) node_modules/egg-schedule/app/extend/application.js
                            ▇ [1ms] - #30 Require(25) node_modules/egg-logrotator/app/extend/application.js
                            ▇ [1ms] - #31 Require(26) node_modules/egg-view/app/extend/application.js
                            ▇ [19ms] - #32 Require(27) /Users/huangwei/Desktop/zero-element-boot/node_modules/egg-jwt/app/extend/application.js
                              ▇ [2ms] - #33 Load extend/request.js
                              ▇ [0ms] - #34 Require(28) node_modules/egg/app/extend/request.js
                              ▇ [3ms] - #35 Load extend/response.js
                              ▇ [1ms] - #36 Require(29) node_modules/egg/app/extend/response.js
                              ▇ [17ms] - #37 Load extend/context.js
                              ▇ [4ms] - #38 Require(30) node_modules/egg-security/app/extend/context.js
                              ▇ [1ms] - #39 Require(31) node_modules/egg-jsonp/app/extend/context.js
                              ▇ [0ms] - #40 Require(32) node_modules/egg-i18n/app/extend/context.js
                              ▇ [7ms] - #41 Require(33) node_modules/egg-multipart/app/extend/context.js
                               ▇ [1ms] - #42 Require(34) node_modules/egg-view/app/extend/context.js
                               ▇ [1ms] - #43 Require(35) node_modules/egg/app/extend/context.js
                               ▇ [8ms] - #44 Load extend/helper.js
                               ▇ [7ms] - #45 Require(36) node_modules/egg-security/app/extend/helper.js
                                ▇ [0ms] - #46 Require(37) node_modules/egg/app/extend/helper.js
                                ▇ [16ms] - #47 Load app.js
                                ▇ [0ms] - #48 Require(38) node_modules/egg-session/app.js
                                ▇ [0ms] - #49 Require(39) node_modules/egg-security/app.js
                                ▇ [3ms] - #50 Require(40) node_modules/egg-onerror/app.js
                                ▇ [4ms] - #51 Require(41) node_modules/egg-i18n/app.js
                                ▇ [3ms] - #52 Require(42) node_modules/egg-watcher/app.js
                                 ▇ [0ms] - #53 Require(43) node_modules/egg-schedule/app.js
                                 ▇ [1ms] - #54 Require(44) node_modules/egg-multipart/app.js
                                 ▇ [0ms] - #55 Require(45) node_modules/egg-development/app.js
                                 ▇ [0ms] - #56 Require(46) node_modules/egg-logrotator/app.js
                                 ▇ [0ms] - #57 Require(47) node_modules/egg-static/app.js
                                 ▇ [0ms] - #58 Require(48) /Users/huangwei/Desktop/zero-element-boot/node_modules/egg-jwt/app.js
                                 ▇ [0ms] - #59 Require(49) node_modules/egg-redis/app.js
                                 ▇▇▇▇▇▇▇▇▇ [134ms] - #60 Before Start in node_modules/egg-watcher/lib/init.js:15:14
                                     ▇▇▇▇▇▇▇▇▇▇▇ [177ms] - #61 Before Start in node_modules/egg-redis/lib/redis.js:58:7
                                     ▇ [3ms] - #62 Load Service
                                     ▇ [3ms] - #63 Load "service" to Context
                                     ▇▇▇ [51ms] - #64 Load Middleware
                                     ▇▇▇ [46ms] - #65 Load "middlewares" to Application
                                         ▇ [8ms] - #66 Load Controller
                                         ▇ [8ms] - #67 Load "controller" to Application
                                         ▇ [1ms] - #68 Load Router
                                         ▇ [0ms] - #69 Require(50) app/router.js
                                         ▇ [9ms] - #70 Before Start in node_modules/egg-core/lib/egg.js:306:10
2024-12-16 09:47:24,765 INFO 36839 [egg:core] dump config after ready, 8ms
2024-12-16 09:47:37,792 INFO 36861 [egg:logger] init all loggers with options: {"dir":"/Users/huangwei/Desktop/zero-element-boot/auto/logs/mynode","encoding":"utf8","env":"local","level":"INFO","consoleLevel":"INFO","disableConsoleAfterReady":false,"outputJSON":false,"buffer":true,"appLogName":"mynode-web.log","coreLogName":"egg-web.log","agentLogName":"egg-agent.log","errorLogName":"common-error.log","coreLogger":{"consoleLevel":"WARN"},"allowDebugAtProd":false,"enablePerformanceTimer":false,"enableFastContextLogger":false,"type":"application","localStorage":{"enabled":false}}
2024-12-16 09:47:37,792 INFO 36861 [egg-multipart] stream mode enable
2024-12-16 09:47:37,868 INFO 36861 [egg-redis] server connecting redis://:***@202.63.172.43:6379/0
2024-12-16 09:47:37,940 INFO 36861 [egg-static] starting static serve /public/ -> /Users/huangwei/Desktop/zero-element-boot/auto/app/public
2024-12-16 09:47:37,942 INFO 36861 [egg-security] use methodnoallow middleware
2024-12-16 09:47:37,942 INFO 36861 [egg-security] use noopen middleware
2024-12-16 09:47:37,943 INFO 36861 [egg-security] use nosniff middleware
2024-12-16 09:47:37,943 INFO 36861 [egg-security] use xssProtection middleware
2024-12-16 09:47:37,944 INFO 36861 [egg-security] use xframe middleware
2024-12-16 09:47:37,944 INFO 36861 [egg-security] use dta middleware
2024-12-16 09:47:37,944 INFO 36861 [egg-security] compose 6 middlewares into one security middleware
2024-12-16 09:47:37,960 INFO 36861 [egg:core] dump config after load, 4ms
2024-12-16 09:47:37,971 INFO 36861 [egg-watcher:application] watcher start success
2024-12-16 09:47:38,013 INFO 36861 [egg-redis] client connect success
2024-12-16 09:47:38,063 INFO 36861 [egg-redis] instance[0] status OK, client ready
2024-12-16 09:47:38,076 INFO 36861 egg start timeline:
▇▇▇▇▇▇▇▇▇▇▇▇▇▇▇▇▇▇▇▇▇▇▇▇▇▇▇ [489ms] - #0 Process Start
                           ▇▇▇▇▇▇▇▇▇▇▇▇▇▇▇▇▇▇▇▇▇▇ [393ms] - #1 Application Start
                           ▇ [10ms] - #2 Load Plugin
                            ▇ [12ms] - #3 Load Config
                            ▇ [0ms] - #4 Require(0) config/config.default.js
                            ▇ [1ms] - #5 Require(1) node_modules/egg-session/config/config.default.js
                            ▇ [0ms] - #6 Require(2) node_modules/egg-security/config/config.default.js
                            ▇ [1ms] - #7 Require(3) node_modules/egg-jsonp/config/config.default.js
                            ▇ [0ms] - #8 Require(4) node_modules/egg-onerror/config/config.default.js
                            ▇ [0ms] - #9 Require(5) node_modules/egg-i18n/config/config.default.js
                            ▇ [0ms] - #10 Require(6) node_modules/egg-watcher/config/config.default.js
                            ▇ [0ms] - #11 Require(7) node_modules/egg-schedule/config/config.default.js
                            ▇ [1ms] - #12 Require(8) node_modules/egg-multipart/config/config.default.js
                            ▇ [0ms] - #13 Require(9) node_modules/egg-development/config/config.default.js
                            ▇ [1ms] - #14 Require(10) node_modules/egg-logrotator/config/config.default.js
                            ▇ [0ms] - #15 Require(11) node_modules/egg-static/config/config.default.js
                            ▇ [0ms] - #16 Require(12) node_modules/egg-view/config/config.default.js
                            ▇ [1ms] - #17 Require(13) /Users/huangwei/Desktop/zero-element-boot/node_modules/egg-jwt/config/config.default.js
                            ▇ [0ms] - #18 Require(14) node_modules/egg-redis/config/config.default.js
                            ▇ [1ms] - #19 Require(15) node_modules/egg/config/config.default.js
                             ▇ [0ms] - #20 Require(16) config/config.default.js
                             ▇ [0ms] - #21 Require(17) node_modules/egg-security/config/config.local.js
                             ▇ [0ms] - #22 Require(18) node_modules/egg-watcher/config/config.local.js
                             ▇ [1ms] - #23 Require(19) node_modules/egg-view/config/config.local.js
                             ▇ [0ms] - #24 Require(20) node_modules/egg/config/config.local.js
                             ▇ [30ms] - #25 Load extend/application.js
                             ▇ [0ms] - #26 Require(21) node_modules/egg-session/app/extend/application.js
                             ▇ [1ms] - #27 Require(22) node_modules/egg-security/app/extend/application.js
                             ▇ [1ms] - #28 Require(23) node_modules/egg-jsonp/app/extend/application.js
                             ▇ [2ms] - #29 Require(24) node_modules/egg-schedule/app/extend/application.js
                             ▇ [1ms] - #30 Require(25) node_modules/egg-logrotator/app/extend/application.js
                             ▇ [1ms] - #31 Require(26) node_modules/egg-view/app/extend/application.js
                             ▇ [22ms] - #32 Require(27) /Users/huangwei/Desktop/zero-element-boot/node_modules/egg-jwt/app/extend/application.js
                              ▇ [3ms] - #33 Load extend/request.js
                              ▇ [1ms] - #34 Require(28) node_modules/egg/app/extend/request.js
                               ▇ [3ms] - #35 Load extend/response.js
                               ▇ [1ms] - #36 Require(29) node_modules/egg/app/extend/response.js
                               ▇ [21ms] - #37 Load extend/context.js
                               ▇ [5ms] - #38 Require(30) node_modules/egg-security/app/extend/context.js
                               ▇ [1ms] - #39 Require(31) node_modules/egg-jsonp/app/extend/context.js
                               ▇ [0ms] - #40 Require(32) node_modules/egg-i18n/app/extend/context.js
                               ▇ [9ms] - #41 Require(33) node_modules/egg-multipart/app/extend/context.js
                                ▇ [1ms] - #42 Require(34) node_modules/egg-view/app/extend/context.js
                                ▇ [3ms] - #43 Require(35) node_modules/egg/app/extend/context.js
                                ▇ [12ms] - #44 Load extend/helper.js
                                ▇ [9ms] - #45 Require(36) node_modules/egg-security/app/extend/helper.js
                                ▇ [0ms] - #46 Require(37) node_modules/egg/app/extend/helper.js
                                 ▇ [17ms] - #47 Load app.js
                                 ▇ [0ms] - #48 Require(38) node_modules/egg-session/app.js
                                 ▇ [1ms] - #49 Require(39) node_modules/egg-security/app.js
                                 ▇ [3ms] - #50 Require(40) node_modules/egg-onerror/app.js
                                 ▇ [4ms] - #51 Require(41) node_modules/egg-i18n/app.js
                                 ▇ [4ms] - #52 Require(42) node_modules/egg-watcher/app.js
                                 ▇ [0ms] - #53 Require(43) node_modules/egg-schedule/app.js
                                 ▇ [1ms] - #54 Require(44) node_modules/egg-multipart/app.js
                                 ▇ [0ms] - #55 Require(45) node_modules/egg-development/app.js
                                 ▇ [0ms] - #56 Require(46) node_modules/egg-logrotator/app.js
                                 ▇ [1ms] - #57 Require(47) node_modules/egg-static/app.js
                                 ▇ [0ms] - #58 Require(48) /Users/huangwei/Desktop/zero-element-boot/node_modules/egg-jwt/app.js
                                 ▇ [1ms] - #59 Require(49) node_modules/egg-redis/app.js
                                  ▇▇▇▇▇▇▇▇▇ [174ms] - #60 Before Start in node_modules/egg-watcher/lib/init.js:15:14
                                      ▇▇▇▇▇▇▇▇▇▇ [194ms] - #61 Before Start in node_modules/egg-redis/lib/redis.js:58:7
                                      ▇ [5ms] - #62 Load Service
                                      ▇ [5ms] - #63 Load "service" to Context
                                      ▇▇▇ [69ms] - #64 Load Middleware
                                      ▇▇▇ [63ms] - #65 Load "middlewares" to Application
                                          ▇ [8ms] - #66 Load Controller
                                          ▇ [8ms] - #67 Load "controller" to Application
                                           ▇ [3ms] - #68 Load Router
                                           ▇ [1ms] - #69 Require(50) app/router.js
                                           ▇ [9ms] - #70 Before Start in node_modules/egg-core/lib/egg.js:306:10
2024-12-16 09:47:38,076 INFO 36861 [egg:core] dump config after ready, 8ms
2024-12-16 09:48:01,990 INFO 36889 [egg:logger] init all loggers with options: {"dir":"/Users/huangwei/Desktop/zero-element-boot/auto/logs/mynode","encoding":"utf8","env":"local","level":"INFO","consoleLevel":"INFO","disableConsoleAfterReady":false,"outputJSON":false,"buffer":true,"appLogName":"mynode-web.log","coreLogName":"egg-web.log","agentLogName":"egg-agent.log","errorLogName":"common-error.log","coreLogger":{"consoleLevel":"WARN"},"allowDebugAtProd":false,"enablePerformanceTimer":false,"enableFastContextLogger":false,"type":"application","localStorage":{"enabled":false}}
2024-12-16 09:48:01,990 INFO 36889 [egg-multipart] stream mode enable
2024-12-16 09:48:02,047 INFO 36889 [egg-redis] server connecting redis://:***@202.63.172.43:6379/0
2024-12-16 09:48:02,103 INFO 36889 [egg-static] starting static serve /public/ -> /Users/huangwei/Desktop/zero-element-boot/auto/app/public
2024-12-16 09:48:02,105 INFO 36889 [egg-security] use methodnoallow middleware
2024-12-16 09:48:02,105 INFO 36889 [egg-security] use noopen middleware
2024-12-16 09:48:02,105 INFO 36889 [egg-security] use nosniff middleware
2024-12-16 09:48:02,106 INFO 36889 [egg-security] use xssProtection middleware
2024-12-16 09:48:02,106 INFO 36889 [egg-security] use xframe middleware
2024-12-16 09:48:02,106 INFO 36889 [egg-security] use dta middleware
2024-12-16 09:48:02,106 INFO 36889 [egg-security] compose 6 middlewares into one security middleware
2024-12-16 09:48:02,120 INFO 36889 [egg:core] dump config after load, 4ms
2024-12-16 09:48:02,131 INFO 36889 [egg-watcher:application] watcher start success
2024-12-16 09:48:02,173 INFO 36889 [egg-redis] client connect success
2024-12-16 09:48:02,223 INFO 36889 [egg-redis] instance[0] status OK, client ready
2024-12-16 09:48:02,232 INFO 36889 egg start timeline:
▇▇▇▇▇▇▇▇▇▇▇▇▇▇▇▇▇▇▇▇▇▇▇▇▇ [385ms] - #0 Process Start
                         ▇▇▇▇▇▇▇▇▇▇▇▇▇▇▇▇▇▇▇▇▇▇▇ [349ms] - #1 Application Start
                          ▇ [10ms] - #2 Load Plugin
                           ▇ [13ms] - #3 Load Config
                           ▇ [1ms] - #4 Require(0) config/config.default.js
                           ▇ [0ms] - #5 Require(1) node_modules/egg-session/config/config.default.js
                           ▇ [1ms] - #6 Require(2) node_modules/egg-security/config/config.default.js
                           ▇ [0ms] - #7 Require(3) node_modules/egg-jsonp/config/config.default.js
                           ▇ [0ms] - #8 Require(4) node_modules/egg-onerror/config/config.default.js
                           ▇ [0ms] - #9 Require(5) node_modules/egg-i18n/config/config.default.js
                           ▇ [0ms] - #10 Require(6) node_modules/egg-watcher/config/config.default.js
                           ▇ [0ms] - #11 Require(7) node_modules/egg-schedule/config/config.default.js
                           ▇ [1ms] - #12 Require(8) node_modules/egg-multipart/config/config.default.js
                           ▇ [0ms] - #13 Require(9) node_modules/egg-development/config/config.default.js
                           ▇ [1ms] - #14 Require(10) node_modules/egg-logrotator/config/config.default.js
                           ▇ [0ms] - #15 Require(11) node_modules/egg-static/config/config.default.js
                           ▇ [0ms] - #16 Require(12) node_modules/egg-view/config/config.default.js
                           ▇ [1ms] - #17 Require(13) /Users/huangwei/Desktop/zero-element-boot/node_modules/egg-jwt/config/config.default.js
                           ▇ [0ms] - #18 Require(14) node_modules/egg-redis/config/config.default.js
                           ▇ [1ms] - #19 Require(15) node_modules/egg/config/config.default.js
                           ▇ [1ms] - #20 Require(16) config/config.default.js
                           ▇ [0ms] - #21 Require(17) node_modules/egg-security/config/config.local.js
                           ▇ [0ms] - #22 Require(18) node_modules/egg-watcher/config/config.local.js
                           ▇ [0ms] - #23 Require(19) node_modules/egg-view/config/config.local.js
                           ▇ [1ms] - #24 Require(20) node_modules/egg/config/config.local.js
                            ▇ [29ms] - #25 Load extend/application.js
                            ▇ [0ms] - #26 Require(21) node_modules/egg-session/app/extend/application.js
                            ▇ [1ms] - #27 Require(22) node_modules/egg-security/app/extend/application.js
                            ▇ [1ms] - #28 Require(23) node_modules/egg-jsonp/app/extend/application.js
                            ▇ [2ms] - #29 Require(24) node_modules/egg-schedule/app/extend/application.js
                            ▇ [1ms] - #30 Require(25) node_modules/egg-logrotator/app/extend/application.js
                            ▇ [0ms] - #31 Require(26) node_modules/egg-view/app/extend/application.js
                            ▇ [22ms] - #32 Require(27) /Users/huangwei/Desktop/zero-element-boot/node_modules/egg-jwt/app/extend/application.js
                              ▇ [3ms] - #33 Load extend/request.js
                              ▇ [1ms] - #34 Require(28) node_modules/egg/app/extend/request.js
                              ▇ [3ms] - #35 Load extend/response.js
                              ▇ [1ms] - #36 Require(29) node_modules/egg/app/extend/response.js
                              ▇ [19ms] - #37 Load extend/context.js
                              ▇ [5ms] - #38 Require(30) node_modules/egg-security/app/extend/context.js
                              ▇ [1ms] - #39 Require(31) node_modules/egg-jsonp/app/extend/context.js
                              ▇ [0ms] - #40 Require(32) node_modules/egg-i18n/app/extend/context.js
                              ▇ [8ms] - #41 Require(33) node_modules/egg-multipart/app/extend/context.js
                               ▇ [0ms] - #42 Require(34) node_modules/egg-view/app/extend/context.js
                               ▇ [2ms] - #43 Require(35) node_modules/egg/app/extend/context.js
                               ▇ [10ms] - #44 Load extend/helper.js
                               ▇ [8ms] - #45 Require(36) node_modules/egg-security/app/extend/helper.js
                                ▇ [0ms] - #46 Require(37) node_modules/egg/app/extend/helper.js
                                ▇ [16ms] - #47 Load app.js
                                ▇ [0ms] - #48 Require(38) node_modules/egg-session/app.js
                                ▇ [0ms] - #49 Require(39) node_modules/egg-security/app.js
                                ▇ [4ms] - #50 Require(40) node_modules/egg-onerror/app.js
                                ▇ [3ms] - #51 Require(41) node_modules/egg-i18n/app.js
                                 ▇ [3ms] - #52 Require(42) node_modules/egg-watcher/app.js
                                 ▇ [0ms] - #53 Require(43) node_modules/egg-schedule/app.js
                                 ▇ [1ms] - #54 Require(44) node_modules/egg-multipart/app.js
                                 ▇ [0ms] - #55 Require(45) node_modules/egg-development/app.js
                                 ▇ [0ms] - #56 Require(46) node_modules/egg-logrotator/app.js
                                 ▇ [0ms] - #57 Require(47) node_modules/egg-static/app.js
                                 ▇ [0ms] - #58 Require(48) /Users/huangwei/Desktop/zero-element-boot/node_modules/egg-jwt/app.js
                                 ▇ [1ms] - #59 Require(49) node_modules/egg-redis/app.js
                                 ▇▇▇▇▇▇▇▇▇ [137ms] - #60 Before Start in node_modules/egg-watcher/lib/init.js:15:14
                                     ▇▇▇▇▇▇▇▇▇▇▇ [174ms] - #61 Before Start in node_modules/egg-redis/lib/redis.js:58:7
                                     ▇ [4ms] - #62 Load Service
                                     ▇ [4ms] - #63 Load "service" to Context
                                     ▇▇▇ [54ms] - #64 Load Middleware
                                     ▇▇▇ [49ms] - #65 Load "middlewares" to Application
                                         ▇ [7ms] - #66 Load Controller
                                         ▇ [7ms] - #67 Load "controller" to Application
                                          ▇ [2ms] - #68 Load Router
                                          ▇ [0ms] - #69 Require(50) app/router.js
                                          ▇ [8ms] - #70 Before Start in node_modules/egg-core/lib/egg.js:306:10
2024-12-16 09:48:02,233 INFO 36889 [egg:core] dump config after ready, 7ms
2024-12-16 09:48:06,577 INFO 36901 [egg:logger] init all loggers with options: {"dir":"/Users/huangwei/Desktop/zero-element-boot/auto/logs/mynode","encoding":"utf8","env":"local","level":"INFO","consoleLevel":"INFO","disableConsoleAfterReady":false,"outputJSON":false,"buffer":true,"appLogName":"mynode-web.log","coreLogName":"egg-web.log","agentLogName":"egg-agent.log","errorLogName":"common-error.log","coreLogger":{"consoleLevel":"WARN"},"allowDebugAtProd":false,"enablePerformanceTimer":false,"enableFastContextLogger":false,"type":"application","localStorage":{"enabled":false}}
2024-12-16 09:48:06,577 INFO 36901 [egg-multipart] stream mode enable
2024-12-16 09:48:06,633 INFO 36901 [egg-redis] server connecting redis://:***@202.63.172.43:6379/0
2024-12-16 09:48:06,687 INFO 36901 [egg-static] starting static serve /public/ -> /Users/huangwei/Desktop/zero-element-boot/auto/app/public
2024-12-16 09:48:06,689 INFO 36901 [egg-security] use methodnoallow middleware
2024-12-16 09:48:06,689 INFO 36901 [egg-security] use noopen middleware
2024-12-16 09:48:06,690 INFO 36901 [egg-security] use nosniff middleware
2024-12-16 09:48:06,690 INFO 36901 [egg-security] use xssProtection middleware
2024-12-16 09:48:06,691 INFO 36901 [egg-security] use xframe middleware
2024-12-16 09:48:06,691 INFO 36901 [egg-security] use dta middleware
2024-12-16 09:48:06,691 INFO 36901 [egg-security] compose 6 middlewares into one security middleware
2024-12-16 09:48:06,706 INFO 36901 [egg:core] dump config after load, 4ms
2024-12-16 09:48:06,720 INFO 36901 [egg-watcher:application] watcher start success
2024-12-16 09:48:06,759 INFO 36901 [egg-redis] client connect success
2024-12-16 09:48:06,810 INFO 36901 [egg-redis] instance[0] status OK, client ready
2024-12-16 09:48:06,817 INFO 36901 egg start timeline:
▇▇▇▇▇▇▇▇▇▇▇▇▇▇▇▇▇▇▇▇▇▇▇▇▇▇ [389ms] - #0 Process Start
                          ▇▇▇▇▇▇▇▇▇▇▇▇▇▇▇▇▇▇▇▇▇▇ [337ms] - #1 Application Start
                           ▇ [8ms] - #2 Load Plugin
                           ▇ [11ms] - #3 Load Config
                           ▇ [0ms] - #4 Require(0) config/config.default.js
                           ▇ [0ms] - #5 Require(1) node_modules/egg-session/config/config.default.js
                           ▇ [0ms] - #6 Require(2) node_modules/egg-security/config/config.default.js
                           ▇ [0ms] - #7 Require(3) node_modules/egg-jsonp/config/config.default.js
                           ▇ [0ms] - #8 Require(4) node_modules/egg-onerror/config/config.default.js
                           ▇ [1ms] - #9 Require(5) node_modules/egg-i18n/config/config.default.js
                           ▇ [0ms] - #10 Require(6) node_modules/egg-watcher/config/config.default.js
                           ▇ [1ms] - #11 Require(7) node_modules/egg-schedule/config/config.default.js
                            ▇ [0ms] - #12 Require(8) node_modules/egg-multipart/config/config.default.js
                            ▇ [1ms] - #13 Require(9) node_modules/egg-development/config/config.default.js
                            ▇ [0ms] - #14 Require(10) node_modules/egg-logrotator/config/config.default.js
                            ▇ [0ms] - #15 Require(11) node_modules/egg-static/config/config.default.js
                            ▇ [0ms] - #16 Require(12) node_modules/egg-view/config/config.default.js
                            ▇ [0ms] - #17 Require(13) /Users/huangwei/Desktop/zero-element-boot/node_modules/egg-jwt/config/config.default.js
                            ▇ [0ms] - #18 Require(14) node_modules/egg-redis/config/config.default.js
                            ▇ [0ms] - #19 Require(15) node_modules/egg/config/config.default.js
                            ▇ [0ms] - #20 Require(16) config/config.default.js
                            ▇ [0ms] - #21 Require(17) node_modules/egg-security/config/config.local.js
                            ▇ [0ms] - #22 Require(18) node_modules/egg-watcher/config/config.local.js
                            ▇ [0ms] - #23 Require(19) node_modules/egg-view/config/config.local.js
                            ▇ [0ms] - #24 Require(20) node_modules/egg/config/config.local.js
                            ▇ [26ms] - #25 Load extend/application.js
                            ▇ [0ms] - #26 Require(21) node_modules/egg-session/app/extend/application.js
                            ▇ [1ms] - #27 Require(22) node_modules/egg-security/app/extend/application.js
                            ▇ [1ms] - #28 Require(23) node_modules/egg-jsonp/app/extend/application.js
                            ▇ [1ms] - #29 Require(24) node_modules/egg-schedule/app/extend/application.js
                            ▇ [0ms] - #30 Require(25) node_modules/egg-logrotator/app/extend/application.js
                            ▇ [1ms] - #31 Require(26) node_modules/egg-view/app/extend/application.js
                            ▇ [19ms] - #32 Require(27) /Users/huangwei/Desktop/zero-element-boot/node_modules/egg-jwt/app/extend/application.js
                              ▇ [2ms] - #33 Load extend/request.js
                              ▇ [0ms] - #34 Require(28) node_modules/egg/app/extend/request.js
                              ▇ [3ms] - #35 Load extend/response.js
                              ▇ [1ms] - #36 Require(29) node_modules/egg/app/extend/response.js
                              ▇ [18ms] - #37 Load extend/context.js
                              ▇ [5ms] - #38 Require(30) node_modules/egg-security/app/extend/context.js
                              ▇ [1ms] - #39 Require(31) node_modules/egg-jsonp/app/extend/context.js
                               ▇ [0ms] - #40 Require(32) node_modules/egg-i18n/app/extend/context.js
                               ▇ [8ms] - #41 Require(33) node_modules/egg-multipart/app/extend/context.js
                               ▇ [0ms] - #42 Require(34) node_modules/egg-view/app/extend/context.js
                               ▇ [0ms] - #43 Require(35) node_modules/egg/app/extend/context.js
                               ▇ [9ms] - #44 Load extend/helper.js
                               ▇ [7ms] - #45 Require(36) node_modules/egg-security/app/extend/helper.js
                                ▇ [0ms] - #46 Require(37) node_modules/egg/app/extend/helper.js
                                ▇ [14ms] - #47 Load app.js
                                ▇ [1ms] - #48 Require(38) node_modules/egg-session/app.js
                                ▇ [0ms] - #49 Require(39) node_modules/egg-security/app.js
                                ▇ [4ms] - #50 Require(40) node_modules/egg-onerror/app.js
                                ▇ [4ms] - #51 Require(41) node_modules/egg-i18n/app.js
                                 ▇ [2ms] - #52 Require(42) node_modules/egg-watcher/app.js
                                 ▇ [1ms] - #53 Require(43) node_modules/egg-schedule/app.js
                                 ▇ [0ms] - #54 Require(44) node_modules/egg-multipart/app.js
                                 ▇ [0ms] - #55 Require(45) node_modules/egg-development/app.js
                                 ▇ [0ms] - #56 Require(46) node_modules/egg-logrotator/app.js
                                 ▇ [0ms] - #57 Require(47) node_modules/egg-static/app.js
                                 ▇ [0ms] - #58 Require(48) /Users/huangwei/Desktop/zero-element-boot/node_modules/egg-jwt/app.js
                                 ▇ [0ms] - #59 Require(49) node_modules/egg-redis/app.js
                                 ▇▇▇▇▇▇▇▇▇ [140ms] - #60 Before Start in node_modules/egg-watcher/lib/init.js:15:14
                                     ▇▇▇▇▇▇▇▇▇▇▇ [174ms] - #61 Before Start in node_modules/egg-redis/lib/redis.js:58:7
                                     ▇ [4ms] - #62 Load Service
                                     ▇ [4ms] - #63 Load "service" to Context
                                     ▇▇▇ [52ms] - #64 Load Middleware
                                     ▇▇ [44ms] - #65 Load "middlewares" to Application
                                         ▇ [8ms] - #66 Load Controller
                                         ▇ [7ms] - #67 Load "controller" to Application
                                          ▇ [2ms] - #68 Load Router
                                          ▇ [0ms] - #69 Require(50) app/router.js
                                          ▇ [11ms] - #70 Before Start in node_modules/egg-core/lib/egg.js:306:10
2024-12-16 09:48:06,817 INFO 36901 [egg:core] dump config after ready, 5ms
2024-12-16 09:48:27,085 INFO 36922 [egg:logger] init all loggers with options: {"dir":"/Users/huangwei/Desktop/zero-element-boot/auto/logs/mynode","encoding":"utf8","env":"local","level":"INFO","consoleLevel":"INFO","disableConsoleAfterReady":false,"outputJSON":false,"buffer":true,"appLogName":"mynode-web.log","coreLogName":"egg-web.log","agentLogName":"egg-agent.log","errorLogName":"common-error.log","coreLogger":{"consoleLevel":"WARN"},"allowDebugAtProd":false,"enablePerformanceTimer":false,"enableFastContextLogger":false,"type":"application","localStorage":{"enabled":false}}
2024-12-16 09:48:27,085 INFO 36922 [egg-multipart] stream mode enable
2024-12-16 09:48:27,149 INFO 36922 [egg-redis] server connecting redis://:***@202.63.172.43:6379/0
2024-12-16 09:48:27,206 INFO 36922 [egg-static] starting static serve /public/ -> /Users/huangwei/Desktop/zero-element-boot/auto/app/public
2024-12-16 09:48:27,208 INFO 36922 [egg-security] use methodnoallow middleware
2024-12-16 09:48:27,209 INFO 36922 [egg-security] use noopen middleware
2024-12-16 09:48:27,209 INFO 36922 [egg-security] use nosniff middleware
2024-12-16 09:48:27,210 INFO 36922 [egg-security] use xssProtection middleware
2024-12-16 09:48:27,210 INFO 36922 [egg-security] use xframe middleware
2024-12-16 09:48:27,210 INFO 36922 [egg-security] use dta middleware
2024-12-16 09:48:27,210 INFO 36922 [egg-security] compose 6 middlewares into one security middleware
2024-12-16 09:48:27,226 INFO 36922 [egg:core] dump config after load, 6ms
2024-12-16 09:48:27,240 INFO 36922 [egg-watcher:application] watcher start success
2024-12-16 09:48:27,281 INFO 36922 [egg-redis] client connect success
2024-12-16 09:48:27,331 INFO 36922 [egg-redis] instance[0] status OK, client ready
2024-12-16 09:48:27,337 INFO 36922 egg start timeline:
▇▇▇▇▇▇▇▇▇▇▇▇▇▇▇▇▇▇▇▇▇▇▇▇▇▇▇▇▇ [547ms] - #0 Process Start
                             ▇▇▇▇▇▇▇▇▇▇▇▇▇▇▇▇▇▇▇▇ [376ms] - #1 Application Start
                              ▇ [9ms] - #2 Load Plugin
                              ▇ [14ms] - #3 Load Config
                              ▇ [1ms] - #4 Require(0) config/config.default.js
                              ▇ [0ms] - #5 Require(1) node_modules/egg-session/config/config.default.js
                              ▇ [1ms] - #6 Require(2) node_modules/egg-security/config/config.default.js
                              ▇ [1ms] - #7 Require(3) node_modules/egg-jsonp/config/config.default.js
                              ▇ [0ms] - #8 Require(4) node_modules/egg-onerror/config/config.default.js
                              ▇ [1ms] - #9 Require(5) node_modules/egg-i18n/config/config.default.js
                              ▇ [0ms] - #10 Require(6) node_modules/egg-watcher/config/config.default.js
                              ▇ [1ms] - #11 Require(7) node_modules/egg-schedule/config/config.default.js
                              ▇ [0ms] - #12 Require(8) node_modules/egg-multipart/config/config.default.js
                              ▇ [0ms] - #13 Require(9) node_modules/egg-development/config/config.default.js
                              ▇ [0ms] - #14 Require(10) node_modules/egg-logrotator/config/config.default.js
                              ▇ [0ms] - #15 Require(11) node_modules/egg-static/config/config.default.js
                              ▇ [0ms] - #16 Require(12) node_modules/egg-view/config/config.default.js
                               ▇ [0ms] - #17 Require(13) /Users/huangwei/Desktop/zero-element-boot/node_modules/egg-jwt/config/config.default.js
                               ▇ [1ms] - #18 Require(14) node_modules/egg-redis/config/config.default.js
                               ▇ [0ms] - #19 Require(15) node_modules/egg/config/config.default.js
                               ▇ [0ms] - #20 Require(16) config/config.default.js
                               ▇ [1ms] - #21 Require(17) node_modules/egg-security/config/config.local.js
                               ▇ [0ms] - #22 Require(18) node_modules/egg-watcher/config/config.local.js
                               ▇ [0ms] - #23 Require(19) node_modules/egg-view/config/config.local.js
                               ▇ [0ms] - #24 Require(20) node_modules/egg/config/config.local.js
                               ▇ [35ms] - #25 Load extend/application.js
                               ▇ [0ms] - #26 Require(21) node_modules/egg-session/app/extend/application.js
                               ▇ [1ms] - #27 Require(22) node_modules/egg-security/app/extend/application.js
                               ▇ [3ms] - #28 Require(23) node_modules/egg-jsonp/app/extend/application.js
                               ▇ [2ms] - #29 Require(24) node_modules/egg-schedule/app/extend/application.js
                               ▇ [1ms] - #30 Require(25) node_modules/egg-logrotator/app/extend/application.js
                               ▇ [1ms] - #31 Require(26) node_modules/egg-view/app/extend/application.js
                               ▇ [24ms] - #32 Require(27) /Users/huangwei/Desktop/zero-element-boot/node_modules/egg-jwt/app/extend/application.js
                                 ▇ [3ms] - #33 Load extend/request.js
                                 ▇ [1ms] - #34 Require(28) node_modules/egg/app/extend/request.js
                                 ▇ [3ms] - #35 Load extend/response.js
                                 ▇ [1ms] - #36 Require(29) node_modules/egg/app/extend/response.js
                                 ▇ [22ms] - #37 Load extend/context.js
                                 ▇ [8ms] - #38 Require(30) node_modules/egg-security/app/extend/context.js
                                 ▇ [1ms] - #39 Require(31) node_modules/egg-jsonp/app/extend/context.js
                                  ▇ [1ms] - #40 Require(32) node_modules/egg-i18n/app/extend/context.js
                                  ▇ [9ms] - #41 Require(33) node_modules/egg-multipart/app/extend/context.js
                                  ▇ [1ms] - #42 Require(34) node_modules/egg-view/app/extend/context.js
                                  ▇ [1ms] - #43 Require(35) node_modules/egg/app/extend/context.js
                                  ▇ [12ms] - #44 Load extend/helper.js
                                  ▇ [8ms] - #45 Require(36) node_modules/egg-security/app/extend/helper.js
                                   ▇ [0ms] - #46 Require(37) node_modules/egg/app/extend/helper.js
                                   ▇ [18ms] - #47 Load app.js
                                   ▇ [0ms] - #48 Require(38) node_modules/egg-session/app.js
                                   ▇ [1ms] - #49 Require(39) node_modules/egg-security/app.js
                                   ▇ [4ms] - #50 Require(40) node_modules/egg-onerror/app.js
                                   ▇ [5ms] - #51 Require(41) node_modules/egg-i18n/app.js
                                   ▇ [3ms] - #52 Require(42) node_modules/egg-watcher/app.js
                                    ▇ [1ms] - #53 Require(43) node_modules/egg-schedule/app.js
                                    ▇ [1ms] - #54 Require(44) node_modules/egg-multipart/app.js
                                    ▇ [0ms] - #55 Require(45) node_modules/egg-development/app.js
                                    ▇ [0ms] - #56 Require(46) node_modules/egg-logrotator/app.js
                                    ▇ [0ms] - #57 Require(47) node_modules/egg-static/app.js
                                    ▇ [1ms] - #58 Require(48) /Users/huangwei/Desktop/zero-element-boot/node_modules/egg-jwt/app.js
                                    ▇ [0ms] - #59 Require(49) node_modules/egg-redis/app.js
                                    ▇▇▇▇▇▇▇▇ [151ms] - #60 Before Start in node_modules/egg-watcher/lib/init.js:15:14
                                       ▇▇▇▇▇▇▇▇▇ [181ms] - #61 Before Start in node_modules/egg-redis/lib/redis.js:58:7
                                        ▇ [4ms] - #62 Load Service
                                        ▇ [4ms] - #63 Load "service" to Context
                                        ▇▇▇ [56ms] - #64 Load Middleware
                                        ▇▇ [50ms] - #65 Load "middlewares" to Application
                                           ▇ [8ms] - #66 Load Controller
                                           ▇ [8ms] - #67 Load "controller" to Application
                                           ▇ [1ms] - #68 Load Router
                                           ▇ [0ms] - #69 Require(50) app/router.js
                                           ▇ [10ms] - #70 Before Start in node_modules/egg-core/lib/egg.js:306:10
2024-12-16 09:48:27,338 INFO 36922 [egg:core] dump config after ready, 5ms
2024-12-16 09:48:36,708 INFO 36947 [egg:logger] init all loggers with options: {"dir":"/Users/huangwei/Desktop/zero-element-boot/auto/logs/mynode","encoding":"utf8","env":"local","level":"INFO","consoleLevel":"INFO","disableConsoleAfterReady":false,"outputJSON":false,"buffer":true,"appLogName":"mynode-web.log","coreLogName":"egg-web.log","agentLogName":"egg-agent.log","errorLogName":"common-error.log","coreLogger":{"consoleLevel":"WARN"},"allowDebugAtProd":false,"enablePerformanceTimer":false,"enableFastContextLogger":false,"type":"application","localStorage":{"enabled":false}}
2024-12-16 09:48:36,709 INFO 36947 [egg-multipart] stream mode enable
2024-12-16 09:48:36,770 INFO 36947 [egg-redis] server connecting redis://:***@202.63.172.43:6379/0
2024-12-16 09:48:36,827 INFO 36947 [egg-static] starting static serve /public/ -> /Users/huangwei/Desktop/zero-element-boot/auto/app/public
2024-12-16 09:48:36,829 INFO 36947 [egg-security] use methodnoallow middleware
2024-12-16 09:48:36,829 INFO 36947 [egg-security] use noopen middleware
2024-12-16 09:48:36,830 INFO 36947 [egg-security] use nosniff middleware
2024-12-16 09:48:36,830 INFO 36947 [egg-security] use xssProtection middleware
2024-12-16 09:48:36,831 INFO 36947 [egg-security] use xframe middleware
2024-12-16 09:48:36,831 INFO 36947 [egg-security] use dta middleware
2024-12-16 09:48:36,831 INFO 36947 [egg-security] compose 6 middlewares into one security middleware
2024-12-16 09:48:36,848 INFO 36947 [egg:core] dump config after load, 5ms
2024-12-16 09:48:36,862 INFO 36947 [egg-watcher:application] watcher start success
2024-12-16 09:48:36,903 INFO 36947 [egg-redis] client connect success
2024-12-16 09:48:36,954 INFO 36947 [egg-redis] instance[0] status OK, client ready
2024-12-16 09:48:36,965 INFO 36947 egg start timeline:
▇▇▇▇▇▇▇▇▇▇▇▇▇▇▇▇▇▇▇▇▇▇▇▇▇▇ [428ms] - #0 Process Start
                           ▇▇▇▇▇▇▇▇▇▇▇▇▇▇▇▇▇▇▇▇▇▇ [355ms] - #1 Application Start
                           ▇ [8ms] - #2 Load Plugin
                            ▇ [11ms] - #3 Load Config
                            ▇ [0ms] - #4 Require(0) config/config.default.js
                            ▇ [0ms] - #5 Require(1) node_modules/egg-session/config/config.default.js
                            ▇ [0ms] - #6 Require(2) node_modules/egg-security/config/config.default.js
                            ▇ [1ms] - #7 Require(3) node_modules/egg-jsonp/config/config.default.js
                            ▇ [0ms] - #8 Require(4) node_modules/egg-onerror/config/config.default.js
                            ▇ [0ms] - #9 Require(5) node_modules/egg-i18n/config/config.default.js
                            ▇ [0ms] - #10 Require(6) node_modules/egg-watcher/config/config.default.js
                            ▇ [0ms] - #11 Require(7) node_modules/egg-schedule/config/config.default.js
                            ▇ [1ms] - #12 Require(8) node_modules/egg-multipart/config/config.default.js
                            ▇ [0ms] - #13 Require(9) node_modules/egg-development/config/config.default.js
                            ▇ [1ms] - #14 Require(10) node_modules/egg-logrotator/config/config.default.js
                            ▇ [0ms] - #15 Require(11) node_modules/egg-static/config/config.default.js
                            ▇ [0ms] - #16 Require(12) node_modules/egg-view/config/config.default.js
                            ▇ [0ms] - #17 Require(13) /Users/huangwei/Desktop/zero-element-boot/node_modules/egg-jwt/config/config.default.js
                            ▇ [0ms] - #18 Require(14) node_modules/egg-redis/config/config.default.js
                            ▇ [1ms] - #19 Require(15) node_modules/egg/config/config.default.js
                            ▇ [0ms] - #20 Require(16) config/config.default.js
                            ▇ [0ms] - #21 Require(17) node_modules/egg-security/config/config.local.js
                            ▇ [0ms] - #22 Require(18) node_modules/egg-watcher/config/config.local.js
                            ▇ [0ms] - #23 Require(19) node_modules/egg-view/config/config.local.js
                            ▇ [1ms] - #24 Require(20) node_modules/egg/config/config.local.js
                            ▇ [27ms] - #25 Load extend/application.js
                            ▇ [0ms] - #26 Require(21) node_modules/egg-session/app/extend/application.js
                            ▇ [1ms] - #27 Require(22) node_modules/egg-security/app/extend/application.js
                            ▇ [1ms] - #28 Require(23) node_modules/egg-jsonp/app/extend/application.js
                             ▇ [2ms] - #29 Require(24) node_modules/egg-schedule/app/extend/application.js
                             ▇ [1ms] - #30 Require(25) node_modules/egg-logrotator/app/extend/application.js
                             ▇ [0ms] - #31 Require(26) node_modules/egg-view/app/extend/application.js
                             ▇ [19ms] - #32 Require(27) /Users/huangwei/Desktop/zero-element-boot/node_modules/egg-jwt/app/extend/application.js
                              ▇ [2ms] - #33 Load extend/request.js
                              ▇ [0ms] - #34 Require(28) node_modules/egg/app/extend/request.js
                              ▇ [3ms] - #35 Load extend/response.js
                              ▇ [1ms] - #36 Require(29) node_modules/egg/app/extend/response.js
                              ▇ [19ms] - #37 Load extend/context.js
                              ▇ [6ms] - #38 Require(30) node_modules/egg-security/app/extend/context.js
                               ▇ [1ms] - #39 Require(31) node_modules/egg-jsonp/app/extend/context.js
                               ▇ [1ms] - #40 Require(32) node_modules/egg-i18n/app/extend/context.js
                               ▇ [8ms] - #41 Require(33) node_modules/egg-multipart/app/extend/context.js
                               ▇ [1ms] - #42 Require(34) node_modules/egg-view/app/extend/context.js
                               ▇ [1ms] - #43 Require(35) node_modules/egg/app/extend/context.js
                                ▇ [8ms] - #44 Load extend/helper.js
                                ▇ [7ms] - #45 Require(36) node_modules/egg-security/app/extend/helper.js
                                ▇ [1ms] - #46 Require(37) node_modules/egg/app/extend/helper.js
                                ▇ [16ms] - #47 Load app.js
                                ▇ [0ms] - #48 Require(38) node_modules/egg-session/app.js
                                ▇ [1ms] - #49 Require(39) node_modules/egg-security/app.js
                                ▇ [4ms] - #50 Require(40) node_modules/egg-onerror/app.js
                                ▇ [4ms] - #51 Require(41) node_modules/egg-i18n/app.js
                                 ▇ [3ms] - #52 Require(42) node_modules/egg-watcher/app.js
                                 ▇ [1ms] - #53 Require(43) node_modules/egg-schedule/app.js
                                 ▇ [1ms] - #54 Require(44) node_modules/egg-multipart/app.js
                                 ▇ [0ms] - #55 Require(45) node_modules/egg-development/app.js
                                 ▇ [0ms] - #56 Require(46) node_modules/egg-logrotator/app.js
                                 ▇ [0ms] - #57 Require(47) node_modules/egg-static/app.js
                                 ▇ [0ms] - #58 Require(48) /Users/huangwei/Desktop/zero-element-boot/node_modules/egg-jwt/app.js
                                 ▇ [1ms] - #59 Require(49) node_modules/egg-redis/app.js
                                  ▇▇▇▇▇▇▇▇▇ [150ms] - #60 Before Start in node_modules/egg-watcher/lib/init.js:15:14
                                     ▇▇▇▇▇▇▇▇▇▇▇ [184ms] - #61 Before Start in node_modules/egg-redis/lib/redis.js:58:7
                                     ▇ [3ms] - #62 Load Service
                                     ▇ [3ms] - #63 Load "service" to Context
                                      ▇▇▇ [57ms] - #64 Load Middleware
                                      ▇▇▇ [49ms] - #65 Load "middlewares" to Application
                                         ▇ [9ms] - #66 Load Controller
                                         ▇ [9ms] - #67 Load "controller" to Application
                                          ▇ [2ms] - #68 Load Router
                                          ▇ [0ms] - #69 Require(50) app/router.js
                                          ▇ [11ms] - #70 Before Start in node_modules/egg-core/lib/egg.js:306:10
2024-12-16 09:48:36,965 INFO 36947 [egg:core] dump config after ready, 7ms
2024-12-16 09:49:23,610 INFO 36987 [egg:logger] init all loggers with options: {"dir":"/Users/huangwei/Desktop/zero-element-boot/auto/logs/mynode","encoding":"utf8","env":"local","level":"INFO","consoleLevel":"INFO","disableConsoleAfterReady":false,"outputJSON":false,"buffer":true,"appLogName":"mynode-web.log","coreLogName":"egg-web.log","agentLogName":"egg-agent.log","errorLogName":"common-error.log","coreLogger":{"consoleLevel":"WARN"},"allowDebugAtProd":false,"enablePerformanceTimer":false,"enableFastContextLogger":false,"type":"application","localStorage":{"enabled":false}}
2024-12-16 09:49:23,611 INFO 36987 [egg-multipart] stream mode enable
2024-12-16 09:49:23,670 INFO 36987 [egg-redis] server connecting redis://:***@202.63.172.43:6379/0
2024-12-16 09:49:23,732 INFO 36987 [egg-static] starting static serve /public/ -> /Users/huangwei/Desktop/zero-element-boot/auto/app/public
2024-12-16 09:49:23,734 INFO 36987 [egg-security] use methodnoallow middleware
2024-12-16 09:49:23,735 INFO 36987 [egg-security] use noopen middleware
2024-12-16 09:49:23,735 INFO 36987 [egg-security] use nosniff middleware
2024-12-16 09:49:23,735 INFO 36987 [egg-security] use xssProtection middleware
2024-12-16 09:49:23,736 INFO 36987 [egg-security] use xframe middleware
2024-12-16 09:49:23,736 INFO 36987 [egg-security] use dta middleware
2024-12-16 09:49:23,736 INFO 36987 [egg-security] compose 6 middlewares into one security middleware
2024-12-16 09:49:23,760 INFO 36987 [egg:core] dump config after load, 8ms
2024-12-16 09:49:23,777 INFO 36987 [egg-watcher:application] watcher start success
2024-12-16 09:49:23,831 INFO 36987 [egg-redis] client connect success
2024-12-16 09:49:23,885 INFO 36987 [egg-redis] instance[0] status OK, client ready
2024-12-16 09:49:23,894 INFO 36987 egg start timeline:
▇▇▇▇▇▇▇▇▇▇▇▇▇▇▇▇▇▇▇▇▇▇▇▇▇ [474ms] - #0 Process Start
                         ▇▇▇▇▇▇▇▇▇▇▇▇▇▇▇▇▇▇▇▇▇▇▇ [432ms] - #1 Application Start
                          ▇ [11ms] - #2 Load Plugin
                           ▇ [19ms] - #3 Load Config
                           ▇ [1ms] - #4 Require(0) config/config.default.js
                           ▇ [0ms] - #5 Require(1) node_modules/egg-session/config/config.default.js
                           ▇ [1ms] - #6 Require(2) node_modules/egg-security/config/config.default.js
                           ▇ [0ms] - #7 Require(3) node_modules/egg-jsonp/config/config.default.js
                           ▇ [0ms] - #8 Require(4) node_modules/egg-onerror/config/config.default.js
                           ▇ [1ms] - #9 Require(5) node_modules/egg-i18n/config/config.default.js
                           ▇ [0ms] - #10 Require(6) node_modules/egg-watcher/config/config.default.js
                           ▇ [1ms] - #11 Require(7) node_modules/egg-schedule/config/config.default.js
                           ▇ [0ms] - #12 Require(8) node_modules/egg-multipart/config/config.default.js
                           ▇ [1ms] - #13 Require(9) node_modules/egg-development/config/config.default.js
                           ▇ [0ms] - #14 Require(10) node_modules/egg-logrotator/config/config.default.js
                           ▇ [0ms] - #15 Require(11) node_modules/egg-static/config/config.default.js
                           ▇ [1ms] - #16 Require(12) node_modules/egg-view/config/config.default.js
                            ▇ [0ms] - #17 Require(13) /Users/huangwei/Desktop/zero-element-boot/node_modules/egg-jwt/config/config.default.js
                            ▇ [1ms] - #18 Require(14) node_modules/egg-redis/config/config.default.js
                            ▇ [1ms] - #19 Require(15) node_modules/egg/config/config.default.js
                            ▇ [0ms] - #20 Require(16) config/config.default.js
                            ▇ [0ms] - #21 Require(17) node_modules/egg-security/config/config.local.js
                            ▇ [0ms] - #22 Require(18) node_modules/egg-watcher/config/config.local.js
                            ▇ [1ms] - #23 Require(19) node_modules/egg-view/config/config.local.js
                            ▇ [1ms] - #24 Require(20) node_modules/egg/config/config.local.js
                            ▇▇ [44ms] - #25 Load extend/application.js
                            ▇ [0ms] - #26 Require(21) node_modules/egg-session/app/extend/application.js
                            ▇ [1ms] - #27 Require(22) node_modules/egg-security/app/extend/application.js
                            ▇ [2ms] - #28 Require(23) node_modules/egg-jsonp/app/extend/application.js
                            ▇ [3ms] - #29 Require(24) node_modules/egg-schedule/app/extend/application.js
                             ▇ [1ms] - #30 Require(25) node_modules/egg-logrotator/app/extend/application.js
                             ▇ [1ms] - #31 Require(26) node_modules/egg-view/app/extend/application.js
                             ▇ [33ms] - #32 Require(27) /Users/huangwei/Desktop/zero-element-boot/node_modules/egg-jwt/app/extend/application.js
                              ▇ [4ms] - #33 Load extend/request.js
                               ▇ [0ms] - #34 Require(28) node_modules/egg/app/extend/request.js
                               ▇ [3ms] - #35 Load extend/response.js
                               ▇ [1ms] - #36 Require(29) node_modules/egg/app/extend/response.js
                               ▇ [25ms] - #37 Load extend/context.js
                               ▇ [7ms] - #38 Require(30) node_modules/egg-security/app/extend/context.js
                               ▇ [0ms] - #39 Require(31) node_modules/egg-jsonp/app/extend/context.js
                               ▇ [0ms] - #40 Require(32) node_modules/egg-i18n/app/extend/context.js
                               ▇ [13ms] - #41 Require(33) node_modules/egg-multipart/app/extend/context.js
                                ▇ [1ms] - #42 Require(34) node_modules/egg-view/app/extend/context.js
                                ▇ [0ms] - #43 Require(35) node_modules/egg/app/extend/context.js
                                ▇ [11ms] - #44 Load extend/helper.js
                                ▇ [8ms] - #45 Require(36) node_modules/egg-security/app/extend/helper.js
                                 ▇ [0ms] - #46 Require(37) node_modules/egg/app/extend/helper.js
                                 ▇ [19ms] - #47 Load app.js
                                 ▇ [1ms] - #48 Require(38) node_modules/egg-session/app.js
                                 ▇ [1ms] - #49 Require(39) node_modules/egg-security/app.js
                                 ▇ [4ms] - #50 Require(40) node_modules/egg-onerror/app.js
                                 ▇ [4ms] - #51 Require(41) node_modules/egg-i18n/app.js
                                 ▇ [3ms] - #52 Require(42) node_modules/egg-watcher/app.js
                                  ▇ [1ms] - #53 Require(43) node_modules/egg-schedule/app.js
                                  ▇ [0ms] - #54 Require(44) node_modules/egg-multipart/app.js
                                  ▇ [0ms] - #55 Require(45) node_modules/egg-development/app.js
                                  ▇ [0ms] - #56 Require(46) node_modules/egg-logrotator/app.js
                                  ▇ [0ms] - #57 Require(47) node_modules/egg-static/app.js
                                  ▇ [1ms] - #58 Require(48) /Users/huangwei/Desktop/zero-element-boot/node_modules/egg-jwt/app.js
                                  ▇ [1ms] - #59 Require(49) node_modules/egg-redis/app.js
                                  ▇▇▇▇▇▇▇▇ [163ms] - #60 Before Start in node_modules/egg-watcher/lib/init.js:15:14
                                     ▇▇▇▇▇▇▇▇▇▇▇ [214ms] - #61 Before Start in node_modules/egg-redis/lib/redis.js:58:7
                                     ▇ [5ms] - #62 Load Service
                                     ▇ [5ms] - #63 Load "service" to Context
                                      ▇▇▇ [59ms] - #64 Load Middleware
                                      ▇▇ [52ms] - #65 Load "middlewares" to Application
                                         ▇ [11ms] - #66 Load Controller
                                         ▇ [11ms] - #67 Load "controller" to Application
                                          ▇ [4ms] - #68 Load Router
                                          ▇ [2ms] - #69 Require(50) app/router.js
                                          ▇ [14ms] - #70 Before Start in node_modules/egg-core/lib/egg.js:306:10
2024-12-16 09:49:23,895 INFO 36987 [egg:core] dump config after ready, 7ms
2024-12-16 09:49:31,523 INFO 37017 [egg:logger] init all loggers with options: {"dir":"/Users/huangwei/Desktop/zero-element-boot/auto/logs/mynode","encoding":"utf8","env":"local","level":"INFO","consoleLevel":"INFO","disableConsoleAfterReady":false,"outputJSON":false,"buffer":true,"appLogName":"mynode-web.log","coreLogName":"egg-web.log","agentLogName":"egg-agent.log","errorLogName":"common-error.log","coreLogger":{"consoleLevel":"WARN"},"allowDebugAtProd":false,"enablePerformanceTimer":false,"enableFastContextLogger":false,"type":"application","localStorage":{"enabled":false}}
2024-12-16 09:49:31,523 INFO 37017 [egg-multipart] stream mode enable
2024-12-16 09:49:31,582 INFO 37017 [egg-redis] server connecting redis://:***@202.63.172.43:6379/0
2024-12-16 09:49:31,632 INFO 37017 [egg-static] starting static serve /public/ -> /Users/huangwei/Desktop/zero-element-boot/auto/app/public
2024-12-16 09:49:31,634 INFO 37017 [egg-security] use methodnoallow middleware
2024-12-16 09:49:31,635 INFO 37017 [egg-security] use noopen middleware
2024-12-16 09:49:31,635 INFO 37017 [egg-security] use nosniff middleware
2024-12-16 09:49:31,635 INFO 37017 [egg-security] use xssProtection middleware
2024-12-16 09:49:31,636 INFO 37017 [egg-security] use xframe middleware
2024-12-16 09:49:31,637 INFO 37017 [egg-security] use dta middleware
2024-12-16 09:49:31,637 INFO 37017 [egg-security] compose 6 middlewares into one security middleware
2024-12-16 09:49:31,651 INFO 37017 [egg:core] dump config after load, 5ms
2024-12-16 09:49:31,662 INFO 37017 [egg-watcher:application] watcher start success
2024-12-16 09:49:31,717 INFO 37017 [egg-redis] client connect success
2024-12-16 09:49:31,770 INFO 37017 [egg-redis] instance[0] status OK, client ready
2024-12-16 09:49:31,779 INFO 37017 egg start timeline:
▇▇▇▇▇▇▇▇▇▇▇▇▇▇▇▇▇▇▇▇▇▇▇▇▇▇ [424ms] - #0 Process Start
                          ▇▇▇▇▇▇▇▇▇▇▇▇▇▇▇▇▇▇▇▇▇▇▇ [373ms] - #1 Application Start
                           ▇ [8ms] - #2 Load Plugin
                           ▇ [15ms] - #3 Load Config
                           ▇ [0ms] - #4 Require(0) config/config.default.js
                           ▇ [1ms] - #5 Require(1) node_modules/egg-session/config/config.default.js
                           ▇ [0ms] - #6 Require(2) node_modules/egg-security/config/config.default.js
                           ▇ [1ms] - #7 Require(3) node_modules/egg-jsonp/config/config.default.js
                           ▇ [0ms] - #8 Require(4) node_modules/egg-onerror/config/config.default.js
                           ▇ [1ms] - #9 Require(5) node_modules/egg-i18n/config/config.default.js
                            ▇ [0ms] - #10 Require(6) node_modules/egg-watcher/config/config.default.js
                            ▇ [0ms] - #11 Require(7) node_modules/egg-schedule/config/config.default.js
                            ▇ [1ms] - #12 Require(8) node_modules/egg-multipart/config/config.default.js
                            ▇ [0ms] - #13 Require(9) node_modules/egg-development/config/config.default.js
                            ▇ [1ms] - #14 Require(10) node_modules/egg-logrotator/config/config.default.js
                            ▇ [0ms] - #15 Require(11) node_modules/egg-static/config/config.default.js
                            ▇ [1ms] - #16 Require(12) node_modules/egg-view/config/config.default.js
                            ▇ [0ms] - #17 Require(13) /Users/huangwei/Desktop/zero-element-boot/node_modules/egg-jwt/config/config.default.js
                            ▇ [1ms] - #18 Require(14) node_modules/egg-redis/config/config.default.js
                            ▇ [0ms] - #19 Require(15) node_modules/egg/config/config.default.js
                            ▇ [0ms] - #20 Require(16) config/config.default.js
                            ▇ [0ms] - #21 Require(17) node_modules/egg-security/config/config.local.js
                            ▇ [0ms] - #22 Require(18) node_modules/egg-watcher/config/config.local.js
                            ▇ [0ms] - #23 Require(19) node_modules/egg-view/config/config.local.js
                            ▇ [1ms] - #24 Require(20) node_modules/egg/config/config.local.js
                            ▇▇ [34ms] - #25 Load extend/application.js
                            ▇ [1ms] - #26 Require(21) node_modules/egg-session/app/extend/application.js
                            ▇ [0ms] - #27 Require(22) node_modules/egg-security/app/extend/application.js
                            ▇ [2ms] - #28 Require(23) node_modules/egg-jsonp/app/extend/application.js
                            ▇ [2ms] - #29 Require(24) node_modules/egg-schedule/app/extend/application.js
                             ▇ [1ms] - #30 Require(25) node_modules/egg-logrotator/app/extend/application.js
                             ▇ [0ms] - #31 Require(26) node_modules/egg-view/app/extend/application.js
                             ▇ [25ms] - #32 Require(27) /Users/huangwei/Desktop/zero-element-boot/node_modules/egg-jwt/app/extend/application.js
                              ▇ [3ms] - #33 Load extend/request.js
                              ▇ [1ms] - #34 Require(28) node_modules/egg/app/extend/request.js
                              ▇ [3ms] - #35 Load extend/response.js
                               ▇ [1ms] - #36 Require(29) node_modules/egg/app/extend/response.js
                               ▇ [17ms] - #37 Load extend/context.js
                               ▇ [5ms] - #38 Require(30) node_modules/egg-security/app/extend/context.js
                               ▇ [1ms] - #39 Require(31) node_modules/egg-jsonp/app/extend/context.js
                               ▇ [0ms] - #40 Require(32) node_modules/egg-i18n/app/extend/context.js
                               ▇ [7ms] - #41 Require(33) node_modules/egg-multipart/app/extend/context.js
                                ▇ [1ms] - #42 Require(34) node_modules/egg-view/app/extend/context.js
                                ▇ [1ms] - #43 Require(35) node_modules/egg/app/extend/context.js
                                ▇ [9ms] - #44 Load extend/helper.js
                                ▇ [7ms] - #45 Require(36) node_modules/egg-security/app/extend/helper.js
                                ▇ [1ms] - #46 Require(37) node_modules/egg/app/extend/helper.js
                                ▇ [18ms] - #47 Load app.js
                                ▇ [0ms] - #48 Require(38) node_modules/egg-session/app.js
                                ▇ [1ms] - #49 Require(39) node_modules/egg-security/app.js
                                ▇ [4ms] - #50 Require(40) node_modules/egg-onerror/app.js
                                 ▇ [5ms] - #51 Require(41) node_modules/egg-i18n/app.js
                                 ▇ [3ms] - #52 Require(42) node_modules/egg-watcher/app.js
                                 ▇ [0ms] - #53 Require(43) node_modules/egg-schedule/app.js
                                 ▇ [1ms] - #54 Require(44) node_modules/egg-multipart/app.js
                                 ▇ [0ms] - #55 Require(45) node_modules/egg-development/app.js
                                 ▇ [0ms] - #56 Require(46) node_modules/egg-logrotator/app.js
                                 ▇ [0ms] - #57 Require(47) node_modules/egg-static/app.js
                                 ▇ [1ms] - #58 Require(48) /Users/huangwei/Desktop/zero-element-boot/node_modules/egg-jwt/app.js
                                 ▇ [0ms] - #59 Require(49) node_modules/egg-redis/app.js
                                  ▇▇▇▇▇▇▇▇ [135ms] - #60 Before Start in node_modules/egg-watcher/lib/init.js:15:14
                                     ▇▇▇▇▇▇▇▇▇▇▇ [187ms] - #61 Before Start in node_modules/egg-redis/lib/redis.js:58:7
                                     ▇ [4ms] - #62 Load Service
                                     ▇ [4ms] - #63 Load "service" to Context
                                      ▇▇▇ [51ms] - #64 Load Middleware
                                      ▇▇ [44ms] - #65 Load "middlewares" to Application
                                         ▇ [6ms] - #66 Load Controller
                                         ▇ [6ms] - #67 Load "controller" to Application
                                         ▇ [1ms] - #68 Load Router
                                         ▇ [0ms] - #69 Require(50) app/router.js
                                         ▇ [9ms] - #70 Before Start in node_modules/egg-core/lib/egg.js:306:10
2024-12-16 09:49:31,780 INFO 37017 [egg:core] dump config after ready, 6ms
2024-12-16 09:49:41,870 INFO 37032 [egg:logger] init all loggers with options: {"dir":"/Users/huangwei/Desktop/zero-element-boot/auto/logs/mynode","encoding":"utf8","env":"local","level":"INFO","consoleLevel":"INFO","disableConsoleAfterReady":false,"outputJSON":false,"buffer":true,"appLogName":"mynode-web.log","coreLogName":"egg-web.log","agentLogName":"egg-agent.log","errorLogName":"common-error.log","coreLogger":{"consoleLevel":"WARN"},"allowDebugAtProd":false,"enablePerformanceTimer":false,"enableFastContextLogger":false,"type":"application","localStorage":{"enabled":false}}
2024-12-16 09:49:41,870 INFO 37032 [egg-multipart] stream mode enable
2024-12-16 09:49:41,935 INFO 37032 [egg-redis] server connecting redis://:***@202.63.172.43:6379/0
2024-12-16 09:49:41,994 INFO 37032 [egg-static] starting static serve /public/ -> /Users/huangwei/Desktop/zero-element-boot/auto/app/public
2024-12-16 09:49:41,996 INFO 37032 [egg-security] use methodnoallow middleware
2024-12-16 09:49:41,996 INFO 37032 [egg-security] use noopen middleware
2024-12-16 09:49:41,997 INFO 37032 [egg-security] use nosniff middleware
2024-12-16 09:49:41,998 INFO 37032 [egg-security] use xssProtection middleware
2024-12-16 09:49:41,998 INFO 37032 [egg-security] use xframe middleware
2024-12-16 09:49:41,998 INFO 37032 [egg-security] use dta middleware
2024-12-16 09:49:41,998 INFO 37032 [egg-security] compose 6 middlewares into one security middleware
2024-12-16 09:49:42,017 INFO 37032 [egg:core] dump config after load, 5ms
2024-12-16 09:49:42,030 INFO 37032 [egg-watcher:application] watcher start success
2024-12-16 09:49:42,080 INFO 37032 [egg-redis] client connect success
2024-12-16 09:49:42,146 INFO 37032 [egg-redis] instance[0] status OK, client ready
2024-12-16 09:49:42,157 INFO 37032 egg start timeline:
▇▇▇▇▇▇▇▇▇▇▇▇▇▇▇▇▇▇▇▇▇▇▇▇▇▇ [478ms] - #0 Process Start
                          ▇▇▇▇▇▇▇▇▇▇▇▇▇▇▇▇▇▇▇▇▇▇ [414ms] - #1 Application Start
                           ▇ [8ms] - #2 Load Plugin
                           ▇ [12ms] - #3 Load Config
                           ▇ [0ms] - #4 Require(0) config/config.default.js
                           ▇ [1ms] - #5 Require(1) node_modules/egg-session/config/config.default.js
                           ▇ [0ms] - #6 Require(2) node_modules/egg-security/config/config.default.js
                           ▇ [0ms] - #7 Require(3) node_modules/egg-jsonp/config/config.default.js
                           ▇ [0ms] - #8 Require(4) node_modules/egg-onerror/config/config.default.js
                           ▇ [1ms] - #9 Require(5) node_modules/egg-i18n/config/config.default.js
                           ▇ [1ms] - #10 Require(6) node_modules/egg-watcher/config/config.default.js
                           ▇ [1ms] - #11 Require(7) node_modules/egg-schedule/config/config.default.js
                           ▇ [0ms] - #12 Require(8) node_modules/egg-multipart/config/config.default.js
                           ▇ [1ms] - #13 Require(9) node_modules/egg-development/config/config.default.js
                           ▇ [0ms] - #14 Require(10) node_modules/egg-logrotator/config/config.default.js
                           ▇ [0ms] - #15 Require(11) node_modules/egg-static/config/config.default.js
                            ▇ [0ms] - #16 Require(12) node_modules/egg-view/config/config.default.js
                            ▇ [0ms] - #17 Require(13) /Users/huangwei/Desktop/zero-element-boot/node_modules/egg-jwt/config/config.default.js
                            ▇ [1ms] - #18 Require(14) node_modules/egg-redis/config/config.default.js
                            ▇ [0ms] - #19 Require(15) node_modules/egg/config/config.default.js
                            ▇ [0ms] - #20 Require(16) config/config.default.js
                            ▇ [0ms] - #21 Require(17) node_modules/egg-security/config/config.local.js
                            ▇ [0ms] - #22 Require(18) node_modules/egg-watcher/config/config.local.js
                            ▇ [1ms] - #23 Require(19) node_modules/egg-view/config/config.local.js
                            ▇ [0ms] - #24 Require(20) node_modules/egg/config/config.local.js
                            ▇ [36ms] - #25 Load extend/application.js
                            ▇ [0ms] - #26 Require(21) node_modules/egg-session/app/extend/application.js
                            ▇ [1ms] - #27 Require(22) node_modules/egg-security/app/extend/application.js
                            ▇ [2ms] - #28 Require(23) node_modules/egg-jsonp/app/extend/application.js
                            ▇ [2ms] - #29 Require(24) node_modules/egg-schedule/app/extend/application.js
                            ▇ [1ms] - #30 Require(25) node_modules/egg-logrotator/app/extend/application.js
                            ▇ [1ms] - #31 Require(26) node_modules/egg-view/app/extend/application.js
                            ▇ [28ms] - #32 Require(27) /Users/huangwei/Desktop/zero-element-boot/node_modules/egg-jwt/app/extend/application.js
                              ▇ [4ms] - #33 Load extend/request.js
                              ▇ [1ms] - #34 Require(28) node_modules/egg/app/extend/request.js
                              ▇ [4ms] - #35 Load extend/response.js
                              ▇ [1ms] - #36 Require(29) node_modules/egg/app/extend/response.js
                              ▇ [24ms] - #37 Load extend/context.js
                              ▇ [7ms] - #38 Require(30) node_modules/egg-security/app/extend/context.js
                               ▇ [2ms] - #39 Require(31) node_modules/egg-jsonp/app/extend/context.js
                               ▇ [0ms] - #40 Require(32) node_modules/egg-i18n/app/extend/context.js
                               ▇ [9ms] - #41 Require(33) node_modules/egg-multipart/app/extend/context.js
                                ▇ [1ms] - #42 Require(34) node_modules/egg-view/app/extend/context.js
                                ▇ [1ms] - #43 Require(35) node_modules/egg/app/extend/context.js
                                ▇ [12ms] - #44 Load extend/helper.js
                                ▇ [9ms] - #45 Require(36) node_modules/egg-security/app/extend/helper.js
                                ▇ [0ms] - #46 Require(37) node_modules/egg/app/extend/helper.js
                                ▇ [19ms] - #47 Load app.js
                                ▇ [0ms] - #48 Require(38) node_modules/egg-session/app.js
                                ▇ [0ms] - #49 Require(39) node_modules/egg-security/app.js
                                ▇ [5ms] - #50 Require(40) node_modules/egg-onerror/app.js
                                 ▇ [5ms] - #51 Require(41) node_modules/egg-i18n/app.js
                                 ▇ [3ms] - #52 Require(42) node_modules/egg-watcher/app.js
                                 ▇ [0ms] - #53 Require(43) node_modules/egg-schedule/app.js
                                 ▇ [1ms] - #54 Require(44) node_modules/egg-multipart/app.js
                                 ▇ [0ms] - #55 Require(45) node_modules/egg-development/app.js
                                 ▇ [1ms] - #56 Require(46) node_modules/egg-logrotator/app.js
                                 ▇ [0ms] - #57 Require(47) node_modules/egg-static/app.js
                                 ▇ [0ms] - #58 Require(48) /Users/huangwei/Desktop/zero-element-boot/node_modules/egg-jwt/app.js
                                 ▇ [0ms] - #59 Require(49) node_modules/egg-redis/app.js
                                  ▇▇▇▇▇▇▇▇ [157ms] - #60 Before Start in node_modules/egg-watcher/lib/init.js:15:14
                                     ▇▇▇▇▇▇▇▇▇▇▇ [211ms] - #61 Before Start in node_modules/egg-redis/lib/redis.js:58:7
                                     ▇ [6ms] - #62 Load Service
                                     ▇ [5ms] - #63 Load "service" to Context
                                      ▇▇▇ [57ms] - #64 Load Middleware
                                      ▇▇ [49ms] - #65 Load "middlewares" to Application
                                         ▇ [10ms] - #66 Load Controller
                                         ▇ [10ms] - #67 Load "controller" to Application
                                         ▇ [2ms] - #68 Load Router
                                         ▇ [0ms] - #69 Require(50) app/router.js
                                         ▇ [10ms] - #70 Before Start in node_modules/egg-core/lib/egg.js:306:10
2024-12-16 09:49:42,157 INFO 37032 [egg:core] dump config after ready, 6ms
2024-12-16 09:50:12,071 INFO 37085 [egg:logger] init all loggers with options: {"dir":"/Users/huangwei/Desktop/zero-element-boot/auto/logs/mynode","encoding":"utf8","env":"local","level":"INFO","consoleLevel":"INFO","disableConsoleAfterReady":false,"outputJSON":false,"buffer":true,"appLogName":"mynode-web.log","coreLogName":"egg-web.log","agentLogName":"egg-agent.log","errorLogName":"common-error.log","coreLogger":{"consoleLevel":"WARN"},"allowDebugAtProd":false,"enablePerformanceTimer":false,"enableFastContextLogger":false,"type":"application","localStorage":{"enabled":false}}
2024-12-16 09:50:12,071 INFO 37085 [egg-multipart] stream mode enable
2024-12-16 09:50:12,135 INFO 37085 [egg-redis] server connecting redis://:***@202.63.172.43:6379/0
2024-12-16 09:50:12,192 INFO 37085 [egg-static] starting static serve /public/ -> /Users/huangwei/Desktop/zero-element-boot/auto/app/public
2024-12-16 09:50:12,195 INFO 37085 [egg-security] use methodnoallow middleware
2024-12-16 09:50:12,195 INFO 37085 [egg-security] use noopen middleware
2024-12-16 09:50:12,195 INFO 37085 [egg-security] use nosniff middleware
2024-12-16 09:50:12,196 INFO 37085 [egg-security] use xssProtection middleware
2024-12-16 09:50:12,196 INFO 37085 [egg-security] use xframe middleware
2024-12-16 09:50:12,197 INFO 37085 [egg-security] use dta middleware
2024-12-16 09:50:12,197 INFO 37085 [egg-security] compose 6 middlewares into one security middleware
2024-12-16 09:50:12,213 INFO 37085 [egg:core] dump config after load, 6ms
2024-12-16 09:50:12,226 INFO 37085 [egg-watcher:application] watcher start success
2024-12-16 09:50:12,266 INFO 37085 [egg-redis] client connect success
2024-12-16 09:50:12,321 INFO 37085 [egg-redis] instance[0] status OK, client ready
2024-12-16 09:50:12,331 INFO 37085 egg start timeline:
▇▇▇▇▇▇▇▇▇▇▇▇▇▇▇▇▇▇▇▇▇▇▇▇▇▇ [426ms] - #0 Process Start
                          ▇▇▇▇▇▇▇▇▇▇▇▇▇▇▇▇▇▇▇▇▇▇▇ [372ms] - #1 Application Start
                           ▇ [8ms] - #2 Load Plugin
                           ▇ [12ms] - #3 Load Config
                           ▇ [0ms] - #4 Require(0) config/config.default.js
                           ▇ [0ms] - #5 Require(1) node_modules/egg-session/config/config.default.js
                           ▇ [0ms] - #6 Require(2) node_modules/egg-security/config/config.default.js
                           ▇ [0ms] - #7 Require(3) node_modules/egg-jsonp/config/config.default.js
                           ▇ [0ms] - #8 Require(4) node_modules/egg-onerror/config/config.default.js
                           ▇ [0ms] - #9 Require(5) node_modules/egg-i18n/config/config.default.js
                           ▇ [0ms] - #10 Require(6) node_modules/egg-watcher/config/config.default.js
                           ▇ [1ms] - #11 Require(7) node_modules/egg-schedule/config/config.default.js
                           ▇ [0ms] - #12 Require(8) node_modules/egg-multipart/config/config.default.js
                           ▇ [0ms] - #13 Require(9) node_modules/egg-development/config/config.default.js
                           ▇ [0ms] - #14 Require(10) node_modules/egg-logrotator/config/config.default.js
                           ▇ [0ms] - #15 Require(11) node_modules/egg-static/config/config.default.js
                            ▇ [0ms] - #16 Require(12) node_modules/egg-view/config/config.default.js
                            ▇ [1ms] - #17 Require(13) /Users/huangwei/Desktop/zero-element-boot/node_modules/egg-jwt/config/config.default.js
                            ▇ [0ms] - #18 Require(14) node_modules/egg-redis/config/config.default.js
                            ▇ [1ms] - #19 Require(15) node_modules/egg/config/config.default.js
                            ▇ [0ms] - #20 Require(16) config/config.default.js
                            ▇ [0ms] - #21 Require(17) node_modules/egg-security/config/config.local.js
                            ▇ [0ms] - #22 Require(18) node_modules/egg-watcher/config/config.local.js
                            ▇ [0ms] - #23 Require(19) node_modules/egg-view/config/config.local.js
                            ▇ [0ms] - #24 Require(20) node_modules/egg/config/config.local.js
                            ▇ [31ms] - #25 Load extend/application.js
                            ▇ [0ms] - #26 Require(21) node_modules/egg-session/app/extend/application.js
                            ▇ [0ms] - #27 Require(22) node_modules/egg-security/app/extend/application.js
                            ▇ [2ms] - #28 Require(23) node_modules/egg-jsonp/app/extend/application.js
                            ▇ [1ms] - #29 Require(24) node_modules/egg-schedule/app/extend/application.js
                            ▇ [0ms] - #30 Require(25) node_modules/egg-logrotator/app/extend/application.js
                            ▇ [1ms] - #31 Require(26) node_modules/egg-view/app/extend/application.js
                            ▇ [23ms] - #32 Require(27) /Users/huangwei/Desktop/zero-element-boot/node_modules/egg-jwt/app/extend/application.js
                              ▇ [2ms] - #33 Load extend/request.js
                              ▇ [0ms] - #34 Require(28) node_modules/egg/app/extend/request.js
                              ▇ [4ms] - #35 Load extend/response.js
                              ▇ [1ms] - #36 Require(29) node_modules/egg/app/extend/response.js
                              ▇ [18ms] - #37 Load extend/context.js
                              ▇ [4ms] - #38 Require(30) node_modules/egg-security/app/extend/context.js
                               ▇ [1ms] - #39 Require(31) node_modules/egg-jsonp/app/extend/context.js
                               ▇ [0ms] - #40 Require(32) node_modules/egg-i18n/app/extend/context.js
                               ▇ [10ms] - #41 Require(33) node_modules/egg-multipart/app/extend/context.js
                               ▇ [0ms] - #42 Require(34) node_modules/egg-view/app/extend/context.js
                               ▇ [0ms] - #43 Require(35) node_modules/egg/app/extend/context.js
                               ▇ [11ms] - #44 Load extend/helper.js
                               ▇ [9ms] - #45 Require(36) node_modules/egg-security/app/extend/helper.js
                                ▇ [0ms] - #46 Require(37) node_modules/egg/app/extend/helper.js
                                ▇ [20ms] - #47 Load app.js
                                ▇ [0ms] - #48 Require(38) node_modules/egg-session/app.js
                                ▇ [0ms] - #49 Require(39) node_modules/egg-security/app.js
                                ▇ [4ms] - #50 Require(40) node_modules/egg-onerror/app.js
                                ▇ [5ms] - #51 Require(41) node_modules/egg-i18n/app.js
                                 ▇ [3ms] - #52 Require(42) node_modules/egg-watcher/app.js
                                 ▇ [1ms] - #53 Require(43) node_modules/egg-schedule/app.js
                                 ▇ [1ms] - #54 Require(44) node_modules/egg-multipart/app.js
                                 ▇ [0ms] - #55 Require(45) node_modules/egg-development/app.js
                                 ▇ [0ms] - #56 Require(46) node_modules/egg-logrotator/app.js
                                 ▇ [0ms] - #57 Require(47) node_modules/egg-static/app.js
                                 ▇ [0ms] - #58 Require(48) /Users/huangwei/Desktop/zero-element-boot/node_modules/egg-jwt/app.js
                                 ▇ [0ms] - #59 Require(49) node_modules/egg-redis/app.js
                                  ▇▇▇▇▇▇▇▇▇ [150ms] - #60 Before Start in node_modules/egg-watcher/lib/init.js:15:14
                                      ▇▇▇▇▇▇▇▇▇▇▇ [184ms] - #61 Before Start in node_modules/egg-redis/lib/redis.js:58:7
                                      ▇ [4ms] - #62 Load Service
                                      ▇ [4ms] - #63 Load "service" to Context
                                      ▇▇▇ [55ms] - #64 Load Middleware
                                      ▇▇ [48ms] - #65 Load "middlewares" to Application
                                         ▇ [8ms] - #66 Load Controller
                                         ▇ [8ms] - #67 Load "controller" to Application
                                          ▇ [1ms] - #68 Load Router
                                          ▇ [0ms] - #69 Require(50) app/router.js
                                          ▇ [11ms] - #70 Before Start in node_modules/egg-core/lib/egg.js:306:10
2024-12-16 09:50:12,331 INFO 37085 [egg:core] dump config after ready, 6ms
2024-12-16 09:50:25,673 INFO 37121 [egg:logger] init all loggers with options: {"dir":"/Users/huangwei/Desktop/zero-element-boot/auto/logs/mynode","encoding":"utf8","env":"local","level":"INFO","consoleLevel":"INFO","disableConsoleAfterReady":false,"outputJSON":false,"buffer":true,"appLogName":"mynode-web.log","coreLogName":"egg-web.log","agentLogName":"egg-agent.log","errorLogName":"common-error.log","coreLogger":{"consoleLevel":"WARN"},"allowDebugAtProd":false,"enablePerformanceTimer":false,"enableFastContextLogger":false,"type":"application","localStorage":{"enabled":false}}
2024-12-16 09:50:25,673 INFO 37121 [egg-multipart] stream mode enable
2024-12-16 09:50:25,729 INFO 37121 [egg-redis] server connecting redis://:***@202.63.172.43:6379/0
2024-12-16 09:50:25,780 INFO 37121 [egg-static] starting static serve /public/ -> /Users/huangwei/Desktop/zero-element-boot/auto/app/public
2024-12-16 09:50:25,782 INFO 37121 [egg-security] use methodnoallow middleware
2024-12-16 09:50:25,783 INFO 37121 [egg-security] use noopen middleware
2024-12-16 09:50:25,783 INFO 37121 [egg-security] use nosniff middleware
2024-12-16 09:50:25,783 INFO 37121 [egg-security] use xssProtection middleware
2024-12-16 09:50:25,784 INFO 37121 [egg-security] use xframe middleware
2024-12-16 09:50:25,784 INFO 37121 [egg-security] use dta middleware
2024-12-16 09:50:25,784 INFO 37121 [egg-security] compose 6 middlewares into one security middleware
2024-12-16 09:50:25,800 INFO 37121 [egg:core] dump config after load, 5ms
2024-12-16 09:50:25,814 INFO 37121 [egg-watcher:application] watcher start success
2024-12-16 09:50:25,853 INFO 37121 [egg-redis] client connect success
2024-12-16 09:50:25,905 INFO 37121 [egg-redis] instance[0] status OK, client ready
2024-12-16 09:50:25,916 INFO 37121 egg start timeline:
▇▇▇▇▇▇▇▇▇▇▇▇▇▇▇▇▇▇▇▇▇▇▇▇▇▇ [383ms] - #0 Process Start
                          ▇▇▇▇▇▇▇▇▇▇▇▇▇▇▇▇▇▇▇▇▇▇▇ [336ms] - #1 Application Start
                          ▇ [8ms] - #2 Load Plugin
                           ▇ [11ms] - #3 Load Config
                           ▇ [0ms] - #4 Require(0) config/config.default.js
                           ▇ [0ms] - #5 Require(1) node_modules/egg-session/config/config.default.js
                           ▇ [0ms] - #6 Require(2) node_modules/egg-security/config/config.default.js
                           ▇ [0ms] - #7 Require(3) node_modules/egg-jsonp/config/config.default.js
                           ▇ [0ms] - #8 Require(4) node_modules/egg-onerror/config/config.default.js
                           ▇ [1ms] - #9 Require(5) node_modules/egg-i18n/config/config.default.js
                           ▇ [0ms] - #10 Require(6) node_modules/egg-watcher/config/config.default.js
                           ▇ [0ms] - #11 Require(7) node_modules/egg-schedule/config/config.default.js
                           ▇ [0ms] - #12 Require(8) node_modules/egg-multipart/config/config.default.js
                           ▇ [0ms] - #13 Require(9) node_modules/egg-development/config/config.default.js
                           ▇ [0ms] - #14 Require(10) node_modules/egg-logrotator/config/config.default.js
                           ▇ [0ms] - #15 Require(11) node_modules/egg-static/config/config.default.js
                           ▇ [0ms] - #16 Require(12) node_modules/egg-view/config/config.default.js
                           ▇ [0ms] - #17 Require(13) /Users/huangwei/Desktop/zero-element-boot/node_modules/egg-jwt/config/config.default.js
                           ▇ [0ms] - #18 Require(14) node_modules/egg-redis/config/config.default.js
                           ▇ [1ms] - #19 Require(15) node_modules/egg/config/config.default.js
                            ▇ [0ms] - #20 Require(16) config/config.default.js
                            ▇ [0ms] - #21 Require(17) node_modules/egg-security/config/config.local.js
                            ▇ [1ms] - #22 Require(18) node_modules/egg-watcher/config/config.local.js
                            ▇ [0ms] - #23 Require(19) node_modules/egg-view/config/config.local.js
                            ▇ [0ms] - #24 Require(20) node_modules/egg/config/config.local.js
                            ▇ [26ms] - #25 Load extend/application.js
                            ▇ [0ms] - #26 Require(21) node_modules/egg-session/app/extend/application.js
                            ▇ [1ms] - #27 Require(22) node_modules/egg-security/app/extend/application.js
                            ▇ [1ms] - #28 Require(23) node_modules/egg-jsonp/app/extend/application.js
                            ▇ [1ms] - #29 Require(24) node_modules/egg-schedule/app/extend/application.js
                            ▇ [1ms] - #30 Require(25) node_modules/egg-logrotator/app/extend/application.js
                            ▇ [1ms] - #31 Require(26) node_modules/egg-view/app/extend/application.js
                            ▇ [19ms] - #32 Require(27) /Users/huangwei/Desktop/zero-element-boot/node_modules/egg-jwt/app/extend/application.js
                              ▇ [2ms] - #33 Load extend/request.js
                              ▇ [0ms] - #34 Require(28) node_modules/egg/app/extend/request.js
                              ▇ [3ms] - #35 Load extend/response.js
                              ▇ [1ms] - #36 Require(29) node_modules/egg/app/extend/response.js
                              ▇ [17ms] - #37 Load extend/context.js
                              ▇ [4ms] - #38 Require(30) node_modules/egg-security/app/extend/context.js
                              ▇ [1ms] - #39 Require(31) node_modules/egg-jsonp/app/extend/context.js
                              ▇ [0ms] - #40 Require(32) node_modules/egg-i18n/app/extend/context.js
                              ▇ [8ms] - #41 Require(33) node_modules/egg-multipart/app/extend/context.js
                               ▇ [1ms] - #42 Require(34) node_modules/egg-view/app/extend/context.js
                               ▇ [1ms] - #43 Require(35) node_modules/egg/app/extend/context.js
                               ▇ [8ms] - #44 Load extend/helper.js
                               ▇ [7ms] - #45 Require(36) node_modules/egg-security/app/extend/helper.js
                                ▇ [0ms] - #46 Require(37) node_modules/egg/app/extend/helper.js
                                ▇ [15ms] - #47 Load app.js
                                ▇ [1ms] - #48 Require(38) node_modules/egg-session/app.js
                                ▇ [0ms] - #49 Require(39) node_modules/egg-security/app.js
                                ▇ [4ms] - #50 Require(40) node_modules/egg-onerror/app.js
                                ▇ [4ms] - #51 Require(41) node_modules/egg-i18n/app.js
                                ▇ [3ms] - #52 Require(42) node_modules/egg-watcher/app.js
                                ▇ [1ms] - #53 Require(43) node_modules/egg-schedule/app.js
                                 ▇ [0ms] - #54 Require(44) node_modules/egg-multipart/app.js
                                 ▇ [1ms] - #55 Require(45) node_modules/egg-development/app.js
                                 ▇ [0ms] - #56 Require(46) node_modules/egg-logrotator/app.js
                                 ▇ [0ms] - #57 Require(47) node_modules/egg-static/app.js
                                 ▇ [1ms] - #58 Require(48) /Users/huangwei/Desktop/zero-element-boot/node_modules/egg-jwt/app.js
                                 ▇ [0ms] - #59 Require(49) node_modules/egg-redis/app.js
                                 ▇▇▇▇▇▇▇▇▇ [137ms] - #60 Before Start in node_modules/egg-watcher/lib/init.js:15:14
                                     ▇▇▇▇▇▇▇▇▇▇▇▇ [175ms] - #61 Before Start in node_modules/egg-redis/lib/redis.js:58:7
                                     ▇ [4ms] - #62 Load Service
                                     ▇ [4ms] - #63 Load "service" to Context
                                     ▇▇▇ [50ms] - #64 Load Middleware
                                     ▇▇ [43ms] - #65 Load "middlewares" to Application
                                         ▇ [7ms] - #66 Load Controller
                                         ▇ [7ms] - #67 Load "controller" to Application
                                         ▇ [3ms] - #68 Load Router
                                         ▇ [1ms] - #69 Require(50) app/router.js
                                         ▇ [10ms] - #70 Before Start in node_modules/egg-core/lib/egg.js:306:10
2024-12-16 09:50:25,916 INFO 37121 [egg:core] dump config after ready, 7ms
2024-12-16 09:50:28,804 INFO 37138 [egg:logger] init all loggers with options: {"dir":"/Users/huangwei/Desktop/zero-element-boot/auto/logs/mynode","encoding":"utf8","env":"local","level":"INFO","consoleLevel":"INFO","disableConsoleAfterReady":false,"outputJSON":false,"buffer":true,"appLogName":"mynode-web.log","coreLogName":"egg-web.log","agentLogName":"egg-agent.log","errorLogName":"common-error.log","coreLogger":{"consoleLevel":"WARN"},"allowDebugAtProd":false,"enablePerformanceTimer":false,"enableFastContextLogger":false,"type":"application","localStorage":{"enabled":false}}
2024-12-16 09:50:28,804 INFO 37138 [egg-multipart] stream mode enable
2024-12-16 09:50:28,877 INFO 37138 [egg-redis] server connecting redis://:***@202.63.172.43:6379/0
2024-12-16 09:50:28,934 INFO 37138 [egg-static] starting static serve /public/ -> /Users/huangwei/Desktop/zero-element-boot/auto/app/public
2024-12-16 09:50:28,936 INFO 37138 [egg-security] use methodnoallow middleware
2024-12-16 09:50:28,936 INFO 37138 [egg-security] use noopen middleware
2024-12-16 09:50:28,937 INFO 37138 [egg-security] use nosniff middleware
2024-12-16 09:50:28,937 INFO 37138 [egg-security] use xssProtection middleware
2024-12-16 09:50:28,937 INFO 37138 [egg-security] use xframe middleware
2024-12-16 09:50:28,938 INFO 37138 [egg-security] use dta middleware
2024-12-16 09:50:28,938 INFO 37138 [egg-security] compose 6 middlewares into one security middleware
2024-12-16 09:50:28,951 INFO 37138 [egg:core] dump config after load, 4ms
2024-12-16 09:50:28,962 INFO 37138 [egg-watcher:application] watcher start success
2024-12-16 09:50:29,011 INFO 37138 [egg-redis] client connect success
2024-12-16 09:50:29,064 INFO 37138 [egg-redis] instance[0] status OK, client ready
2024-12-16 09:50:29,077 INFO 37138 egg start timeline:
▇▇▇▇▇▇▇▇▇▇▇▇▇▇▇▇▇▇▇▇▇▇▇▇▇▇▇ [475ms] - #0 Process Start
                           ▇▇▇▇▇▇▇▇▇▇▇▇▇▇▇▇▇▇▇▇▇▇ [389ms] - #1 Application Start
                           ▇ [8ms] - #2 Load Plugin
                            ▇ [11ms] - #3 Load Config
                            ▇ [0ms] - #4 Require(0) config/config.default.js
                            ▇ [0ms] - #5 Require(1) node_modules/egg-session/config/config.default.js
                            ▇ [0ms] - #6 Require(2) node_modules/egg-security/config/config.default.js
                            ▇ [1ms] - #7 Require(3) node_modules/egg-jsonp/config/config.default.js
                            ▇ [0ms] - #8 Require(4) node_modules/egg-onerror/config/config.default.js
                            ▇ [0ms] - #9 Require(5) node_modules/egg-i18n/config/config.default.js
                            ▇ [0ms] - #10 Require(6) node_modules/egg-watcher/config/config.default.js
                            ▇ [0ms] - #11 Require(7) node_modules/egg-schedule/config/config.default.js
                            ▇ [0ms] - #12 Require(8) node_modules/egg-multipart/config/config.default.js
                            ▇ [0ms] - #13 Require(9) node_modules/egg-development/config/config.default.js
                            ▇ [1ms] - #14 Require(10) node_modules/egg-logrotator/config/config.default.js
                            ▇ [0ms] - #15 Require(11) node_modules/egg-static/config/config.default.js
                            ▇ [0ms] - #16 Require(12) node_modules/egg-view/config/config.default.js
                            ▇ [0ms] - #17 Require(13) /Users/huangwei/Desktop/zero-element-boot/node_modules/egg-jwt/config/config.default.js
                            ▇ [0ms] - #18 Require(14) node_modules/egg-redis/config/config.default.js
                            ▇ [1ms] - #19 Require(15) node_modules/egg/config/config.default.js
                            ▇ [0ms] - #20 Require(16) config/config.default.js
                            ▇ [0ms] - #21 Require(17) node_modules/egg-security/config/config.local.js
                            ▇ [1ms] - #22 Require(18) node_modules/egg-watcher/config/config.local.js
                            ▇ [0ms] - #23 Require(19) node_modules/egg-view/config/config.local.js
                            ▇ [0ms] - #24 Require(20) node_modules/egg/config/config.local.js
                            ▇ [30ms] - #25 Load extend/application.js
                            ▇ [0ms] - #26 Require(21) node_modules/egg-session/app/extend/application.js
                            ▇ [0ms] - #27 Require(22) node_modules/egg-security/app/extend/application.js
                            ▇ [1ms] - #28 Require(23) node_modules/egg-jsonp/app/extend/application.js
                            ▇ [1ms] - #29 Require(24) node_modules/egg-schedule/app/extend/application.js
                             ▇ [0ms] - #30 Require(25) node_modules/egg-logrotator/app/extend/application.js
                             ▇ [0ms] - #31 Require(26) node_modules/egg-view/app/extend/application.js
                             ▇ [22ms] - #32 Require(27) /Users/huangwei/Desktop/zero-element-boot/node_modules/egg-jwt/app/extend/application.js
                              ▇ [3ms] - #33 Load extend/request.js
                              ▇ [1ms] - #34 Require(28) node_modules/egg/app/extend/request.js
                              ▇ [3ms] - #35 Load extend/response.js
                              ▇ [1ms] - #36 Require(29) node_modules/egg/app/extend/response.js
                              ▇ [23ms] - #37 Load extend/context.js
                              ▇ [9ms] - #38 Require(30) node_modules/egg-security/app/extend/context.js
                               ▇ [1ms] - #39 Require(31) node_modules/egg-jsonp/app/extend/context.js
                               ▇ [0ms] - #40 Require(32) node_modules/egg-i18n/app/extend/context.js
                               ▇ [9ms] - #41 Require(33) node_modules/egg-multipart/app/extend/context.js
                               ▇ [1ms] - #42 Require(34) node_modules/egg-view/app/extend/context.js
                                ▇ [1ms] - #43 Require(35) node_modules/egg/app/extend/context.js
                                ▇ [16ms] - #44 Load extend/helper.js
                                ▇ [14ms] - #45 Require(36) node_modules/egg-security/app/extend/helper.js
                                ▇ [0ms] - #46 Require(37) node_modules/egg/app/extend/helper.js
                                 ▇ [20ms] - #47 Load app.js
                                 ▇ [1ms] - #48 Require(38) node_modules/egg-session/app.js
                                 ▇ [2ms] - #49 Require(39) node_modules/egg-security/app.js
                                 ▇ [5ms] - #50 Require(40) node_modules/egg-onerror/app.js
                                 ▇ [5ms] - #51 Require(41) node_modules/egg-i18n/app.js
                                 ▇ [3ms] - #52 Require(42) node_modules/egg-watcher/app.js
                                 ▇ [0ms] - #53 Require(43) node_modules/egg-schedule/app.js
                                  ▇ [0ms] - #54 Require(44) node_modules/egg-multipart/app.js
                                  ▇ [1ms] - #55 Require(45) node_modules/egg-development/app.js
                                  ▇ [0ms] - #56 Require(46) node_modules/egg-logrotator/app.js
                                  ▇ [0ms] - #57 Require(47) node_modules/egg-static/app.js
                                  ▇ [0ms] - #58 Require(48) /Users/huangwei/Desktop/zero-element-boot/node_modules/egg-jwt/app.js
                                  ▇ [1ms] - #59 Require(49) node_modules/egg-redis/app.js
                                  ▇▇▇▇▇▇▇▇ [154ms] - #60 Before Start in node_modules/egg-watcher/lib/init.js:15:14
                                      ▇▇▇▇▇▇▇▇▇▇ [185ms] - #61 Before Start in node_modules/egg-redis/lib/redis.js:58:7
                                      ▇ [5ms] - #62 Load Service
                                      ▇ [4ms] - #63 Load "service" to Context
                                      ▇▇▇ [54ms] - #64 Load Middleware
                                      ▇▇ [48ms] - #65 Load "middlewares" to Application
                                          ▇ [7ms] - #66 Load Controller
                                          ▇ [7ms] - #67 Load "controller" to Application
                                          ▇ [2ms] - #68 Load Router
                                          ▇ [0ms] - #69 Require(50) app/router.js
                                          ▇ [9ms] - #70 Before Start in node_modules/egg-core/lib/egg.js:306:10
2024-12-16 09:50:29,078 INFO 37138 [egg:core] dump config after ready, 7ms
2024-12-16 09:50:29,648 INFO 37143 [egg:logger] init all loggers with options: {"dir":"/Users/huangwei/Desktop/zero-element-boot/auto/logs/mynode","encoding":"utf8","env":"local","level":"INFO","consoleLevel":"INFO","disableConsoleAfterReady":false,"outputJSON":false,"buffer":true,"appLogName":"mynode-web.log","coreLogName":"egg-web.log","agentLogName":"egg-agent.log","errorLogName":"common-error.log","coreLogger":{"consoleLevel":"WARN"},"allowDebugAtProd":false,"enablePerformanceTimer":false,"enableFastContextLogger":false,"type":"application","localStorage":{"enabled":false}}
2024-12-16 09:50:29,649 INFO 37143 [egg-multipart] stream mode enable
2024-12-16 09:50:29,704 INFO 37143 [egg-redis] server connecting redis://:***@202.63.172.43:6379/0
2024-12-16 09:50:29,755 INFO 37143 [egg-static] starting static serve /public/ -> /Users/huangwei/Desktop/zero-element-boot/auto/app/public
2024-12-16 09:50:29,757 INFO 37143 [egg-security] use methodnoallow middleware
2024-12-16 09:50:29,757 INFO 37143 [egg-security] use noopen middleware
2024-12-16 09:50:29,757 INFO 37143 [egg-security] use nosniff middleware
2024-12-16 09:50:29,758 INFO 37143 [egg-security] use xssProtection middleware
2024-12-16 09:50:29,758 INFO 37143 [egg-security] use xframe middleware
2024-12-16 09:50:29,758 INFO 37143 [egg-security] use dta middleware
2024-12-16 09:50:29,758 INFO 37143 [egg-security] compose 6 middlewares into one security middleware
2024-12-16 09:50:29,774 INFO 37143 [egg:core] dump config after load, 4ms
2024-12-16 09:50:29,786 INFO 37143 [egg-watcher:application] watcher start success
2024-12-16 09:50:29,829 INFO 37143 [egg-redis] client connect success
2024-12-16 09:50:29,882 INFO 37143 [egg-redis] instance[0] status OK, client ready
2024-12-16 09:50:29,893 INFO 37143 egg start timeline:
▇▇▇▇▇▇▇▇▇▇▇▇▇▇▇▇▇▇▇▇▇▇▇▇▇▇▇ [436ms] - #0 Process Start
                           ▇▇▇▇▇▇▇▇▇▇▇▇▇▇▇▇▇▇▇▇▇ [343ms] - #1 Application Start
                            ▇ [8ms] - #2 Load Plugin
                            ▇ [11ms] - #3 Load Config
                            ▇ [0ms] - #4 Require(0) config/config.default.js
                            ▇ [0ms] - #5 Require(1) node_modules/egg-session/config/config.default.js
                            ▇ [0ms] - #6 Require(2) node_modules/egg-security/config/config.default.js
                            ▇ [0ms] - #7 Require(3) node_modules/egg-jsonp/config/config.default.js
                            ▇ [0ms] - #8 Require(4) node_modules/egg-onerror/config/config.default.js
                            ▇ [0ms] - #9 Require(5) node_modules/egg-i18n/config/config.default.js
                            ▇ [0ms] - #10 Require(6) node_modules/egg-watcher/config/config.default.js
                            ▇ [0ms] - #11 Require(7) node_modules/egg-schedule/config/config.default.js
                             ▇ [0ms] - #12 Require(8) node_modules/egg-multipart/config/config.default.js
                             ▇ [0ms] - #13 Require(9) node_modules/egg-development/config/config.default.js
                             ▇ [0ms] - #14 Require(10) node_modules/egg-logrotator/config/config.default.js
                             ▇ [0ms] - #15 Require(11) node_modules/egg-static/config/config.default.js
                             ▇ [0ms] - #16 Require(12) node_modules/egg-view/config/config.default.js
                             ▇ [0ms] - #17 Require(13) /Users/huangwei/Desktop/zero-element-boot/node_modules/egg-jwt/config/config.default.js
                             ▇ [0ms] - #18 Require(14) node_modules/egg-redis/config/config.default.js
                             ▇ [1ms] - #19 Require(15) node_modules/egg/config/config.default.js
                             ▇ [0ms] - #20 Require(16) config/config.default.js
                             ▇ [0ms] - #21 Require(17) node_modules/egg-security/config/config.local.js
                             ▇ [1ms] - #22 Require(18) node_modules/egg-watcher/config/config.local.js
                             ▇ [0ms] - #23 Require(19) node_modules/egg-view/config/config.local.js
                             ▇ [1ms] - #24 Require(20) node_modules/egg/config/config.local.js
                             ▇ [27ms] - #25 Load extend/application.js
                             ▇ [0ms] - #26 Require(21) node_modules/egg-session/app/extend/application.js
                             ▇ [0ms] - #27 Require(22) node_modules/egg-security/app/extend/application.js
                             ▇ [1ms] - #28 Require(23) node_modules/egg-jsonp/app/extend/application.js
                             ▇ [1ms] - #29 Require(24) node_modules/egg-schedule/app/extend/application.js
                             ▇ [0ms] - #30 Require(25) node_modules/egg-logrotator/app/extend/application.js
                             ▇ [1ms] - #31 Require(26) node_modules/egg-view/app/extend/application.js
                             ▇ [20ms] - #32 Require(27) /Users/huangwei/Desktop/zero-element-boot/node_modules/egg-jwt/app/extend/application.js
                               ▇ [3ms] - #33 Load extend/request.js
                               ▇ [1ms] - #34 Require(28) node_modules/egg/app/extend/request.js
                               ▇ [2ms] - #35 Load extend/response.js
                               ▇ [0ms] - #36 Require(29) node_modules/egg/app/extend/response.js
                               ▇ [19ms] - #37 Load extend/context.js
                               ▇ [4ms] - #38 Require(30) node_modules/egg-security/app/extend/context.js
                               ▇ [1ms] - #39 Require(31) node_modules/egg-jsonp/app/extend/context.js
                               ▇ [1ms] - #40 Require(32) node_modules/egg-i18n/app/extend/context.js
                               ▇ [10ms] - #41 Require(33) node_modules/egg-multipart/app/extend/context.js
                                ▇ [1ms] - #42 Require(34) node_modules/egg-view/app/extend/context.js
                                ▇ [1ms] - #43 Require(35) node_modules/egg/app/extend/context.js
                                ▇ [8ms] - #44 Load extend/helper.js
                                ▇ [7ms] - #45 Require(36) node_modules/egg-security/app/extend/helper.js
                                 ▇ [1ms] - #46 Require(37) node_modules/egg/app/extend/helper.js
                                 ▇ [14ms] - #47 Load app.js
                                 ▇ [0ms] - #48 Require(38) node_modules/egg-session/app.js
                                 ▇ [1ms] - #49 Require(39) node_modules/egg-security/app.js
                                 ▇ [4ms] - #50 Require(40) node_modules/egg-onerror/app.js
                                 ▇ [4ms] - #51 Require(41) node_modules/egg-i18n/app.js
                                 ▇ [2ms] - #52 Require(42) node_modules/egg-watcher/app.js
                                  ▇ [0ms] - #53 Require(43) node_modules/egg-schedule/app.js
                                  ▇ [1ms] - #54 Require(44) node_modules/egg-multipart/app.js
                                  ▇ [0ms] - #55 Require(45) node_modules/egg-development/app.js
                                  ▇ [0ms] - #56 Require(46) node_modules/egg-logrotator/app.js
                                  ▇ [0ms] - #57 Require(47) node_modules/egg-static/app.js
                                  ▇ [1ms] - #58 Require(48) /Users/huangwei/Desktop/zero-element-boot/node_modules/egg-jwt/app.js
                                  ▇ [0ms] - #59 Require(49) node_modules/egg-redis/app.js
                                  ▇▇▇▇▇▇▇▇ [133ms] - #60 Before Start in node_modules/egg-watcher/lib/init.js:15:14
                                      ▇▇▇▇▇▇▇▇▇▇▇ [177ms] - #61 Before Start in node_modules/egg-redis/lib/redis.js:58:7
                                      ▇ [4ms] - #62 Load Service
                                      ▇ [4ms] - #63 Load "service" to Context
                                      ▇▇▇ [49ms] - #64 Load Middleware
                                      ▇▇ [44ms] - #65 Load "middlewares" to Application
                                         ▇ [8ms] - #66 Load Controller
                                         ▇ [8ms] - #67 Load "controller" to Application
                                          ▇ [2ms] - #68 Load Router
                                          ▇ [0ms] - #69 Require(50) app/router.js
                                          ▇ [10ms] - #70 Before Start in node_modules/egg-core/lib/egg.js:306:10
2024-12-16 09:50:29,893 INFO 37143 [egg:core] dump config after ready, 7ms
2024-12-16 09:50:38,718 INFO 37155 [egg:logger] init all loggers with options: {"dir":"/Users/huangwei/Desktop/zero-element-boot/auto/logs/mynode","encoding":"utf8","env":"local","level":"INFO","consoleLevel":"INFO","disableConsoleAfterReady":false,"outputJSON":false,"buffer":true,"appLogName":"mynode-web.log","coreLogName":"egg-web.log","agentLogName":"egg-agent.log","errorLogName":"common-error.log","coreLogger":{"consoleLevel":"WARN"},"allowDebugAtProd":false,"enablePerformanceTimer":false,"enableFastContextLogger":false,"type":"application","localStorage":{"enabled":false}}
2024-12-16 09:50:38,718 INFO 37155 [egg-multipart] stream mode enable
2024-12-16 09:50:38,781 INFO 37155 [egg-redis] server connecting redis://:***@202.63.172.43:6379/0
2024-12-16 09:50:38,850 INFO 37155 [egg-static] starting static serve /public/ -> /Users/huangwei/Desktop/zero-element-boot/auto/app/public
2024-12-16 09:50:38,852 INFO 37155 [egg-security] use methodnoallow middleware
2024-12-16 09:50:38,853 INFO 37155 [egg-security] use noopen middleware
2024-12-16 09:50:38,853 INFO 37155 [egg-security] use nosniff middleware
2024-12-16 09:50:38,854 INFO 37155 [egg-security] use xssProtection middleware
2024-12-16 09:50:38,854 INFO 37155 [egg-security] use xframe middleware
2024-12-16 09:50:38,855 INFO 37155 [egg-security] use dta middleware
2024-12-16 09:50:38,855 INFO 37155 [egg-security] compose 6 middlewares into one security middleware
2024-12-16 09:50:38,877 INFO 37155 [egg:core] dump config after load, 7ms
2024-12-16 09:50:38,893 INFO 37155 [egg-watcher:application] watcher start success
2024-12-16 09:50:38,929 INFO 37155 [egg-redis] client connect success
2024-12-16 09:50:38,978 INFO 37155 [egg-redis] instance[0] status OK, client ready
2024-12-16 09:50:38,986 INFO 37155 egg start timeline:
▇▇▇▇▇▇▇▇▇▇▇▇▇▇▇▇▇▇▇▇▇▇▇▇▇▇ [449ms] - #0 Process Start
                          ▇▇▇▇▇▇▇▇▇▇▇▇▇▇▇▇▇▇▇▇▇▇ [386ms] - #1 Application Start
                           ▇ [10ms] - #2 Load Plugin
                            ▇ [15ms] - #3 Load Config
                            ▇ [0ms] - #4 Require(0) config/config.default.js
                            ▇ [1ms] - #5 Require(1) node_modules/egg-session/config/config.default.js
                            ▇ [0ms] - #6 Require(2) node_modules/egg-security/config/config.default.js
                            ▇ [0ms] - #7 Require(3) node_modules/egg-jsonp/config/config.default.js
                            ▇ [1ms] - #8 Require(4) node_modules/egg-onerror/config/config.default.js
                            ▇ [0ms] - #9 Require(5) node_modules/egg-i18n/config/config.default.js
                            ▇ [0ms] - #10 Require(6) node_modules/egg-watcher/config/config.default.js
                            ▇ [0ms] - #11 Require(7) node_modules/egg-schedule/config/config.default.js
                            ▇ [0ms] - #12 Require(8) node_modules/egg-multipart/config/config.default.js
                            ▇ [0ms] - #13 Require(9) node_modules/egg-development/config/config.default.js
                            ▇ [0ms] - #14 Require(10) node_modules/egg-logrotator/config/config.default.js
                            ▇ [0ms] - #15 Require(11) node_modules/egg-static/config/config.default.js
                            ▇ [0ms] - #16 Require(12) node_modules/egg-view/config/config.default.js
                            ▇ [0ms] - #17 Require(13) /Users/huangwei/Desktop/zero-element-boot/node_modules/egg-jwt/config/config.default.js
                            ▇ [0ms] - #18 Require(14) node_modules/egg-redis/config/config.default.js
                            ▇ [0ms] - #19 Require(15) node_modules/egg/config/config.default.js
                            ▇ [0ms] - #20 Require(16) config/config.default.js
                            ▇ [0ms] - #21 Require(17) node_modules/egg-security/config/config.local.js
                            ▇ [1ms] - #22 Require(18) node_modules/egg-watcher/config/config.local.js
                            ▇ [0ms] - #23 Require(19) node_modules/egg-view/config/config.local.js
                            ▇ [0ms] - #24 Require(20) node_modules/egg/config/config.local.js
                             ▇ [29ms] - #25 Load extend/application.js
                             ▇ [1ms] - #26 Require(21) node_modules/egg-session/app/extend/application.js
                             ▇ [0ms] - #27 Require(22) node_modules/egg-security/app/extend/application.js
                             ▇ [2ms] - #28 Require(23) node_modules/egg-jsonp/app/extend/application.js
                             ▇ [1ms] - #29 Require(24) node_modules/egg-schedule/app/extend/application.js
                             ▇ [1ms] - #30 Require(25) node_modules/egg-logrotator/app/extend/application.js
                             ▇ [1ms] - #31 Require(26) node_modules/egg-view/app/extend/application.js
                             ▇ [21ms] - #32 Require(27) /Users/huangwei/Desktop/zero-element-boot/node_modules/egg-jwt/app/extend/application.js
                              ▇ [3ms] - #33 Load extend/request.js
                              ▇ [1ms] - #34 Require(28) node_modules/egg/app/extend/request.js
                              ▇ [3ms] - #35 Load extend/response.js
                              ▇ [1ms] - #36 Require(29) node_modules/egg/app/extend/response.js
                               ▇ [20ms] - #37 Load extend/context.js
                               ▇ [5ms] - #38 Require(30) node_modules/egg-security/app/extend/context.js
                               ▇ [2ms] - #39 Require(31) node_modules/egg-jsonp/app/extend/context.js
                               ▇ [1ms] - #40 Require(32) node_modules/egg-i18n/app/extend/context.js
                               ▇ [8ms] - #41 Require(33) node_modules/egg-multipart/app/extend/context.js
                                ▇ [0ms] - #42 Require(34) node_modules/egg-view/app/extend/context.js
                                ▇ [1ms] - #43 Require(35) node_modules/egg/app/extend/context.js
                                ▇ [11ms] - #44 Load extend/helper.js
                                ▇ [8ms] - #45 Require(36) node_modules/egg-security/app/extend/helper.js
                                ▇ [0ms] - #46 Require(37) node_modules/egg/app/extend/helper.js
                                ▇ [17ms] - #47 Load app.js
                                ▇ [0ms] - #48 Require(38) node_modules/egg-session/app.js
                                ▇ [1ms] - #49 Require(39) node_modules/egg-security/app.js
                                 ▇ [4ms] - #50 Require(40) node_modules/egg-onerror/app.js
                                 ▇ [4ms] - #51 Require(41) node_modules/egg-i18n/app.js
                                 ▇ [3ms] - #52 Require(42) node_modules/egg-watcher/app.js
                                 ▇ [0ms] - #53 Require(43) node_modules/egg-schedule/app.js
                                 ▇ [1ms] - #54 Require(44) node_modules/egg-multipart/app.js
                                 ▇ [1ms] - #55 Require(45) node_modules/egg-development/app.js
                                 ▇ [0ms] - #56 Require(46) node_modules/egg-logrotator/app.js
                                 ▇ [1ms] - #57 Require(47) node_modules/egg-static/app.js
                                 ▇ [0ms] - #58 Require(48) /Users/huangwei/Desktop/zero-element-boot/node_modules/egg-jwt/app.js
                                 ▇ [1ms] - #59 Require(49) node_modules/egg-redis/app.js
                                  ▇▇▇▇▇▇▇▇▇▇ [172ms] - #60 Before Start in node_modules/egg-watcher/lib/init.js:15:14
                                      ▇▇▇▇▇▇▇▇▇▇▇ [195ms] - #61 Before Start in node_modules/egg-redis/lib/redis.js:58:7
                                      ▇ [5ms] - #62 Load Service
                                      ▇ [5ms] - #63 Load "service" to Context
                                      ▇▇▇▇ [68ms] - #64 Load Middleware
                                      ▇▇▇ [60ms] - #65 Load "middlewares" to Application
                                          ▇ [11ms] - #66 Load Controller
                                          ▇ [11ms] - #67 Load "controller" to Application
                                          ▇ [3ms] - #68 Load Router
                                          ▇ [1ms] - #69 Require(50) app/router.js
                                           ▇ [13ms] - #70 Before Start in node_modules/egg-core/lib/egg.js:306:10
2024-12-16 09:50:38,986 INFO 37155 [egg:core] dump config after ready, 5ms
2024-12-16 09:50:59,839 INFO 37182 [egg:logger] init all loggers with options: {"dir":"/Users/huangwei/Desktop/zero-element-boot/auto/logs/mynode","encoding":"utf8","env":"local","level":"INFO","consoleLevel":"INFO","disableConsoleAfterReady":false,"outputJSON":false,"buffer":true,"appLogName":"mynode-web.log","coreLogName":"egg-web.log","agentLogName":"egg-agent.log","errorLogName":"common-error.log","coreLogger":{"consoleLevel":"WARN"},"allowDebugAtProd":false,"enablePerformanceTimer":false,"enableFastContextLogger":false,"type":"application","localStorage":{"enabled":false}}
2024-12-16 09:50:59,839 INFO 37182 [egg-multipart] stream mode enable
2024-12-16 09:50:59,904 INFO 37182 [egg-redis] server connecting redis://:***@202.63.172.43:6379/0
2024-12-16 09:50:59,967 INFO 37182 [egg-static] starting static serve /public/ -> /Users/huangwei/Desktop/zero-element-boot/auto/app/public
2024-12-16 09:50:59,969 INFO 37182 [egg-security] use methodnoallow middleware
2024-12-16 09:50:59,970 INFO 37182 [egg-security] use noopen middleware
2024-12-16 09:50:59,971 INFO 37182 [egg-security] use nosniff middleware
2024-12-16 09:50:59,971 INFO 37182 [egg-security] use xssProtection middleware
2024-12-16 09:50:59,972 INFO 37182 [egg-security] use xframe middleware
2024-12-16 09:50:59,972 INFO 37182 [egg-security] use dta middleware
2024-12-16 09:50:59,972 INFO 37182 [egg-security] compose 6 middlewares into one security middleware
2024-12-16 09:50:59,993 INFO 37182 [egg:core] dump config after load, 7ms
2024-12-16 09:51:00,011 INFO 37182 [egg-watcher:application] watcher start success
2024-12-16 09:51:00,051 INFO 37182 [egg-redis] client connect success
2024-12-16 09:51:00,099 INFO 37182 [egg-redis] instance[0] status OK, client ready
2024-12-16 09:51:00,105 INFO 37182 egg start timeline:
▇▇▇▇▇▇▇▇▇▇▇▇▇▇▇▇▇▇▇▇▇▇▇▇▇▇▇ [483ms] - #0 Process Start
                           ▇▇▇▇▇▇▇▇▇▇▇▇▇▇▇▇▇▇▇▇▇▇ [384ms] - #1 Application Start
                            ▇ [8ms] - #2 Load Plugin
                            ▇ [11ms] - #3 Load Config
                            ▇ [0ms] - #4 Require(0) config/config.default.js
                            ▇ [0ms] - #5 Require(1) node_modules/egg-session/config/config.default.js
                            ▇ [0ms] - #6 Require(2) node_modules/egg-security/config/config.default.js
                            ▇ [1ms] - #7 Require(3) node_modules/egg-jsonp/config/config.default.js
                             ▇ [0ms] - #8 Require(4) node_modules/egg-onerror/config/config.default.js
                             ▇ [0ms] - #9 Require(5) node_modules/egg-i18n/config/config.default.js
                             ▇ [0ms] - #10 Require(6) node_modules/egg-watcher/config/config.default.js
                             ▇ [0ms] - #11 Require(7) node_modules/egg-schedule/config/config.default.js
                             ▇ [0ms] - #12 Require(8) node_modules/egg-multipart/config/config.default.js
                             ▇ [0ms] - #13 Require(9) node_modules/egg-development/config/config.default.js
                             ▇ [0ms] - #14 Require(10) node_modules/egg-logrotator/config/config.default.js
                             ▇ [0ms] - #15 Require(11) node_modules/egg-static/config/config.default.js
                             ▇ [1ms] - #16 Require(12) node_modules/egg-view/config/config.default.js
                             ▇ [0ms] - #17 Require(13) /Users/huangwei/Desktop/zero-element-boot/node_modules/egg-jwt/config/config.default.js
                             ▇ [0ms] - #18 Require(14) node_modules/egg-redis/config/config.default.js
                             ▇ [1ms] - #19 Require(15) node_modules/egg/config/config.default.js
                             ▇ [0ms] - #20 Require(16) config/config.default.js
                             ▇ [0ms] - #21 Require(17) node_modules/egg-security/config/config.local.js
                             ▇ [1ms] - #22 Require(18) node_modules/egg-watcher/config/config.local.js
                             ▇ [0ms] - #23 Require(19) node_modules/egg-view/config/config.local.js
                             ▇ [0ms] - #24 Require(20) node_modules/egg/config/config.local.js
                             ▇ [29ms] - #25 Load extend/application.js
                             ▇ [0ms] - #26 Require(21) node_modules/egg-session/app/extend/application.js
                             ▇ [0ms] - #27 Require(22) node_modules/egg-security/app/extend/application.js
                             ▇ [1ms] - #28 Require(23) node_modules/egg-jsonp/app/extend/application.js
                             ▇ [1ms] - #29 Require(24) node_modules/egg-schedule/app/extend/application.js
                             ▇ [1ms] - #30 Require(25) node_modules/egg-logrotator/app/extend/application.js
                             ▇ [1ms] - #31 Require(26) node_modules/egg-view/app/extend/application.js
                             ▇ [22ms] - #32 Require(27) /Users/huangwei/Desktop/zero-element-boot/node_modules/egg-jwt/app/extend/application.js
                               ▇ [3ms] - #33 Load extend/request.js
                               ▇ [1ms] - #34 Require(28) node_modules/egg/app/extend/request.js
                               ▇ [3ms] - #35 Load extend/response.js
                               ▇ [0ms] - #36 Require(29) node_modules/egg/app/extend/response.js
                               ▇ [23ms] - #37 Load extend/context.js
                               ▇ [6ms] - #38 Require(30) node_modules/egg-security/app/extend/context.js
                               ▇ [1ms] - #39 Require(31) node_modules/egg-jsonp/app/extend/context.js
                               ▇ [0ms] - #40 Require(32) node_modules/egg-i18n/app/extend/context.js
                                ▇ [10ms] - #41 Require(33) node_modules/egg-multipart/app/extend/context.js
                                ▇ [0ms] - #42 Require(34) node_modules/egg-view/app/extend/context.js
                                ▇ [1ms] - #43 Require(35) node_modules/egg/app/extend/context.js
                                ▇ [11ms] - #44 Load extend/helper.js
                                ▇ [7ms] - #45 Require(36) node_modules/egg-security/app/extend/helper.js
                                 ▇ [1ms] - #46 Require(37) node_modules/egg/app/extend/helper.js
                                 ▇ [18ms] - #47 Load app.js
                                 ▇ [0ms] - #48 Require(38) node_modules/egg-session/app.js
                                 ▇ [1ms] - #49 Require(39) node_modules/egg-security/app.js
                                 ▇ [4ms] - #50 Require(40) node_modules/egg-onerror/app.js
                                 ▇ [6ms] - #51 Require(41) node_modules/egg-i18n/app.js
                                  ▇ [3ms] - #52 Require(42) node_modules/egg-watcher/app.js
                                  ▇ [0ms] - #53 Require(43) node_modules/egg-schedule/app.js
                                  ▇ [1ms] - #54 Require(44) node_modules/egg-multipart/app.js
                                  ▇ [0ms] - #55 Require(45) node_modules/egg-development/app.js
                                  ▇ [0ms] - #56 Require(46) node_modules/egg-logrotator/app.js
                                  ▇ [0ms] - #57 Require(47) node_modules/egg-static/app.js
                                  ▇ [0ms] - #58 Require(48) /Users/huangwei/Desktop/zero-element-boot/node_modules/egg-jwt/app.js
                                  ▇ [1ms] - #59 Require(49) node_modules/egg-redis/app.js
                                   ▇▇▇▇▇▇▇▇▇ [168ms] - #60 Before Start in node_modules/egg-watcher/lib/init.js:15:14
                                      ▇▇▇▇▇▇▇▇▇▇▇ [193ms] - #61 Before Start in node_modules/egg-redis/lib/redis.js:58:7
                                      ▇ [4ms] - #62 Load Service
                                      ▇ [4ms] - #63 Load "service" to Context
                                      ▇▇▇ [62ms] - #64 Load Middleware
                                      ▇▇▇ [55ms] - #65 Load "middlewares" to Application
                                          ▇ [10ms] - #66 Load Controller
                                          ▇ [10ms] - #67 Load "controller" to Application
                                           ▇ [3ms] - #68 Load Router
                                           ▇ [0ms] - #69 Require(50) app/router.js
                                           ▇ [12ms] - #70 Before Start in node_modules/egg-core/lib/egg.js:306:10
2024-12-16 09:51:00,105 INFO 37182 [egg:core] dump config after ready, 4ms
2024-12-16 09:51:18,942 INFO 37206 [egg:logger] init all loggers with options: {"dir":"/Users/huangwei/Desktop/zero-element-boot/auto/logs/mynode","encoding":"utf8","env":"local","level":"INFO","consoleLevel":"INFO","disableConsoleAfterReady":false,"outputJSON":false,"buffer":true,"appLogName":"mynode-web.log","coreLogName":"egg-web.log","agentLogName":"egg-agent.log","errorLogName":"common-error.log","coreLogger":{"consoleLevel":"WARN"},"allowDebugAtProd":false,"enablePerformanceTimer":false,"enableFastContextLogger":false,"type":"application","localStorage":{"enabled":false}}
2024-12-16 09:51:18,942 INFO 37206 [egg-multipart] stream mode enable
2024-12-16 09:51:19,013 INFO 37206 [egg-redis] server connecting redis://:***@202.63.172.43:6379/0
2024-12-16 09:51:19,076 INFO 37206 [egg-static] starting static serve /public/ -> /Users/huangwei/Desktop/zero-element-boot/auto/app/public
2024-12-16 09:51:19,078 INFO 37206 [egg-security] use methodnoallow middleware
2024-12-16 09:51:19,078 INFO 37206 [egg-security] use noopen middleware
2024-12-16 09:51:19,079 INFO 37206 [egg-security] use nosniff middleware
2024-12-16 09:51:19,079 INFO 37206 [egg-security] use xssProtection middleware
2024-12-16 09:51:19,080 INFO 37206 [egg-security] use xframe middleware
2024-12-16 09:51:19,080 INFO 37206 [egg-security] use dta middleware
2024-12-16 09:51:19,080 INFO 37206 [egg-security] compose 6 middlewares into one security middleware
2024-12-16 09:51:19,098 INFO 37206 [egg:core] dump config after load, 6ms
2024-12-16 09:51:19,111 INFO 37206 [egg-watcher:application] watcher start success
2024-12-16 09:51:19,156 INFO 37206 [egg-redis] client connect success
2024-12-16 09:51:19,207 INFO 37206 [egg-redis] instance[0] status OK, client ready
2024-12-16 09:51:19,217 INFO 37206 egg start timeline:
▇▇▇▇▇▇▇▇▇▇▇▇▇▇▇▇▇▇▇▇▇▇▇▇▇ [400ms] - #0 Process Start
                         ▇▇▇▇▇▇▇▇▇▇▇▇▇▇▇▇▇▇▇▇▇▇▇▇ [386ms] - #1 Application Start
                         ▇ [9ms] - #2 Load Plugin
                          ▇ [12ms] - #3 Load Config
                          ▇ [0ms] - #4 Require(0) config/config.default.js
                          ▇ [0ms] - #5 Require(1) node_modules/egg-session/config/config.default.js
                          ▇ [0ms] - #6 Require(2) node_modules/egg-security/config/config.default.js
                          ▇ [1ms] - #7 Require(3) node_modules/egg-jsonp/config/config.default.js
                          ▇ [0ms] - #8 Require(4) node_modules/egg-onerror/config/config.default.js
                          ▇ [0ms] - #9 Require(5) node_modules/egg-i18n/config/config.default.js
                          ▇ [0ms] - #10 Require(6) node_modules/egg-watcher/config/config.default.js
                          ▇ [0ms] - #11 Require(7) node_modules/egg-schedule/config/config.default.js
                          ▇ [0ms] - #12 Require(8) node_modules/egg-multipart/config/config.default.js
                          ▇ [0ms] - #13 Require(9) node_modules/egg-development/config/config.default.js
                          ▇ [0ms] - #14 Require(10) node_modules/egg-logrotator/config/config.default.js
                          ▇ [0ms] - #15 Require(11) node_modules/egg-static/config/config.default.js
                          ▇ [0ms] - #16 Require(12) node_modules/egg-view/config/config.default.js
                          ▇ [1ms] - #17 Require(13) /Users/huangwei/Desktop/zero-element-boot/node_modules/egg-jwt/config/config.default.js
                          ▇ [0ms] - #18 Require(14) node_modules/egg-redis/config/config.default.js
                          ▇ [1ms] - #19 Require(15) node_modules/egg/config/config.default.js
                          ▇ [0ms] - #20 Require(16) config/config.default.js
                          ▇ [1ms] - #21 Require(17) node_modules/egg-security/config/config.local.js
                          ▇ [0ms] - #22 Require(18) node_modules/egg-watcher/config/config.local.js
                           ▇ [0ms] - #23 Require(19) node_modules/egg-view/config/config.local.js
                           ▇ [1ms] - #24 Require(20) node_modules/egg/config/config.local.js
                           ▇ [30ms] - #25 Load extend/application.js
                           ▇ [0ms] - #26 Require(21) node_modules/egg-session/app/extend/application.js
                           ▇ [1ms] - #27 Require(22) node_modules/egg-security/app/extend/application.js
                           ▇ [2ms] - #28 Require(23) node_modules/egg-jsonp/app/extend/application.js
                           ▇ [2ms] - #29 Require(24) node_modules/egg-schedule/app/extend/application.js
                           ▇ [1ms] - #30 Require(25) node_modules/egg-logrotator/app/extend/application.js
                           ▇ [1ms] - #31 Require(26) node_modules/egg-view/app/extend/application.js
                           ▇ [22ms] - #32 Require(27) /Users/huangwei/Desktop/zero-element-boot/node_modules/egg-jwt/app/extend/application.js
                             ▇ [2ms] - #33 Load extend/request.js
                             ▇ [0ms] - #34 Require(28) node_modules/egg/app/extend/request.js
                             ▇ [4ms] - #35 Load extend/response.js
                             ▇ [1ms] - #36 Require(29) node_modules/egg/app/extend/response.js
                             ▇ [21ms] - #37 Load extend/context.js
                             ▇ [6ms] - #38 Require(30) node_modules/egg-security/app/extend/context.js
                             ▇ [1ms] - #39 Require(31) node_modules/egg-jsonp/app/extend/context.js
                             ▇ [0ms] - #40 Require(32) node_modules/egg-i18n/app/extend/context.js
                             ▇ [9ms] - #41 Require(33) node_modules/egg-multipart/app/extend/context.js
                              ▇ [1ms] - #42 Require(34) node_modules/egg-view/app/extend/context.js
                              ▇ [0ms] - #43 Require(35) node_modules/egg/app/extend/context.js
                              ▇ [11ms] - #44 Load extend/helper.js
                              ▇ [8ms] - #45 Require(36) node_modules/egg-security/app/extend/helper.js
                               ▇ [0ms] - #46 Require(37) node_modules/egg/app/extend/helper.js
                               ▇ [16ms] - #47 Load app.js
                               ▇ [0ms] - #48 Require(38) node_modules/egg-session/app.js
                               ▇ [1ms] - #49 Require(39) node_modules/egg-security/app.js
                               ▇ [3ms] - #50 Require(40) node_modules/egg-onerror/app.js
                               ▇ [5ms] - #51 Require(41) node_modules/egg-i18n/app.js
                                ▇ [2ms] - #52 Require(42) node_modules/egg-watcher/app.js
                                ▇ [1ms] - #53 Require(43) node_modules/egg-schedule/app.js
                                ▇ [0ms] - #54 Require(44) node_modules/egg-multipart/app.js
                                ▇ [1ms] - #55 Require(45) node_modules/egg-development/app.js
                                ▇ [0ms] - #56 Require(46) node_modules/egg-logrotator/app.js
                                ▇ [0ms] - #57 Require(47) node_modules/egg-static/app.js
                                ▇ [0ms] - #58 Require(48) /Users/huangwei/Desktop/zero-element-boot/node_modules/egg-jwt/app.js
                                ▇ [1ms] - #59 Require(49) node_modules/egg-redis/app.js
                                 ▇▇▇▇▇▇▇▇▇▇ [163ms] - #60 Before Start in node_modules/egg-watcher/lib/init.js:15:14
                                     ▇▇▇▇▇▇▇▇▇▇▇▇ [192ms] - #61 Before Start in node_modules/egg-redis/lib/redis.js:58:7
                                     ▇ [6ms] - #62 Load Service
                                     ▇ [6ms] - #63 Load "service" to Context
                                     ▇▇▇ [60ms] - #64 Load Middleware
                                     ▇▇▇ [53ms] - #65 Load "middlewares" to Application
                                         ▇ [9ms] - #66 Load Controller
                                         ▇ [9ms] - #67 Load "controller" to Application
                                          ▇ [2ms] - #68 Load Router
                                          ▇ [0ms] - #69 Require(50) app/router.js
                                          ▇ [11ms] - #70 Before Start in node_modules/egg-core/lib/egg.js:306:10
2024-12-16 09:51:19,217 INFO 37206 [egg:core] dump config after ready, 6ms
2024-12-16 09:51:27,216 INFO 37224 [egg:logger] init all loggers with options: {"dir":"/Users/huangwei/Desktop/zero-element-boot/auto/logs/mynode","encoding":"utf8","env":"local","level":"INFO","consoleLevel":"INFO","disableConsoleAfterReady":false,"outputJSON":false,"buffer":true,"appLogName":"mynode-web.log","coreLogName":"egg-web.log","agentLogName":"egg-agent.log","errorLogName":"common-error.log","coreLogger":{"consoleLevel":"WARN"},"allowDebugAtProd":false,"enablePerformanceTimer":false,"enableFastContextLogger":false,"type":"application","localStorage":{"enabled":false}}
2024-12-16 09:51:27,216 INFO 37224 [egg-multipart] stream mode enable
2024-12-16 09:51:27,274 INFO 37224 [egg-redis] server connecting redis://:***@202.63.172.43:6379/0
2024-12-16 09:51:27,325 INFO 37224 [egg-static] starting static serve /public/ -> /Users/huangwei/Desktop/zero-element-boot/auto/app/public
2024-12-16 09:51:27,327 INFO 37224 [egg-security] use methodnoallow middleware
2024-12-16 09:51:27,327 INFO 37224 [egg-security] use noopen middleware
2024-12-16 09:51:27,328 INFO 37224 [egg-security] use nosniff middleware
2024-12-16 09:51:27,328 INFO 37224 [egg-security] use xssProtection middleware
2024-12-16 09:51:27,328 INFO 37224 [egg-security] use xframe middleware
2024-12-16 09:51:27,329 INFO 37224 [egg-security] use dta middleware
2024-12-16 09:51:27,329 INFO 37224 [egg-security] compose 6 middlewares into one security middleware
2024-12-16 09:51:27,343 INFO 37224 [egg:core] dump config after load, 4ms
2024-12-16 09:51:27,355 INFO 37224 [egg-watcher:application] watcher start success
2024-12-16 09:51:27,400 INFO 37224 [egg-redis] client connect success
2024-12-16 09:51:27,449 INFO 37224 [egg-redis] instance[0] status OK, client ready
2024-12-16 09:51:27,459 INFO 37224 egg start timeline:
▇▇▇▇▇▇▇▇▇▇▇▇▇▇▇▇▇▇▇▇▇▇▇▇▇▇ [398ms] - #0 Process Start
                          ▇▇▇▇▇▇▇▇▇▇▇▇▇▇▇▇▇▇▇▇▇▇ [338ms] - #1 Application Start
                           ▇ [7ms] - #2 Load Plugin
                           ▇ [11ms] - #3 Load Config
                           ▇ [0ms] - #4 Require(0) config/config.default.js
                           ▇ [0ms] - #5 Require(1) node_modules/egg-session/config/config.default.js
                           ▇ [0ms] - #6 Require(2) node_modules/egg-security/config/config.default.js
                            ▇ [0ms] - #7 Require(3) node_modules/egg-jsonp/config/config.default.js
                            ▇ [1ms] - #8 Require(4) node_modules/egg-onerror/config/config.default.js
                            ▇ [0ms] - #9 Require(5) node_modules/egg-i18n/config/config.default.js
                            ▇ [1ms] - #10 Require(6) node_modules/egg-watcher/config/config.default.js
                            ▇ [0ms] - #11 Require(7) node_modules/egg-schedule/config/config.default.js
                            ▇ [0ms] - #12 Require(8) node_modules/egg-multipart/config/config.default.js
                            ▇ [0ms] - #13 Require(9) node_modules/egg-development/config/config.default.js
                            ▇ [0ms] - #14 Require(10) node_modules/egg-logrotator/config/config.default.js
                            ▇ [1ms] - #15 Require(11) node_modules/egg-static/config/config.default.js
                            ▇ [0ms] - #16 Require(12) node_modules/egg-view/config/config.default.js
                            ▇ [0ms] - #17 Require(13) /Users/huangwei/Desktop/zero-element-boot/node_modules/egg-jwt/config/config.default.js
                            ▇ [0ms] - #18 Require(14) node_modules/egg-redis/config/config.default.js
                            ▇ [0ms] - #19 Require(15) node_modules/egg/config/config.default.js
                            ▇ [0ms] - #20 Require(16) config/config.default.js
                            ▇ [1ms] - #21 Require(17) node_modules/egg-security/config/config.local.js
                            ▇ [0ms] - #22 Require(18) node_modules/egg-watcher/config/config.local.js
                            ▇ [0ms] - #23 Require(19) node_modules/egg-view/config/config.local.js
                            ▇ [0ms] - #24 Require(20) node_modules/egg/config/config.local.js
                            ▇ [27ms] - #25 Load extend/application.js
                            ▇ [0ms] - #26 Require(21) node_modules/egg-session/app/extend/application.js
                            ▇ [0ms] - #27 Require(22) node_modules/egg-security/app/extend/application.js
                            ▇ [1ms] - #28 Require(23) node_modules/egg-jsonp/app/extend/application.js
                            ▇ [2ms] - #29 Require(24) node_modules/egg-schedule/app/extend/application.js
                            ▇ [1ms] - #30 Require(25) node_modules/egg-logrotator/app/extend/application.js
                             ▇ [0ms] - #31 Require(26) node_modules/egg-view/app/extend/application.js
                             ▇ [20ms] - #32 Require(27) /Users/huangwei/Desktop/zero-element-boot/node_modules/egg-jwt/app/extend/application.js
                              ▇ [2ms] - #33 Load extend/request.js
                              ▇ [0ms] - #34 Require(28) node_modules/egg/app/extend/request.js
                              ▇ [3ms] - #35 Load extend/response.js
                              ▇ [1ms] - #36 Require(29) node_modules/egg/app/extend/response.js
                              ▇ [17ms] - #37 Load extend/context.js
                              ▇ [5ms] - #38 Require(30) node_modules/egg-security/app/extend/context.js
                               ▇ [1ms] - #39 Require(31) node_modules/egg-jsonp/app/extend/context.js
                               ▇ [0ms] - #40 Require(32) node_modules/egg-i18n/app/extend/context.js
                               ▇ [9ms] - #41 Require(33) node_modules/egg-multipart/app/extend/context.js
                               ▇ [0ms] - #42 Require(34) node_modules/egg-view/app/extend/context.js
                               ▇ [0ms] - #43 Require(35) node_modules/egg/app/extend/context.js
                               ▇ [9ms] - #44 Load extend/helper.js
                               ▇ [7ms] - #45 Require(36) node_modules/egg-security/app/extend/helper.js
                                ▇ [0ms] - #46 Require(37) node_modules/egg/app/extend/helper.js
                                ▇ [15ms] - #47 Load app.js
                                ▇ [1ms] - #48 Require(38) node_modules/egg-session/app.js
                                ▇ [0ms] - #49 Require(39) node_modules/egg-security/app.js
                                ▇ [4ms] - #50 Require(40) node_modules/egg-onerror/app.js
                                ▇ [4ms] - #51 Require(41) node_modules/egg-i18n/app.js
                                 ▇ [3ms] - #52 Require(42) node_modules/egg-watcher/app.js
                                 ▇ [1ms] - #53 Require(43) node_modules/egg-schedule/app.js
                                 ▇ [0ms] - #54 Require(44) node_modules/egg-multipart/app.js
                                 ▇ [1ms] - #55 Require(45) node_modules/egg-development/app.js
                                 ▇ [0ms] - #56 Require(46) node_modules/egg-logrotator/app.js
                                 ▇ [0ms] - #57 Require(47) node_modules/egg-static/app.js
                                 ▇ [0ms] - #58 Require(48) /Users/huangwei/Desktop/zero-element-boot/node_modules/egg-jwt/app.js
                                 ▇ [1ms] - #59 Require(49) node_modules/egg-redis/app.js
                                 ▇▇▇▇▇▇▇▇▇ [136ms] - #60 Before Start in node_modules/egg-watcher/lib/init.js:15:14
                                     ▇▇▇▇▇▇▇▇▇▇▇ [174ms] - #61 Before Start in node_modules/egg-redis/lib/redis.js:58:7
                                     ▇ [3ms] - #62 Load Service
                                     ▇ [3ms] - #63 Load "service" to Context
                                     ▇▇▇ [50ms] - #64 Load Middleware
                                      ▇▇ [44ms] - #65 Load "middlewares" to Application
                                         ▇ [8ms] - #66 Load Controller
                                         ▇ [7ms] - #67 Load "controller" to Application
                                         ▇ [2ms] - #68 Load Router
                                         ▇ [0ms] - #69 Require(50) app/router.js
                                         ▇ [8ms] - #70 Before Start in node_modules/egg-core/lib/egg.js:306:10
2024-12-16 09:51:27,459 INFO 37224 [egg:core] dump config after ready, 6ms
2024-12-16 09:52:41,291 INFO 37282 [egg:logger] init all loggers with options: {"dir":"/Users/huangwei/Desktop/zero-element-boot/auto/logs/mynode","encoding":"utf8","env":"local","level":"INFO","consoleLevel":"INFO","disableConsoleAfterReady":false,"outputJSON":false,"buffer":true,"appLogName":"mynode-web.log","coreLogName":"egg-web.log","agentLogName":"egg-agent.log","errorLogName":"common-error.log","coreLogger":{"consoleLevel":"WARN"},"allowDebugAtProd":false,"enablePerformanceTimer":false,"enableFastContextLogger":false,"type":"application","localStorage":{"enabled":false}}
2024-12-16 09:52:41,291 INFO 37282 [egg-multipart] stream mode enable
2024-12-16 09:52:41,385 INFO 37282 [egg-redis] server connecting redis://:***@202.63.172.43:6379/0
2024-12-16 09:52:41,472 INFO 37282 [egg-static] starting static serve /public/ -> /Users/huangwei/Desktop/zero-element-boot/auto/app/public
2024-12-16 09:52:41,474 INFO 37282 [egg-security] use methodnoallow middleware
2024-12-16 09:52:41,474 INFO 37282 [egg-security] use noopen middleware
2024-12-16 09:52:41,474 INFO 37282 [egg-security] use nosniff middleware
2024-12-16 09:52:41,475 INFO 37282 [egg-security] use xssProtection middleware
2024-12-16 09:52:41,475 INFO 37282 [egg-security] use xframe middleware
2024-12-16 09:52:41,476 INFO 37282 [egg-security] use dta middleware
2024-12-16 09:52:41,476 INFO 37282 [egg-security] compose 6 middlewares into one security middleware
2024-12-16 09:52:41,506 INFO 37282 [egg:core] dump config after load, 5ms
2024-12-16 09:52:41,519 INFO 37282 [egg-watcher:application] watcher start success
2024-12-16 09:52:41,555 INFO 37282 [egg-redis] client connect success
2024-12-16 09:52:41,604 INFO 37282 [egg-redis] instance[0] status OK, client ready
2024-12-16 09:52:41,616 INFO 37282 egg start timeline:
▇▇▇▇▇▇▇▇▇▇▇▇▇▇▇▇▇▇▇▇▇▇▇▇▇▇▇▇▇▇ [906ms] - #0 Process Start
                              ▇▇▇▇▇▇▇▇▇▇▇▇▇▇▇▇▇▇▇ [586ms] - #1 Application Start
                               ▇ [38ms] - #2 Load Plugin
                                ▇ [28ms] - #3 Load Config
                                ▇ [0ms] - #4 Require(0) config/config.default.js
                                ▇ [0ms] - #5 Require(1) node_modules/egg-session/config/config.default.js
                                ▇ [0ms] - #6 Require(2) node_modules/egg-security/config/config.default.js
                                 ▇ [0ms] - #7 Require(3) node_modules/egg-jsonp/config/config.default.js
                                 ▇ [0ms] - #8 Require(4) node_modules/egg-onerror/config/config.default.js
                                 ▇ [1ms] - #9 Require(5) node_modules/egg-i18n/config/config.default.js
                                 ▇ [1ms] - #10 Require(6) node_modules/egg-watcher/config/config.default.js
                                 ▇ [3ms] - #11 Require(7) node_modules/egg-schedule/config/config.default.js
                                 ▇ [0ms] - #12 Require(8) node_modules/egg-multipart/config/config.default.js
                                 ▇ [0ms] - #13 Require(9) node_modules/egg-development/config/config.default.js
                                 ▇ [1ms] - #14 Require(10) node_modules/egg-logrotator/config/config.default.js
                                 ▇ [1ms] - #15 Require(11) node_modules/egg-static/config/config.default.js
                                 ▇ [1ms] - #16 Require(12) node_modules/egg-view/config/config.default.js
                                 ▇ [1ms] - #17 Require(13) /Users/huangwei/Desktop/zero-element-boot/node_modules/egg-jwt/config/config.default.js
                                 ▇ [1ms] - #18 Require(14) node_modules/egg-redis/config/config.default.js
                                 ▇ [1ms] - #19 Require(15) node_modules/egg/config/config.default.js
                                 ▇ [0ms] - #20 Require(16) config/config.default.js
                                 ▇ [0ms] - #21 Require(17) node_modules/egg-security/config/config.local.js
                                 ▇ [1ms] - #22 Require(18) node_modules/egg-watcher/config/config.local.js
                                 ▇ [1ms] - #23 Require(19) node_modules/egg-view/config/config.local.js
                                 ▇ [1ms] - #24 Require(20) node_modules/egg/config/config.local.js
                                 ▇ [54ms] - #25 Load extend/application.js
                                 ▇ [0ms] - #26 Require(21) node_modules/egg-session/app/extend/application.js
                                 ▇ [1ms] - #27 Require(22) node_modules/egg-security/app/extend/application.js
                                 ▇ [2ms] - #28 Require(23) node_modules/egg-jsonp/app/extend/application.js
                                 ▇ [4ms] - #29 Require(24) node_modules/egg-schedule/app/extend/application.js
                                  ▇ [1ms] - #30 Require(25) node_modules/egg-logrotator/app/extend/application.js
                                  ▇ [2ms] - #31 Require(26) node_modules/egg-view/app/extend/application.js
                                  ▇ [40ms] - #32 Require(27) /Users/huangwei/Desktop/zero-element-boot/node_modules/egg-jwt/app/extend/application.js
                                   ▇ [3ms] - #33 Load extend/request.js
                                   ▇ [1ms] - #34 Require(28) node_modules/egg/app/extend/request.js
                                   ▇ [4ms] - #35 Load extend/response.js
                                   ▇ [2ms] - #36 Require(29) node_modules/egg/app/extend/response.js
                                   ▇ [44ms] - #37 Load extend/context.js
                                   ▇ [16ms] - #38 Require(30) node_modules/egg-security/app/extend/context.js
                                    ▇ [5ms] - #39 Require(31) node_modules/egg-jsonp/app/extend/context.js
                                    ▇ [0ms] - #40 Require(32) node_modules/egg-i18n/app/extend/context.js
                                    ▇ [18ms] - #41 Require(33) node_modules/egg-multipart/app/extend/context.js
                                     ▇ [2ms] - #42 Require(34) node_modules/egg-view/app/extend/context.js
                                     ▇ [1ms] - #43 Require(35) node_modules/egg/app/extend/context.js
                                     ▇ [19ms] - #44 Load extend/helper.js
                                     ▇ [16ms] - #45 Require(36) node_modules/egg-security/app/extend/helper.js
                                     ▇ [1ms] - #46 Require(37) node_modules/egg/app/extend/helper.js
                                     ▇ [36ms] - #47 Load app.js
                                     ▇ [0ms] - #48 Require(38) node_modules/egg-session/app.js
                                     ▇ [2ms] - #49 Require(39) node_modules/egg-security/app.js
                                      ▇ [9ms] - #50 Require(40) node_modules/egg-onerror/app.js
                                      ▇ [9ms] - #51 Require(41) node_modules/egg-i18n/app.js
                                      ▇ [7ms] - #52 Require(42) node_modules/egg-watcher/app.js
                                      ▇ [0ms] - #53 Require(43) node_modules/egg-schedule/app.js
                                      ▇ [2ms] - #54 Require(44) node_modules/egg-multipart/app.js
                                      ▇ [0ms] - #55 Require(45) node_modules/egg-development/app.js
                                      ▇ [1ms] - #56 Require(46) node_modules/egg-logrotator/app.js
                                       ▇ [0ms] - #57 Require(47) node_modules/egg-static/app.js
                                       ▇ [0ms] - #58 Require(48) /Users/huangwei/Desktop/zero-element-boot/node_modules/egg-jwt/app.js
                                       ▇ [3ms] - #59 Require(49) node_modules/egg-redis/app.js
                                       ▇▇▇▇▇▇▇ [223ms] - #60 Before Start in node_modules/egg-watcher/lib/init.js:15:14
                                          ▇▇▇▇▇▇▇ [217ms] - #61 Before Start in node_modules/egg-redis/lib/redis.js:58:7
                                          ▇ [6ms] - #62 Load Service
                                          ▇ [6ms] - #63 Load "service" to Context
                                          ▇▇ [83ms] - #64 Load Middleware
                                          ▇▇ [76ms] - #65 Load "middlewares" to Application
                                             ▇ [23ms] - #66 Load Controller
                                             ▇ [23ms] - #67 Load "controller" to Application
                                              ▇ [2ms] - #68 Load Router
                                              ▇ [0ms] - #69 Require(50) app/router.js
                                              ▇ [10ms] - #70 Before Start in node_modules/egg-core/lib/egg.js:306:10
2024-12-16 09:52:41,616 INFO 37282 [egg:core] dump config after ready, 7ms
2024-12-16 09:52:50,755 INFO 37305 [egg:logger] init all loggers with options: {"dir":"/Users/huangwei/Desktop/zero-element-boot/auto/logs/mynode","encoding":"utf8","env":"local","level":"INFO","consoleLevel":"INFO","disableConsoleAfterReady":false,"outputJSON":false,"buffer":true,"appLogName":"mynode-web.log","coreLogName":"egg-web.log","agentLogName":"egg-agent.log","errorLogName":"common-error.log","coreLogger":{"consoleLevel":"WARN"},"allowDebugAtProd":false,"enablePerformanceTimer":false,"enableFastContextLogger":false,"type":"application","localStorage":{"enabled":false}}
2024-12-16 09:52:50,755 INFO 37305 [egg-multipart] stream mode enable
2024-12-16 09:52:50,807 INFO 37305 [egg-redis] server connecting redis://:***@202.63.172.43:6379/0
2024-12-16 09:52:50,854 INFO 37305 [egg-static] starting static serve /public/ -> /Users/huangwei/Desktop/zero-element-boot/auto/app/public
2024-12-16 09:52:50,855 INFO 37305 [egg-security] use methodnoallow middleware
2024-12-16 09:52:50,855 INFO 37305 [egg-security] use noopen middleware
2024-12-16 09:52:50,856 INFO 37305 [egg-security] use nosniff middleware
2024-12-16 09:52:50,856 INFO 37305 [egg-security] use xssProtection middleware
2024-12-16 09:52:50,856 INFO 37305 [egg-security] use xframe middleware
2024-12-16 09:52:50,857 INFO 37305 [egg-security] use dta middleware
2024-12-16 09:52:50,857 INFO 37305 [egg-security] compose 6 middlewares into one security middleware
2024-12-16 09:52:50,870 INFO 37305 [egg:core] dump config after load, 5ms
2024-12-16 09:52:50,880 INFO 37305 [egg-watcher:application] watcher start success
2024-12-16 09:52:50,928 INFO 37305 [egg-redis] client connect success
2024-12-16 09:52:50,978 INFO 37305 [egg-redis] instance[0] status OK, client ready
2024-12-16 09:52:50,988 INFO 37305 egg start timeline:
▇▇▇▇▇▇▇▇▇▇▇▇▇▇▇▇▇▇▇▇▇▇▇▇▇▇ [398ms] - #0 Process Start
                          ▇▇▇▇▇▇▇▇▇▇▇▇▇▇▇▇▇▇▇▇▇▇ [335ms] - #1 Application Start
                           ▇ [8ms] - #2 Load Plugin
                           ▇ [15ms] - #3 Load Config
                           ▇ [1ms] - #4 Require(0) config/config.default.js
                            ▇ [0ms] - #5 Require(1) node_modules/egg-session/config/config.default.js
                            ▇ [0ms] - #6 Require(2) node_modules/egg-security/config/config.default.js
                            ▇ [0ms] - #7 Require(3) node_modules/egg-jsonp/config/config.default.js
                            ▇ [1ms] - #8 Require(4) node_modules/egg-onerror/config/config.default.js
                            ▇ [0ms] - #9 Require(5) node_modules/egg-i18n/config/config.default.js
                            ▇ [1ms] - #10 Require(6) node_modules/egg-watcher/config/config.default.js
                            ▇ [0ms] - #11 Require(7) node_modules/egg-schedule/config/config.default.js
                            ▇ [0ms] - #12 Require(8) node_modules/egg-multipart/config/config.default.js
                            ▇ [1ms] - #13 Require(9) node_modules/egg-development/config/config.default.js
                            ▇ [0ms] - #14 Require(10) node_modules/egg-logrotator/config/config.default.js
                            ▇ [0ms] - #15 Require(11) node_modules/egg-static/config/config.default.js
                            ▇ [0ms] - #16 Require(12) node_modules/egg-view/config/config.default.js
                            ▇ [0ms] - #17 Require(13) /Users/huangwei/Desktop/zero-element-boot/node_modules/egg-jwt/config/config.default.js
                            ▇ [0ms] - #18 Require(14) node_modules/egg-redis/config/config.default.js
                            ▇ [0ms] - #19 Require(15) node_modules/egg/config/config.default.js
                            ▇ [0ms] - #20 Require(16) config/config.default.js
                            ▇ [0ms] - #21 Require(17) node_modules/egg-security/config/config.local.js
                            ▇ [0ms] - #22 Require(18) node_modules/egg-watcher/config/config.local.js
                             ▇ [0ms] - #23 Require(19) node_modules/egg-view/config/config.local.js
                             ▇ [0ms] - #24 Require(20) node_modules/egg/config/config.local.js
                             ▇ [29ms] - #25 Load extend/application.js
                             ▇ [0ms] - #26 Require(21) node_modules/egg-session/app/extend/application.js
                             ▇ [1ms] - #27 Require(22) node_modules/egg-security/app/extend/application.js
                             ▇ [1ms] - #28 Require(23) node_modules/egg-jsonp/app/extend/application.js
                             ▇ [2ms] - #29 Require(24) node_modules/egg-schedule/app/extend/application.js
                             ▇ [1ms] - #30 Require(25) node_modules/egg-logrotator/app/extend/application.js
                             ▇ [0ms] - #31 Require(26) node_modules/egg-view/app/extend/application.js
                             ▇ [20ms] - #32 Require(27) /Users/huangwei/Desktop/zero-element-boot/node_modules/egg-jwt/app/extend/application.js
                               ▇ [3ms] - #33 Load extend/request.js
                               ▇ [1ms] - #34 Require(28) node_modules/egg/app/extend/request.js
                               ▇ [2ms] - #35 Load extend/response.js
                               ▇ [1ms] - #36 Require(29) node_modules/egg/app/extend/response.js
                               ▇ [18ms] - #37 Load extend/context.js
                               ▇ [4ms] - #38 Require(30) node_modules/egg-security/app/extend/context.js
                               ▇ [1ms] - #39 Require(31) node_modules/egg-jsonp/app/extend/context.js
                               ▇ [0ms] - #40 Require(32) node_modules/egg-i18n/app/extend/context.js
                               ▇ [8ms] - #41 Require(33) node_modules/egg-multipart/app/extend/context.js
                                ▇ [0ms] - #42 Require(34) node_modules/egg-view/app/extend/context.js
                                ▇ [1ms] - #43 Require(35) node_modules/egg/app/extend/context.js
                                ▇ [9ms] - #44 Load extend/helper.js
                                ▇ [7ms] - #45 Require(36) node_modules/egg-security/app/extend/helper.js
                                 ▇ [0ms] - #46 Require(37) node_modules/egg/app/extend/helper.js
                                 ▇ [14ms] - #47 Load app.js
                                 ▇ [0ms] - #48 Require(38) node_modules/egg-session/app.js
                                 ▇ [1ms] - #49 Require(39) node_modules/egg-security/app.js
                                 ▇ [3ms] - #50 Require(40) node_modules/egg-onerror/app.js
                                 ▇ [3ms] - #51 Require(41) node_modules/egg-i18n/app.js
                                 ▇ [3ms] - #52 Require(42) node_modules/egg-watcher/app.js
                                 ▇ [1ms] - #53 Require(43) node_modules/egg-schedule/app.js
                                 ▇ [0ms] - #54 Require(44) node_modules/egg-multipart/app.js
                                 ▇ [1ms] - #55 Require(45) node_modules/egg-development/app.js
                                  ▇ [0ms] - #56 Require(46) node_modules/egg-logrotator/app.js
                                  ▇ [0ms] - #57 Require(47) node_modules/egg-static/app.js
                                  ▇ [1ms] - #58 Require(48) /Users/huangwei/Desktop/zero-element-boot/node_modules/egg-jwt/app.js
                                  ▇ [0ms] - #59 Require(49) node_modules/egg-redis/app.js
                                  ▇▇▇▇▇▇▇▇ [121ms] - #60 Before Start in node_modules/egg-watcher/lib/init.js:15:14
                                     ▇▇▇▇▇▇▇▇▇▇▇ [169ms] - #61 Before Start in node_modules/egg-redis/lib/redis.js:58:7
                                     ▇ [3ms] - #62 Load Service
                                     ▇ [3ms] - #63 Load "service" to Context
                                      ▇▇▇ [46ms] - #64 Load Middleware
                                      ▇▇ [39ms] - #65 Load "middlewares" to Application
                                         ▇ [6ms] - #66 Load Controller
                                         ▇ [6ms] - #67 Load "controller" to Application
                                         ▇ [1ms] - #68 Load Router
                                         ▇ [0ms] - #69 Require(50) app/router.js
                                         ▇ [8ms] - #70 Before Start in node_modules/egg-core/lib/egg.js:306:10
2024-12-16 09:52:50,989 INFO 37305 [egg:core] dump config after ready, 7ms
2024-12-16 09:53:09,106 INFO 37327 [egg:logger] init all loggers with options: {"dir":"/Users/huangwei/Desktop/zero-element-boot/auto/logs/mynode","encoding":"utf8","env":"local","level":"INFO","consoleLevel":"INFO","disableConsoleAfterReady":false,"outputJSON":false,"buffer":true,"appLogName":"mynode-web.log","coreLogName":"egg-web.log","agentLogName":"egg-agent.log","errorLogName":"common-error.log","coreLogger":{"consoleLevel":"WARN"},"allowDebugAtProd":false,"enablePerformanceTimer":false,"enableFastContextLogger":false,"type":"application","localStorage":{"enabled":false}}
2024-12-16 09:53:09,106 INFO 37327 [egg-multipart] stream mode enable
2024-12-16 09:53:09,192 INFO 37327 [egg-redis] server connecting redis://:***@202.63.172.43:6379/0
2024-12-16 09:53:09,293 INFO 37327 [egg-static] starting static serve /public/ -> /Users/huangwei/Desktop/zero-element-boot/auto/app/public
2024-12-16 09:53:09,295 INFO 37327 [egg-security] use methodnoallow middleware
2024-12-16 09:53:09,296 INFO 37327 [egg-security] use noopen middleware
2024-12-16 09:53:09,297 INFO 37327 [egg-security] use nosniff middleware
2024-12-16 09:53:09,297 INFO 37327 [egg-security] use xssProtection middleware
2024-12-16 09:53:09,298 INFO 37327 [egg-security] use xframe middleware
2024-12-16 09:53:09,299 INFO 37327 [egg-security] use dta middleware
2024-12-16 09:53:09,299 INFO 37327 [egg-security] compose 6 middlewares into one security middleware
2024-12-16 09:53:09,328 INFO 37327 [egg:core] dump config after load, 8ms
2024-12-16 09:53:09,342 INFO 37327 [egg-watcher:application] watcher start success
2024-12-16 09:53:09,382 INFO 37327 [egg-redis] client connect success
2024-12-16 09:53:09,434 INFO 37327 [egg-redis] instance[0] status OK, client ready
2024-12-16 09:53:09,444 INFO 37327 egg start timeline:
▇▇▇▇▇▇▇▇▇▇▇▇▇▇▇▇▇▇▇▇▇▇▇▇▇▇▇ [700ms] - #0 Process Start
                           ▇▇▇▇▇▇▇▇▇▇▇▇▇▇▇▇▇▇▇▇▇ [557ms] - #1 Application Start
                            ▇ [22ms] - #2 Load Plugin
                             ▇ [32ms] - #3 Load Config
                             ▇ [1ms] - #4 Require(0) config/config.default.js
                             ▇ [1ms] - #5 Require(1) node_modules/egg-session/config/config.default.js
                             ▇ [2ms] - #6 Require(2) node_modules/egg-security/config/config.default.js
                             ▇ [1ms] - #7 Require(3) node_modules/egg-jsonp/config/config.default.js
                             ▇ [1ms] - #8 Require(4) node_modules/egg-onerror/config/config.default.js
                             ▇ [1ms] - #9 Require(5) node_modules/egg-i18n/config/config.default.js
                             ▇ [1ms] - #10 Require(6) node_modules/egg-watcher/config/config.default.js
                             ▇ [1ms] - #11 Require(7) node_modules/egg-schedule/config/config.default.js
                             ▇ [1ms] - #12 Require(8) node_modules/egg-multipart/config/config.default.js
                             ▇ [0ms] - #13 Require(9) node_modules/egg-development/config/config.default.js
                              ▇ [0ms] - #14 Require(10) node_modules/egg-logrotator/config/config.default.js
                              ▇ [1ms] - #15 Require(11) node_modules/egg-static/config/config.default.js
                              ▇ [1ms] - #16 Require(12) node_modules/egg-view/config/config.default.js
                              ▇ [0ms] - #17 Require(13) /Users/huangwei/Desktop/zero-element-boot/node_modules/egg-jwt/config/config.default.js
                              ▇ [1ms] - #18 Require(14) node_modules/egg-redis/config/config.default.js
                              ▇ [1ms] - #19 Require(15) node_modules/egg/config/config.default.js
                              ▇ [0ms] - #20 Require(16) config/config.default.js
                              ▇ [1ms] - #21 Require(17) node_modules/egg-security/config/config.local.js
                              ▇ [1ms] - #22 Require(18) node_modules/egg-watcher/config/config.local.js
                              ▇ [1ms] - #23 Require(19) node_modules/egg-view/config/config.local.js
                              ▇ [0ms] - #24 Require(20) node_modules/egg/config/config.local.js
                              ▇▇ [65ms] - #25 Load extend/application.js
                              ▇ [1ms] - #26 Require(21) node_modules/egg-session/app/extend/application.js
                              ▇ [2ms] - #27 Require(22) node_modules/egg-security/app/extend/application.js
                              ▇ [3ms] - #28 Require(23) node_modules/egg-jsonp/app/extend/application.js
                               ▇ [4ms] - #29 Require(24) node_modules/egg-schedule/app/extend/application.js
                               ▇ [2ms] - #30 Require(25) node_modules/egg-logrotator/app/extend/application.js
                               ▇ [2ms] - #31 Require(26) node_modules/egg-view/app/extend/application.js
                               ▇ [45ms] - #32 Require(27) /Users/huangwei/Desktop/zero-element-boot/node_modules/egg-jwt/app/extend/application.js
                                 ▇ [3ms] - #33 Load extend/request.js
                                 ▇ [1ms] - #34 Require(28) node_modules/egg/app/extend/request.js
                                 ▇ [5ms] - #35 Load extend/response.js
                                 ▇ [2ms] - #36 Require(29) node_modules/egg/app/extend/response.js
                                 ▇ [36ms] - #37 Load extend/context.js
                                 ▇ [13ms] - #38 Require(30) node_modules/egg-security/app/extend/context.js
                                  ▇ [2ms] - #39 Require(31) node_modules/egg-jsonp/app/extend/context.js
                                  ▇ [1ms] - #40 Require(32) node_modules/egg-i18n/app/extend/context.js
                                  ▇ [15ms] - #41 Require(33) node_modules/egg-multipart/app/extend/context.js
                                  ▇ [2ms] - #42 Require(34) node_modules/egg-view/app/extend/context.js
                                  ▇ [2ms] - #43 Require(35) node_modules/egg/app/extend/context.js
                                   ▇ [13ms] - #44 Load extend/helper.js
                                   ▇ [10ms] - #45 Require(36) node_modules/egg-security/app/extend/helper.js
                                   ▇ [0ms] - #46 Require(37) node_modules/egg/app/extend/helper.js
                                   ▇ [27ms] - #47 Load app.js
                                   ▇ [1ms] - #48 Require(38) node_modules/egg-session/app.js
                                   ▇ [1ms] - #49 Require(39) node_modules/egg-security/app.js
                                   ▇ [6ms] - #50 Require(40) node_modules/egg-onerror/app.js
                                   ▇ [6ms] - #51 Require(41) node_modules/egg-i18n/app.js
                                    ▇ [6ms] - #52 Require(42) node_modules/egg-watcher/app.js
                                    ▇ [1ms] - #53 Require(43) node_modules/egg-schedule/app.js
                                    ▇ [2ms] - #54 Require(44) node_modules/egg-multipart/app.js
                                    ▇ [0ms] - #55 Require(45) node_modules/egg-development/app.js
                                    ▇ [1ms] - #56 Require(46) node_modules/egg-logrotator/app.js
                                    ▇ [0ms] - #57 Require(47) node_modules/egg-static/app.js
                                    ▇ [1ms] - #58 Require(48) /Users/huangwei/Desktop/zero-element-boot/node_modules/egg-jwt/app.js
                                    ▇ [1ms] - #59 Require(49) node_modules/egg-redis/app.js
                                    ▇▇▇▇▇▇▇▇▇ [232ms] - #60 Before Start in node_modules/egg-watcher/lib/init.js:15:14
                                        ▇▇▇▇▇▇▇▇▇ [241ms] - #61 Before Start in node_modules/egg-redis/lib/redis.js:58:7
                                        ▇ [3ms] - #62 Load Service
                                        ▇ [3ms] - #63 Load "service" to Context
                                        ▇▇▇▇ [103ms] - #64 Load Middleware
                                        ▇▇▇ [93ms] - #65 Load "middlewares" to Application
                                            ▇ [17ms] - #66 Load Controller
                                            ▇ [17ms] - #67 Load "controller" to Application
                                            ▇ [3ms] - #68 Load Router
                                            ▇ [0ms] - #69 Require(50) app/router.js
                                            ▇ [15ms] - #70 Before Start in node_modules/egg-core/lib/egg.js:306:10
2024-12-16 09:53:09,445 INFO 37327 [egg:core] dump config after ready, 8ms
2024-12-16 11:35:32,048 ERROR 37327 [egg-redis] client error: Error: read ECONNRESET
    at TCP.onStreamRead (node:internal/stream_base_commons:217:20)
    at TCP.callbackTrampoline (node:internal/async_hooks:130:17) {
  errno: -54,
  code: 'ECONNRESET',
  syscall: 'read'
}
2024-12-16 11:35:32,054 ERROR 37327 nodejs.ECONNRESETError: read ECONNRESET
    at TCP.onStreamRead (node:internal/stream_base_commons:217:20)
    at TCP.callbackTrampoline (node:internal/async_hooks:130:17)
errno: -54
code: "ECONNRESET"
syscall: "read"
pid: 37327
hostname: huangweideMacBook-Pro.local

2024-12-16 11:35:32,174 INFO 37327 [egg-redis] client connect success
2024-12-16 11:39:29,887 ERROR 37327 [egg-redis] client error: Error: read ECONNRESET
    at TCP.onStreamRead (node:internal/stream_base_commons:217:20)
    at TCP.callbackTrampoline (node:internal/async_hooks:130:17) {
  errno: -54,
  code: 'ECONNRESET',
  syscall: 'read'
}
2024-12-16 11:39:29,890 ERROR 37327 nodejs.ECONNRESETError: read ECONNRESET
    at TCP.onStreamRead (node:internal/stream_base_commons:217:20)
    at TCP.callbackTrampoline (node:internal/async_hooks:130:17)
errno: -54
code: "ECONNRESET"
syscall: "read"
pid: 37327
hostname: huangweideMacBook-Pro.local

2024-12-16 11:39:30,052 INFO 37327 [egg-redis] client connect success
2024-12-16 14:07:25,468 WARN 37327 [TCPBase] socket is closed by other side while there were still unhandled data in the socket buffer
2024-12-16 14:07:25,495 WARN 37327 [ClusterClient:Watcher] follower closed, and try to init it again
2024-12-16 14:36:33,179 INFO 44362 [egg:logger] init all loggers with options: {"dir":"/Users/huangwei/Desktop/zero-element-boot/auto/logs/mynode","encoding":"utf8","env":"local","level":"INFO","consoleLevel":"INFO","disableConsoleAfterReady":false,"outputJSON":false,"buffer":true,"appLogName":"mynode-web.log","coreLogName":"egg-web.log","agentLogName":"egg-agent.log","errorLogName":"common-error.log","coreLogger":{"consoleLevel":"WARN"},"allowDebugAtProd":false,"enablePerformanceTimer":false,"enableFastContextLogger":false,"type":"application","localStorage":{"enabled":false}}
2024-12-16 14:36:33,180 INFO 44362 [egg-multipart] stream mode enable
2024-12-16 14:36:33,251 INFO 44362 [egg-redis] server connecting redis://:***@202.63.172.43:6379/0
2024-12-16 14:36:33,376 INFO 44362 [egg-static] starting static serve /public/ -> /Users/huangwei/Desktop/zero-element-boot/auto/app/public
2024-12-16 14:36:33,378 INFO 44362 [egg-security] use methodnoallow middleware
2024-12-16 14:36:33,379 INFO 44362 [egg-security] use noopen middleware
2024-12-16 14:36:33,379 INFO 44362 [egg-security] use nosniff middleware
2024-12-16 14:36:33,380 INFO 44362 [egg-security] use xssProtection middleware
2024-12-16 14:36:33,381 INFO 44362 [egg-security] use xframe middleware
2024-12-16 14:36:33,381 INFO 44362 [egg-security] use dta middleware
2024-12-16 14:36:33,381 INFO 44362 [egg-security] compose 6 middlewares into one security middleware
2024-12-16 14:36:33,410 INFO 44362 [egg:core] dump config after load, 5ms
2024-12-16 14:36:33,422 INFO 44362 [egg-watcher:application] watcher start success
2024-12-16 14:36:33,464 INFO 44362 [egg-redis] client connect success
2024-12-16 14:36:33,517 INFO 44362 [egg-redis] instance[0] status OK, client ready
2024-12-16 14:36:33,530 INFO 44362 egg start timeline:
▇▇▇▇▇▇▇▇▇▇▇▇▇▇▇▇▇▇▇▇▇ [386ms] - #0 Process Start
                     ▇▇▇▇▇▇▇▇▇▇▇▇▇▇▇▇▇▇▇▇▇▇▇▇▇▇▇▇ [513ms] - #1 Application Start
                     ▇ [8ms] - #2 Load Plugin
                      ▇ [11ms] - #3 Load Config
                      ▇ [1ms] - #4 Require(0) config/config.default.js
                      ▇ [0ms] - #5 Require(1) node_modules/egg-session/config/config.default.js
                      ▇ [0ms] - #6 Require(2) node_modules/egg-security/config/config.default.js
                      ▇ [0ms] - #7 Require(3) node_modules/egg-jsonp/config/config.default.js
                      ▇ [0ms] - #8 Require(4) node_modules/egg-onerror/config/config.default.js
                      ▇ [1ms] - #9 Require(5) node_modules/egg-i18n/config/config.default.js
                      ▇ [0ms] - #10 Require(6) node_modules/egg-watcher/config/config.default.js
                      ▇ [0ms] - #11 Require(7) node_modules/egg-schedule/config/config.default.js
                      ▇ [0ms] - #12 Require(8) node_modules/egg-multipart/config/config.default.js
                      ▇ [0ms] - #13 Require(9) node_modules/egg-development/config/config.default.js
                      ▇ [1ms] - #14 Require(10) node_modules/egg-logrotator/config/config.default.js
                      ▇ [0ms] - #15 Require(11) node_modules/egg-static/config/config.default.js
                      ▇ [0ms] - #16 Require(12) node_modules/egg-view/config/config.default.js
                      ▇ [0ms] - #17 Require(13) /Users/huangwei/Desktop/zero-element-boot/node_modules/egg-jwt/config/config.default.js
                      ▇ [0ms] - #18 Require(14) node_modules/egg-redis/config/config.default.js
                      ▇ [1ms] - #19 Require(15) node_modules/egg/config/config.default.js
                      ▇ [0ms] - #20 Require(16) config/config.default.js
                      ▇ [0ms] - #21 Require(17) node_modules/egg-security/config/config.local.js
                      ▇ [0ms] - #22 Require(18) node_modules/egg-watcher/config/config.local.js
                      ▇ [0ms] - #23 Require(19) node_modules/egg-view/config/config.local.js
                      ▇ [0ms] - #24 Require(20) node_modules/egg/config/config.local.js
                      ▇▇▇ [61ms] - #25 Load extend/application.js
                      ▇ [1ms] - #26 Require(21) node_modules/egg-session/app/extend/application.js
                      ▇ [1ms] - #27 Require(22) node_modules/egg-security/app/extend/application.js
                      ▇ [3ms] - #28 Require(23) node_modules/egg-jsonp/app/extend/application.js
                       ▇ [2ms] - #29 Require(24) node_modules/egg-schedule/app/extend/application.js
                       ▇ [1ms] - #30 Require(25) node_modules/egg-logrotator/app/extend/application.js
                       ▇ [2ms] - #31 Require(26) node_modules/egg-view/app/extend/application.js
                       ▇▇ [49ms] - #32 Require(27) /Users/huangwei/Desktop/zero-element-boot/node_modules/egg-jwt/app/extend/application.js
                          ▇ [5ms] - #33 Load extend/request.js
                          ▇ [1ms] - #34 Require(28) node_modules/egg/app/extend/request.js
                          ▇ [5ms] - #35 Load extend/response.js
                          ▇ [3ms] - #36 Require(29) node_modules/egg/app/extend/response.js
                          ▇ [21ms] - #37 Load extend/context.js
                          ▇ [6ms] - #38 Require(30) node_modules/egg-security/app/extend/context.js
                           ▇ [1ms] - #39 Require(31) node_modules/egg-jsonp/app/extend/context.js
                           ▇ [1ms] - #40 Require(32) node_modules/egg-i18n/app/extend/context.js
                           ▇ [8ms] - #41 Require(33) node_modules/egg-multipart/app/extend/context.js
                           ▇ [1ms] - #42 Require(34) node_modules/egg-view/app/extend/context.js
                           ▇ [1ms] - #43 Require(35) node_modules/egg/app/extend/context.js
                           ▇ [20ms] - #44 Load extend/helper.js
                           ▇ [17ms] - #45 Require(36) node_modules/egg-security/app/extend/helper.js
                            ▇ [0ms] - #46 Require(37) node_modules/egg/app/extend/helper.js
                            ▇ [31ms] - #47 Load app.js
                            ▇ [1ms] - #48 Require(38) node_modules/egg-session/app.js
                            ▇ [1ms] - #49 Require(39) node_modules/egg-security/app.js
                             ▇ [10ms] - #50 Require(40) node_modules/egg-onerror/app.js
                             ▇ [9ms] - #51 Require(41) node_modules/egg-i18n/app.js
                              ▇ [4ms] - #52 Require(42) node_modules/egg-watcher/app.js
                              ▇ [0ms] - #53 Require(43) node_modules/egg-schedule/app.js
                              ▇ [1ms] - #54 Require(44) node_modules/egg-multipart/app.js
                              ▇ [1ms] - #55 Require(45) node_modules/egg-development/app.js
                              ▇ [0ms] - #56 Require(46) node_modules/egg-logrotator/app.js
                              ▇ [1ms] - #57 Require(47) node_modules/egg-static/app.js
                              ▇ [0ms] - #58 Require(48) /Users/huangwei/Desktop/zero-element-boot/node_modules/egg-jwt/app.js
                              ▇ [1ms] - #59 Require(49) node_modules/egg-redis/app.js
                               ▇▇▇▇▇▇▇▇▇▇▇▇▇ [238ms] - #60 Before Start in node_modules/egg-watcher/lib/init.js:15:14
                                  ▇▇▇▇▇▇▇▇▇▇▇▇▇▇ [265ms] - #61 Before Start in node_modules/egg-redis/lib/redis.js:58:7
                                  ▇ [4ms] - #62 Load Service
                                  ▇ [4ms] - #63 Load "service" to Context
                                   ▇▇▇▇▇▇ [126ms] - #64 Load Middleware
                                   ▇▇▇▇▇▇ [119ms] - #65 Load "middlewares" to Application
                                         ▇ [20ms] - #66 Load Controller
                                         ▇ [20ms] - #67 Load "controller" to Application
                                           ▇ [2ms] - #68 Load Router
                                           ▇ [1ms] - #69 Require(50) app/router.js
                                           ▇ [10ms] - #70 Before Start in node_modules/egg-core/lib/egg.js:306:10
2024-12-16 14:36:33,530 INFO 44362 [egg:core] dump config after ready, 9ms
2024-12-16 14:39:32,689 INFO 44822 [egg:logger] init all loggers with options: {"dir":"/Users/huangwei/Desktop/zero-element-boot/auto/logs/mynode","encoding":"utf8","env":"local","level":"INFO","consoleLevel":"INFO","disableConsoleAfterReady":false,"outputJSON":false,"buffer":true,"appLogName":"mynode-web.log","coreLogName":"egg-web.log","agentLogName":"egg-agent.log","errorLogName":"common-error.log","coreLogger":{"consoleLevel":"WARN"},"allowDebugAtProd":false,"enablePerformanceTimer":false,"enableFastContextLogger":false,"type":"application","localStorage":{"enabled":false}}
2024-12-16 14:39:32,690 INFO 44822 [egg-multipart] stream mode enable
2024-12-16 14:39:32,750 INFO 44822 [egg-redis] server connecting redis://:***@202.63.172.43:6379/0
2024-12-16 14:39:32,858 INFO 44822 [egg-static] starting static serve /public/ -> /Users/huangwei/Desktop/zero-element-boot/auto/app/public
2024-12-16 14:39:32,863 INFO 44822 [egg-security] use methodnoallow middleware
2024-12-16 14:39:32,866 INFO 44822 [egg-security] use noopen middleware
2024-12-16 14:39:32,867 INFO 44822 [egg-security] use nosniff middleware
2024-12-16 14:39:32,868 INFO 44822 [egg-security] use xssProtection middleware
2024-12-16 14:39:32,869 INFO 44822 [egg-security] use xframe middleware
2024-12-16 14:39:32,870 INFO 44822 [egg-security] use dta middleware
2024-12-16 14:39:32,870 INFO 44822 [egg-security] compose 6 middlewares into one security middleware
2024-12-16 14:39:32,963 INFO 44822 [egg:core] dump config after load, 20ms
2024-12-16 14:39:32,989 INFO 44822 [egg-watcher:application] watcher start success
2024-12-16 14:39:33,019 INFO 44822 [egg-redis] client connect success
2024-12-16 14:39:33,069 INFO 44822 [egg-redis] instance[0] status OK, client ready
2024-12-16 14:39:33,077 INFO 44822 egg start timeline:
▇▇▇▇▇▇▇▇▇▇▇▇▇▇▇▇▇▇▇▇▇▇ [399ms] - #0 Process Start
                      ▇▇▇▇▇▇▇▇▇▇▇▇▇▇▇▇▇▇▇▇▇▇▇▇▇▇▇ [489ms] - #1 Application Start
                      ▇ [7ms] - #2 Load Plugin
                       ▇ [11ms] - #3 Load Config
                       ▇ [0ms] - #4 Require(0) config/config.default.js
                       ▇ [0ms] - #5 Require(1) node_modules/egg-session/config/config.default.js
                       ▇ [1ms] - #6 Require(2) node_modules/egg-security/config/config.default.js
                       ▇ [1ms] - #7 Require(3) node_modules/egg-jsonp/config/config.default.js
                       ▇ [0ms] - #8 Require(4) node_modules/egg-onerror/config/config.default.js
                       ▇ [0ms] - #9 Require(5) node_modules/egg-i18n/config/config.default.js
                       ▇ [0ms] - #10 Require(6) node_modules/egg-watcher/config/config.default.js
                       ▇ [0ms] - #11 Require(7) node_modules/egg-schedule/config/config.default.js
                       ▇ [1ms] - #12 Require(8) node_modules/egg-multipart/config/config.default.js
                       ▇ [0ms] - #13 Require(9) node_modules/egg-development/config/config.default.js
                       ▇ [1ms] - #14 Require(10) node_modules/egg-logrotator/config/config.default.js
                       ▇ [0ms] - #15 Require(11) node_modules/egg-static/config/config.default.js
                       ▇ [0ms] - #16 Require(12) node_modules/egg-view/config/config.default.js
                       ▇ [0ms] - #17 Require(13) /Users/huangwei/Desktop/zero-element-boot/node_modules/egg-jwt/config/config.default.js
                       ▇ [0ms] - #18 Require(14) node_modules/egg-redis/config/config.default.js
                       ▇ [1ms] - #19 Require(15) node_modules/egg/config/config.default.js
                       ▇ [0ms] - #20 Require(16) config/config.default.js
                       ▇ [0ms] - #21 Require(17) node_modules/egg-security/config/config.local.js
                       ▇ [0ms] - #22 Require(18) node_modules/egg-watcher/config/config.local.js
                       ▇ [0ms] - #23 Require(19) node_modules/egg-view/config/config.local.js
                       ▇ [0ms] - #24 Require(20) node_modules/egg/config/config.local.js
                       ▇ [27ms] - #25 Load extend/application.js
                       ▇ [0ms] - #26 Require(21) node_modules/egg-session/app/extend/application.js
                       ▇ [1ms] - #27 Require(22) node_modules/egg-security/app/extend/application.js
                       ▇ [1ms] - #28 Require(23) node_modules/egg-jsonp/app/extend/application.js
                        ▇ [1ms] - #29 Require(24) node_modules/egg-schedule/app/extend/application.js
                        ▇ [1ms] - #30 Require(25) node_modules/egg-logrotator/app/extend/application.js
                        ▇ [1ms] - #31 Require(26) node_modules/egg-view/app/extend/application.js
                        ▇ [20ms] - #32 Require(27) /Users/huangwei/Desktop/zero-element-boot/node_modules/egg-jwt/app/extend/application.js
                         ▇ [3ms] - #33 Load extend/request.js
                         ▇ [1ms] - #34 Require(28) node_modules/egg/app/extend/request.js
                         ▇ [2ms] - #35 Load extend/response.js
                         ▇ [0ms] - #36 Require(29) node_modules/egg/app/extend/response.js
                         ▇ [19ms] - #37 Load extend/context.js
                         ▇ [4ms] - #38 Require(30) node_modules/egg-security/app/extend/context.js
                         ▇ [1ms] - #39 Require(31) node_modules/egg-jsonp/app/extend/context.js
                          ▇ [0ms] - #40 Require(32) node_modules/egg-i18n/app/extend/context.js
                          ▇ [10ms] - #41 Require(33) node_modules/egg-multipart/app/extend/context.js
                          ▇ [1ms] - #42 Require(34) node_modules/egg-view/app/extend/context.js
                          ▇ [1ms] - #43 Require(35) node_modules/egg/app/extend/context.js
                          ▇ [9ms] - #44 Load extend/helper.js
                          ▇ [8ms] - #45 Require(36) node_modules/egg-security/app/extend/helper.js
                           ▇ [0ms] - #46 Require(37) node_modules/egg/app/extend/helper.js
                           ▇ [16ms] - #47 Load app.js
                           ▇ [1ms] - #48 Require(38) node_modules/egg-session/app.js
                           ▇ [0ms] - #49 Require(39) node_modules/egg-security/app.js
                           ▇ [5ms] - #50 Require(40) node_modules/egg-onerror/app.js
                           ▇ [4ms] - #51 Require(41) node_modules/egg-i18n/app.js
                           ▇ [3ms] - #52 Require(42) node_modules/egg-watcher/app.js
                           ▇ [1ms] - #53 Require(43) node_modules/egg-schedule/app.js
                            ▇ [0ms] - #54 Require(44) node_modules/egg-multipart/app.js
                            ▇ [1ms] - #55 Require(45) node_modules/egg-development/app.js
                            ▇ [0ms] - #56 Require(46) node_modules/egg-logrotator/app.js
                            ▇ [0ms] - #57 Require(47) node_modules/egg-static/app.js
                            ▇ [0ms] - #58 Require(48) /Users/huangwei/Desktop/zero-element-boot/node_modules/egg-jwt/app.js
                            ▇ [1ms] - #59 Require(49) node_modules/egg-redis/app.js
                            ▇▇▇▇▇▇▇▇▇▇▇▇▇▇▇▇ [296ms] - #60 Before Start in node_modules/egg-watcher/lib/init.js:15:14
                               ▇▇▇▇▇▇▇▇▇▇▇▇▇▇▇▇▇ [318ms] - #61 Before Start in node_modules/egg-redis/lib/redis.js:58:7
                               ▇ [3ms] - #62 Load Service
                               ▇ [3ms] - #63 Load "service" to Context
                                ▇▇▇▇▇▇ [115ms] - #64 Load Middleware
                                ▇▇▇▇▇ [96ms] - #65 Load "middlewares" to Application
                                      ▇▇▇ [60ms] - #66 Load Controller
                                      ▇▇▇ [58ms] - #67 Load "controller" to Application
                                         ▇ [4ms] - #68 Load Router
                                         ▇ [0ms] - #69 Require(50) app/router.js
                                         ▇▇ [37ms] - #70 Before Start in node_modules/egg-core/lib/egg.js:306:10
2024-12-16 14:39:33,077 INFO 44822 [egg:core] dump config after ready, 5ms
